pass,config,perturbation,level,seed,fold,balanced_accuracy,macro_f1,roc_auc,n_test
representation_level,A0,amplitude_noise,clean,42,0,0.49612403100775193,0.4935265156784145,0.6714440237966469,129
representation_level,A0,amplitude_noise,clean,42,1,0.4841269841269842,0.479605039155601,0.6678004535147393,126
representation_level,A0,amplitude_noise,clean,42,2,0.4603174603174603,0.45430494585894055,0.63718820861678,126
representation_level,A0,amplitude_noise,clean,42,3,0.4603174603174603,0.46171257167820734,0.6279289493575207,126
representation_level,A0,amplitude_noise,clean,42,4,0.5158730158730159,0.5133894866388965,0.6947278911564626,126
representation_level,A0,amplitude_noise,clean,43,0,0.44961240310077516,0.4512538599884624,0.6508923742563547,129
representation_level,A0,amplitude_noise,clean,43,1,0.5158730158730159,0.5151122275342354,0.6668556311413454,126
representation_level,A0,amplitude_noise,clean,43,2,0.5873015873015873,0.583911032618441,0.7283635676492818,126
representation_level,A0,amplitude_noise,clean,43,3,0.4444444444444445,0.4444027170192634,0.6327475434618292,126
representation_level,A0,amplitude_noise,clean,43,4,0.4682539682539682,0.4666977413438447,0.6574074074074074,126
representation_level,A0,amplitude_noise,clean,44,0,0.4728682170542635,0.4728682170542635,0.6505318190012619,129
representation_level,A0,amplitude_noise,clean,44,1,0.5158730158730159,0.5101634320735444,0.7213718820861676,126
representation_level,A0,amplitude_noise,clean,44,2,0.4285714285714286,0.42737273294089606,0.6393613000755858,126
representation_level,A0,amplitude_noise,clean,44,3,0.5396825396825397,0.5381300482830197,0.7002078609221466,126
representation_level,A0,amplitude_noise,clean,44,4,0.4841269841269842,0.48376991110509454,0.6590136054421768,126
representation_level,A0,amplitude_noise,clean,45,0,0.46511627906976744,0.4666990584303246,0.6422390481341266,129
representation_level,A0,amplitude_noise,clean,45,1,0.4603174603174603,0.46003256003256005,0.6705404383975813,126
representation_level,A0,amplitude_noise,clean,45,2,0.4603174603174603,0.4468401968401969,0.6241496598639457,126
representation_level,A0,amplitude_noise,clean,45,3,0.5158730158730159,0.5129572197648867,0.6695956160241875,126
representation_level,A0,amplitude_noise,clean,45,4,0.48412698412698413,0.4821408425280354,0.6481481481481483,126
representation_level,A0,amplitude_noise,clean,46,0,0.4573643410852713,0.4575757575757576,0.6538669551108708,129
representation_level,A0,amplitude_noise,clean,46,1,0.5476190476190476,0.5448559670781893,0.726379440665155,126
representation_level,A0,amplitude_noise,clean,46,2,0.4444444444444444,0.4330572287432662,0.6647770219198791,126
representation_level,A0,amplitude_noise,clean,46,3,0.4920634920634921,0.49349415204678365,0.682634164777022,126
representation_level,A0,amplitude_noise,clean,46,4,0.4761904761904762,0.4800106480809254,0.677721088435374,126
representation_level,A1,amplitude_noise,clean,42,0,0.42635658914728686,0.42495491746428077,0.6269154497926807,129
representation_level,A1,amplitude_noise,clean,42,1,0.4761904761904761,0.47826086956521735,0.6527777777777778,126
representation_level,A1,amplitude_noise,clean,42,2,0.4920634920634921,0.4883894671128714,0.6539115646258503,126
representation_level,A1,amplitude_noise,clean,42,3,0.4761904761904762,0.4703425229741019,0.6743197278911565,126
representation_level,A1,amplitude_noise,clean,42,4,0.5158730158730158,0.5125322381021524,0.6293461829176115,126
representation_level,A1,amplitude_noise,clean,43,0,0.441860465116279,0.44315455557656347,0.6065440778799351,129
representation_level,A1,amplitude_noise,clean,43,1,0.4761904761904762,0.4779627738054704,0.6328420256991686,126
representation_level,A1,amplitude_noise,clean,43,2,0.4603174603174603,0.453934953934954,0.6433295540438397,126
representation_level,A1,amplitude_noise,clean,43,3,0.5,0.496804915514593,0.6833900226757369,126
representation_level,A1,amplitude_noise,clean,43,4,0.4920634920634921,0.4878454878454878,0.664493575207861,126
representation_level,A1,amplitude_noise,clean,44,0,0.4573643410852713,0.4514495760322577,0.6486389039120245,129
representation_level,A1,amplitude_noise,clean,44,1,0.4603174603174603,0.45579374801506284,0.6213151927437641,126
representation_level,A1,amplitude_noise,clean,44,2,0.4682539682539682,0.4704764502636843,0.643140589569161,126
representation_level,A1,amplitude_noise,clean,44,3,0.4603174603174603,0.4610168460743173,0.6602418745275888,126
representation_level,A1,amplitude_noise,clean,44,4,0.4523809523809524,0.45075757575757575,0.6646825396825397,126
representation_level,A1,amplitude_noise,clean,45,0,0.45736434108527124,0.4563745356298548,0.6549486208761492,129
representation_level,A1,amplitude_noise,clean,45,1,0.4682539682539682,0.46242656449553005,0.6521164021164022,126
representation_level,A1,amplitude_noise,clean,45,2,0.41269841269841273,0.4103231336945446,0.573790627362056,126
representation_level,A1,amplitude_noise,clean,45,3,0.5476190476190476,0.5414339665502456,0.7028533635676494,126
representation_level,A1,amplitude_noise,clean,45,4,0.4603174603174603,0.4594393419745763,0.6398337112622827,126
representation_level,A1,amplitude_noise,clean,46,0,0.4573643410852713,0.45520420149918084,0.6888408148548765,129
representation_level,A1,amplitude_noise,clean,46,1,0.3968253968253968,0.39015579241143156,0.5841836734693877,126
representation_level,A1,amplitude_noise,clean,46,2,0.41269841269841273,0.4128545934595486,0.6395502645502646,126
representation_level,A1,amplitude_noise,clean,46,3,0.4603174603174603,0.4586141088649069,0.6293461829176116,126
representation_level,A1,amplitude_noise,clean,46,4,0.4365079365079365,0.4363171355498722,0.6494708994708994,126
representation_level,A2,amplitude_noise,clean,42,0,0.35658914728682173,0.3553755250888612,0.5596718947178654,129
representation_level,A2,amplitude_noise,clean,42,1,0.4603174603174603,0.4583694083694083,0.6029856386999243,126
representation_level,A2,amplitude_noise,clean,42,2,0.42063492063492064,0.42254310854402055,0.5995842781557067,126
representation_level,A2,amplitude_noise,clean,42,3,0.4285714285714286,0.42458226704802043,0.6305744520030234,126
representation_level,A2,amplitude_noise,clean,42,4,0.4444444444444444,0.4419644373781229,0.6117724867724869,126
representation_level,A2,amplitude_noise,clean,43,0,0.44961240310077516,0.4503565062388592,0.606093383811069,129
representation_level,A2,amplitude_noise,clean,43,1,0.35714285714285715,0.3471677559912854,0.5390211640211641,126
representation_level,A2,amplitude_noise,clean,43,2,0.48412698412698413,0.46724612232952883,0.6360544217687075,126
representation_level,A2,amplitude_noise,clean,43,3,0.4761904761904762,0.4779069767441861,0.6198979591836734,126
representation_level,A2,amplitude_noise,clean,43,4,0.4920634920634921,0.4923917706148395,0.6406840513983372,126
representation_level,A2,amplitude_noise,clean,44,0,0.3333333333333333,0.3274346661595271,0.5405624661979449,129
representation_level,A2,amplitude_noise,clean,44,1,0.4444444444444444,0.4448000792300282,0.5914588057445201,126
representation_level,A2,amplitude_noise,clean,44,2,0.4682539682539682,0.4673362027737924,0.6171579743008314,126
representation_level,A2,amplitude_noise,clean,44,3,0.4761904761904762,0.4719482068319278,0.6319916855631141,126
representation_level,A2,amplitude_noise,clean,44,4,0.5238095238095237,0.5174266574266574,0.6258503401360543,126
representation_level,A2,amplitude_noise,clean,45,0,0.4108527131782946,0.410323312535451,0.5934739498828195,129
representation_level,A2,amplitude_noise,clean,45,1,0.4523809523809524,0.4494650205761317,0.6129062736205594,126
representation_level,A2,amplitude_noise,clean,45,2,0.373015873015873,0.3742753623188406,0.5869236583522297,126
representation_level,A2,amplitude_noise,clean,45,3,0.38095238095238093,0.3810784287244866,0.5649092970521542,126
representation_level,A2,amplitude_noise,clean,45,4,0.42063492063492064,0.41708341303892366,0.6181972789115647,126
representation_level,A2,amplitude_noise,clean,46,0,0.4108527131782946,0.4085775335775335,0.5780602127276006,129
representation_level,A2,amplitude_noise,clean,46,1,0.4682539682539683,0.46313623565085554,0.5913643235071807,126
representation_level,A2,amplitude_noise,clean,46,2,0.4206349206349207,0.4162368272240042,0.5963718820861678,126
representation_level,A2,amplitude_noise,clean,46,3,0.4603174603174604,0.45459198728861655,0.6342592592592592,126
representation_level,A2,amplitude_noise,clean,46,4,0.38888888888888884,0.3897350154532097,0.5706727135298563,126
representation_level,A3,amplitude_noise,clean,42,0,0.3875968992248062,0.3843198882486467,0.5676942491436812,129
representation_level,A3,amplitude_noise,clean,42,1,0.36507936507936506,0.3650072591987659,0.5144557823129251,126
representation_level,A3,amplitude_noise,clean,42,2,0.3333333333333333,0.3328663491173998,0.4884731670445956,126
representation_level,A3,amplitude_noise,clean,42,3,0.3412698412698412,0.3400277656542691,0.5477135298563871,126
representation_level,A3,amplitude_noise,clean,42,4,0.3650793650793651,0.3645183809307923,0.5346749811035525,126
representation_level,A3,amplitude_noise,clean,43,0,0.3798449612403101,0.3781691986305222,0.5329908058409951,129
representation_level,A3,amplitude_noise,clean,43,1,0.35714285714285715,0.3553743062136185,0.5084089191232047,126
representation_level,A3,amplitude_noise,clean,43,2,0.3412698412698412,0.3406578051825709,0.49593726379440667,126
representation_level,A3,amplitude_noise,clean,43,3,0.3174603174603175,0.31846892125961895,0.5016061980347694,126
representation_level,A3,amplitude_noise,clean,43,4,0.3333333333333333,0.33130883692681445,0.5404383975812547,126
representation_level,A3,amplitude_noise,clean,44,0,0.36434108527131787,0.36381461675579324,0.534613304488913,129
representation_level,A3,amplitude_noise,clean,44,1,0.3015873015873016,0.2964666847898065,0.5058578987150416,126
representation_level,A3,amplitude_noise,clean,44,2,0.31746031746031744,0.3106187505780555,0.5280612244897959,126
representation_level,A3,amplitude_noise,clean,44,3,0.35714285714285715,0.3501703545882014,0.5053854875283447,126
representation_level,A3,amplitude_noise,clean,44,4,0.42063492063492064,0.42040983532758913,0.58078231292517,126
representation_level,A3,amplitude_noise,clean,45,0,0.3565891472868217,0.35507576188579776,0.5507481521543176,129
representation_level,A3,amplitude_noise,clean,45,1,0.3412698412698412,0.34130932878462894,0.5150226757369615,126
representation_level,A3,amplitude_noise,clean,45,2,0.34920634920634924,0.3462456020882987,0.5263605442176871,126
representation_level,A3,amplitude_noise,clean,45,3,0.38888888888888884,0.38410282806528007,0.5423280423280423,126
representation_level,A3,amplitude_noise,clean,45,4,0.4047619047619047,0.4041019955654102,0.5560279667422525,126
representation_level,A3,amplitude_noise,clean,46,0,0.3798449612403101,0.362926595094702,0.5630070308274743,129
representation_level,A3,amplitude_noise,clean,46,1,0.3095238095238095,0.3076776008521563,0.49518140589569165,126
representation_level,A3,amplitude_noise,clean,46,2,0.373015873015873,0.37341585617447687,0.5397770219198791,126
representation_level,A3,amplitude_noise,clean,46,3,0.38095238095238093,0.37917746937115554,0.5482804232804233,126
representation_level,A3,amplitude_noise,clean,46,4,0.30952380952380953,0.3095118885834857,0.5102985638699925,126
representation_level,A4,amplitude_noise,clean,42,0,0.4186046511627907,0.40440687213882676,0.5708491076257437,129
representation_level,A4,amplitude_noise,clean,42,1,0.36507936507936506,0.3368279913943893,0.5889077853363568,126
representation_level,A4,amplitude_noise,clean,42,2,0.34920634920634913,0.33158399233165586,0.5219198790627362,126
representation_level,A4,amplitude_noise,clean,42,3,0.3650793650793651,0.342282589989012,0.5651927437641723,126
representation_level,A4,amplitude_noise,clean,42,4,0.373015873015873,0.370110696860904,0.49489795918367346,126
representation_level,A4,amplitude_noise,clean,43,0,0.4108527131782946,0.4055503488493179,0.5432666306111411,129
representation_level,A4,amplitude_noise,clean,43,1,0.38888888888888884,0.3803340772299994,0.5400604686318973,126
representation_level,A4,amplitude_noise,clean,43,2,0.38095238095238093,0.3646619428582231,0.5436507936507937,126
representation_level,A4,amplitude_noise,clean,43,3,0.3253968253968254,0.2784630030652062,0.5083144368858655,126
representation_level,A4,amplitude_noise,clean,43,4,0.42063492063492064,0.4129307286481043,0.5976946334089192,126
representation_level,A4,amplitude_noise,clean,44,0,0.3488372093023256,0.3392575411232128,0.5056787452677123,129
representation_level,A4,amplitude_noise,clean,44,1,0.3968253968253968,0.3820756585462468,0.565854119425548,126
representation_level,A4,amplitude_noise,clean,44,2,0.3412698412698412,0.32368780557952254,0.5162509448223734,126
representation_level,A4,amplitude_noise,clean,44,3,0.3253968253968254,0.3088765928554679,0.5053854875283447,126
representation_level,A4,amplitude_noise,clean,44,4,0.373015873015873,0.35781803439593735,0.582766439909297,126
representation_level,A4,amplitude_noise,clean,45,0,0.29457364341085274,0.2876036991704067,0.5356048314404181,129
representation_level,A4,amplitude_noise,clean,45,1,0.4444444444444444,0.4320658508158508,0.5764361300075586,126
representation_level,A4,amplitude_noise,clean,45,2,0.31746031746031744,0.2844127550009903,0.47203325774754346,126
representation_level,A4,amplitude_noise,clean,45,3,0.38888888888888884,0.3742690058479532,0.5689720332577476,126
representation_level,A4,amplitude_noise,clean,45,4,0.36507936507936506,0.3513421890134219,0.5195578231292517,126
representation_level,A4,amplitude_noise,clean,46,0,0.3488372093023256,0.34438775510204084,0.5459707950243375,129
representation_level,A4,amplitude_noise,clean,46,1,0.38095238095238093,0.3726424595327034,0.5489417989417988,126
representation_level,A4,amplitude_noise,clean,46,2,0.35714285714285715,0.3213801182850557,0.5414777021919879,126
representation_level,A4,amplitude_noise,clean,46,3,0.3650793650793651,0.34949633699633703,0.5585789871504158,126
representation_level,A4,amplitude_noise,clean,46,4,0.35714285714285715,0.3377314814814814,0.5287226001511716,126
representation_level,A5,amplitude_noise,clean,42,0,0.42635658914728686,0.4252422067033534,0.5956372814133767,129
representation_level,A5,amplitude_noise,clean,42,1,0.4444444444444444,0.44503389330975535,0.6284013605442177,126
representation_level,A5,amplitude_noise,clean,42,2,0.3968253968253968,0.39399224806201555,0.5920256991685563,126
representation_level,A5,amplitude_noise,clean,42,3,0.42857142857142855,0.42239760006054894,0.6357709750566894,126
representation_level,A5,amplitude_noise,clean,42,4,0.4365079365079365,0.435299752084742,0.6147014361300075,126
representation_level,A5,amplitude_noise,clean,43,0,0.42635658914728686,0.4256922426548298,0.6219578150351542,129
representation_level,A5,amplitude_noise,clean,43,1,0.3650793650793651,0.36274836274836275,0.563869992441421,126
representation_level,A5,amplitude_noise,clean,43,2,0.4523809523809524,0.43355919442875973,0.6089380196523054,126
representation_level,A5,amplitude_noise,clean,43,3,0.4761904761904763,0.4741006579509528,0.6417233560090704,126
representation_level,A5,amplitude_noise,clean,43,4,0.4523809523809524,0.4525193209814046,0.6389833711262283,126
representation_level,A5,amplitude_noise,clean,44,0,0.3953488372093023,0.387733423144053,0.594104921579232,129
representation_level,A5,amplitude_noise,clean,44,1,0.41269841269841273,0.41134385084096975,0.5866402116402116,126
representation_level,A5,amplitude_noise,clean,44,2,0.4444444444444445,0.442225984368621,0.6310468631897204,126
representation_level,A5,amplitude_noise,clean,44,3,0.5158730158730159,0.5148685522230768,0.667989417989418,126
representation_level,A5,amplitude_noise,clean,44,4,0.4841269841269842,0.47938489352599406,0.6583522297808012,126
representation_level,A5,amplitude_noise,clean,45,0,0.4573643410852713,0.4539622001864565,0.6035694970254192,129
representation_level,A5,amplitude_noise,clean,45,1,0.45238095238095233,0.44502923976608183,0.622260015117158,126
representation_level,A5,amplitude_noise,clean,45,2,0.38095238095238093,0.3801390989357251,0.5689720332577476,126
representation_level,A5,amplitude_noise,clean,45,3,0.4523809523809524,0.44987294401077355,0.6045918367346939,126
representation_level,A5,amplitude_noise,clean,45,4,0.4761904761904762,0.4728167239986669,0.6632653061224489,126
representation_level,A5,amplitude_noise,clean,46,0,0.44961240310077516,0.4493006993006993,0.5892374256354787,129
representation_level,A5,amplitude_noise,clean,46,1,0.4444444444444445,0.4408906696140738,0.6017573696145124,126
representation_level,A5,amplitude_noise,clean,46,2,0.4444444444444444,0.4436475328726024,0.6147959183673469,126
representation_level,A5,amplitude_noise,clean,46,3,0.4365079365079365,0.4333785004516712,0.6418178382464096,126
representation_level,A5,amplitude_noise,clean,46,4,0.41269841269841273,0.414274322169059,0.5836167800453516,126
representation_level,A6,amplitude_noise,clean,42,0,0.45736434108527124,0.4567786902200676,0.6211465657111952,129
representation_level,A6,amplitude_noise,clean,42,1,0.5,0.4985083750931913,0.6441798941798942,126
representation_level,A6,amplitude_noise,clean,42,2,0.5079365079365079,0.5028985507246376,0.6688397581254724,126
representation_level,A6,amplitude_noise,clean,42,3,0.4523809523809524,0.4470629771834591,0.6812169312169313,126
representation_level,A6,amplitude_noise,clean,42,4,0.5,0.4973076019587648,0.6363378684807256,126
representation_level,A6,amplitude_noise,clean,43,0,0.441860465116279,0.44365971107544144,0.6200648999459167,129
representation_level,A6,amplitude_noise,clean,43,1,0.4761904761904762,0.4773136773136773,0.6359599395313681,126
representation_level,A6,amplitude_noise,clean,43,2,0.4761904761904761,0.46501242727992786,0.6603363567649282,126
representation_level,A6,amplitude_noise,clean,43,3,0.5476190476190476,0.5446794828403168,0.6874527588813303,126
representation_level,A6,amplitude_noise,clean,43,4,0.5,0.49650349650349646,0.671485260770975,126
representation_level,A6,amplitude_noise,clean,44,0,0.44961240310077516,0.44316900849408586,0.6343068325220841,129
representation_level,A6,amplitude_noise,clean,44,1,0.5158730158730158,0.5160530841188811,0.652588813303099,126
representation_level,A6,amplitude_noise,clean,44,2,0.507936507936508,0.5100829395751963,0.6637377173091458,126
representation_level,A6,amplitude_noise,clean,44,3,0.4920634920634921,0.49294853833940416,0.6716742252456537,126
representation_level,A6,amplitude_noise,clean,44,4,0.4603174603174603,0.4571935337548089,0.6776266061980348,126
representation_level,A6,amplitude_noise,clean,45,0,0.48062015503875966,0.47988614800759016,0.662970975301965,129
representation_level,A6,amplitude_noise,clean,45,1,0.5079365079365079,0.50516497228302,0.6616591080876795,126
representation_level,A6,amplitude_noise,clean,45,2,0.42063492063492064,0.41675209511146294,0.5886243386243386,126
representation_level,A6,amplitude_noise,clean,45,3,0.5,0.49767441860465117,0.674697656840514,126
representation_level,A6,amplitude_noise,clean,45,4,0.5,0.5007742129023455,0.6528722600151171,126
representation_level,A6,amplitude_noise,clean,46,0,0.4883720930232558,0.48495635223324013,0.7015503875968992,129
representation_level,A6,amplitude_noise,clean,46,1,0.4444444444444444,0.43231287231287235,0.6057256235827664,126
representation_level,A6,amplitude_noise,clean,46,2,0.42063492063492064,0.41852812215829793,0.6660997732426304,126
representation_level,A6,amplitude_noise,clean,46,3,0.4523809523809524,0.44977462249267525,0.6427626606198036,126
representation_level,A6,amplitude_noise,clean,46,4,0.4444444444444444,0.4414502289560917,0.6338813303099017,126
representation_level,A7,amplitude_noise,clean,42,0,0.44961240310077527,0.4462291241113607,0.6372814133765999,129
representation_level,A7,amplitude_noise,clean,42,1,0.4761904761904761,0.4784957579057212,0.6548563869992442,126
representation_level,A7,amplitude_noise,clean,42,2,0.4603174603174603,0.4524572649572649,0.6494708994708994,126
representation_level,A7,amplitude_noise,clean,42,3,0.4523809523809524,0.4464363523187052,0.6785714285714285,126
representation_level,A7,amplitude_noise,clean,42,4,0.4920634920634921,0.4881705634835423,0.6312358276643991,126
representation_level,A7,amplitude_noise,clean,43,0,0.441860465116279,0.4436387288997996,0.6051018568595637,129
representation_level,A7,amplitude_noise,clean,43,1,0.4523809523809524,0.4534617116731939,0.6315192743764172,126
representation_level,A7,amplitude_noise,clean,43,2,0.4603174603174603,0.44977294367538273,0.6463529856386998,126
representation_level,A7,amplitude_noise,clean,43,3,0.4920634920634921,0.48779528005534195,0.6884920634920636,126
representation_level,A7,amplitude_noise,clean,43,4,0.48412698412698413,0.4787586256941941,0.6681783824640967,126
representation_level,A7,amplitude_noise,clean,44,0,0.4728682170542636,0.4652520861842282,0.6537768162970975,129
representation_level,A7,amplitude_noise,clean,44,1,0.48412698412698413,0.481473573619372,0.6299130763416477,126
representation_level,A7,amplitude_noise,clean,44,2,0.4761904761904762,0.47902318406605865,0.6496598639455783,126
representation_level,A7,amplitude_noise,clean,44,3,0.4523809523809524,0.45475224623240823,0.652116402116402,126
representation_level,A7,amplitude_noise,clean,44,4,0.4603174603174603,0.45797470503352855,0.6694066515495086,126
representation_level,A7,amplitude_noise,clean,45,0,0.441860465116279,0.43883104815004453,0.6540472327384171,129
representation_level,A7,amplitude_noise,clean,45,1,0.4682539682539683,0.46256494264202414,0.6558012093726379,126
representation_level,A7,amplitude_noise,clean,45,2,0.4047619047619048,0.4021930523937316,0.5775699168556311,126
representation_level,A7,amplitude_noise,clean,45,3,0.5476190476190476,0.5402640614491522,0.7119236583522297,126
representation_level,A7,amplitude_noise,clean,45,4,0.4841269841269842,0.4838470631023822,0.6453136810279667,126
representation_level,A7,amplitude_noise,clean,46,0,0.4728682170542635,0.4714315833860426,0.6843338741662159,129
representation_level,A7,amplitude_noise,clean,46,1,0.3888888888888889,0.38185182515079424,0.5854119425547998,126
representation_level,A7,amplitude_noise,clean,46,2,0.4444444444444444,0.4405904890691909,0.6475812547241119,126
representation_level,A7,amplitude_noise,clean,46,3,0.4761904761904762,0.4722432816624924,0.6366213151927438,126
representation_level,A7,amplitude_noise,clean,46,4,0.4682539682539682,0.4705186704263864,0.6538170823885109,126
representation_level,A8,amplitude_noise,clean,42,0,0.4573643410852713,0.45629540103989624,0.6285379484405985,129
representation_level,A8,amplitude_noise,clean,42,1,0.4761904761904762,0.4760401721664275,0.6530612244897959,126
representation_level,A8,amplitude_noise,clean,42,2,0.4682539682539682,0.4617973322444535,0.6602418745275888,126
representation_level,A8,amplitude_noise,clean,42,3,0.4761904761904762,0.4676214833759591,0.6840513983371125,126
representation_level,A8,amplitude_noise,clean,42,4,0.5396825396825397,0.5366717869943677,0.6375661375661376,126
representation_level,A8,amplitude_noise,clean,43,0,0.434108527131783,0.43582743511964955,0.62015503875969,129
representation_level,A8,amplitude_noise,clean,43,1,0.49206349206349204,0.49259035465932016,0.6349206349206349,126
representation_level,A8,amplitude_noise,clean,43,2,0.4761904761904762,0.4629724997425069,0.6614701436130007,126
representation_level,A8,amplitude_noise,clean,43,3,0.5476190476190476,0.5459302325581395,0.6982237339380196,126
representation_level,A8,amplitude_noise,clean,43,4,0.5158730158730159,0.5110325464377392,0.6789493575207861,126
representation_level,A8,amplitude_noise,clean,44,0,0.44186046511627913,0.43414224664224665,0.638994050838291,129
representation_level,A8,amplitude_noise,clean,44,1,0.5238095238095238,0.5245166713365088,0.6597694633408918,126
representation_level,A8,amplitude_noise,clean,44,2,0.5158730158730159,0.5188548693997578,0.67072940287226,126
representation_level,A8,amplitude_noise,clean,44,3,0.4603174603174603,0.4621212121212121,0.6663832199546484,126
representation_level,A8,amplitude_noise,clean,44,4,0.5158730158730158,0.5135939396001316,0.6824452003023431,126
representation_level,A8,amplitude_noise,clean,45,0,0.4728682170542635,0.4724253715633026,0.6637822246259238,129
representation_level,A8,amplitude_noise,clean,45,1,0.5,0.498328446907429,0.6698790627362056,126
representation_level,A8,amplitude_noise,clean,45,2,0.4444444444444444,0.44014606792384575,0.5880574452003023,126
representation_level,A8,amplitude_noise,clean,45,3,0.5079365079365079,0.5034734443391544,0.6831065759637188,126
representation_level,A8,amplitude_noise,clean,45,4,0.4920634920634921,0.492193245556064,0.6564625850340136,126
representation_level,A8,amplitude_noise,clean,46,0,0.4883720930232558,0.4837194169427435,0.6965927528393726,129
representation_level,A8,amplitude_noise,clean,46,1,0.42063492063492064,0.40844824416252984,0.6059145880574452,126
representation_level,A8,amplitude_noise,clean,46,2,0.4682539682539683,0.4655997728286885,0.67224111866969,126
representation_level,A8,amplitude_noise,clean,46,3,0.4682539682539682,0.46672788987026087,0.6442743764172335,126
representation_level,A8,amplitude_noise,clean,46,4,0.4285714285714286,0.42706045966915535,0.641156462585034,126
representation_level,A9,amplitude_noise,clean,42,0,0.4573643410852713,0.45629540103989624,0.6277266991166396,129
representation_level,A9,amplitude_noise,clean,42,1,0.48412698412698413,0.48337519920049693,0.6515495086923658,126
representation_level,A9,amplitude_noise,clean,42,2,0.4761904761904761,0.47065217391304354,0.659297052154195,126
representation_level,A9,amplitude_noise,clean,42,3,0.4761904761904762,0.4676214833759591,0.683390022675737,126
representation_level,A9,amplitude_noise,clean,42,4,0.5238095238095238,0.5215425441431634,0.6375661375661376,126
representation_level,A9,amplitude_noise,clean,43,0,0.434108527131783,0.43582743511964955,0.6197043446908239,129
representation_level,A9,amplitude_noise,clean,43,1,0.49206349206349204,0.49259035465932016,0.6345427059712775,126
representation_level,A9,amplitude_noise,clean,43,2,0.4761904761904762,0.4599867724867725,0.6609032501889645,126
representation_level,A9,amplitude_noise,clean,43,3,0.5476190476190476,0.5459302325581395,0.6978458049886621,126
representation_level,A9,amplitude_noise,clean,43,4,0.5158730158730159,0.5110325464377392,0.6784769463340892,126
representation_level,A9,amplitude_noise,clean,44,0,0.46511627906976744,0.4568925050852761,0.6391743284658374,129
representation_level,A9,amplitude_noise,clean,44,1,0.5238095238095238,0.5245166713365088,0.6593915343915344,126
representation_level,A9,amplitude_noise,clean,44,2,0.5158730158730159,0.5188548693997578,0.6698790627362056,126
representation_level,A9,amplitude_noise,clean,44,3,0.4603174603174603,0.4621212121212121,0.6659108087679516,126
representation_level,A9,amplitude_noise,clean,44,4,0.5079365079365079,0.5056610056610057,0.6813114134542705,126
representation_level,A9,amplitude_noise,clean,45,0,0.4728682170542635,0.4724253715633026,0.6624301424193257,129
representation_level,A9,amplitude_noise,clean,45,1,0.5,0.498328446907429,0.6695956160241874,126
representation_level,A9,amplitude_noise,clean,45,2,0.4365079365079365,0.43292181069958846,0.5856953892668177,126
representation_level,A9,amplitude_noise,clean,45,3,0.5079365079365079,0.5034734443391544,0.6824452003023431,126
representation_level,A9,amplitude_noise,clean,45,4,0.48412698412698413,0.4844173441734417,0.6564625850340136,126
representation_level,A9,amplitude_noise,clean,46,0,0.4883720930232558,0.4837194169427435,0.695871642329187,129
representation_level,A9,amplitude_noise,clean,46,1,0.41269841269841273,0.40202749140893473,0.6060090702947846,126
representation_level,A9,amplitude_noise,clean,46,2,0.4682539682539683,0.4655997728286885,0.67072940287226,126
representation_level,A9,amplitude_noise,clean,46,3,0.4682539682539682,0.46744738055864915,0.643896447467876,126
representation_level,A9,amplitude_noise,clean,46,4,0.4285714285714286,0.42706045966915535,0.6398337112622826,126
representation_level,A0,amplitude_noise,20,42,0,0.44186046511627913,0.4373631047315258,0.6470164052641066,129
representation_level,A0,amplitude_noise,20,42,1,0.4761904761904761,0.4762959206671174,0.677437641723356,126
representation_level,A0,amplitude_noise,20,42,2,0.4285714285714286,0.41465909090909087,0.6212207105064248,126
representation_level,A0,amplitude_noise,20,42,3,0.4841269841269842,0.483861893743478,0.6191421012849584,126
representation_level,A0,amplitude_noise,20,42,4,0.5396825396825397,0.5380796608218028,0.7031368102796675,126
representation_level,A0,amplitude_noise,20,43,0,0.48062015503875966,0.48244524693534235,0.6469262664503335,129
representation_level,A0,amplitude_noise,20,43,1,0.507936507936508,0.5087326048379565,0.6546674225245654,126
representation_level,A0,amplitude_noise,20,43,2,0.5634920634920635,0.5598309979918319,0.7171201814058957,126
representation_level,A0,amplitude_noise,20,43,3,0.4444444444444444,0.443620429255474,0.615079365079365,126
representation_level,A0,amplitude_noise,20,43,4,0.42063492063492064,0.4115457574980774,0.6245275888133032,126
representation_level,A0,amplitude_noise,20,44,0,0.42635658914728686,0.4261249220351065,0.6247521182621236,129
representation_level,A0,amplitude_noise,20,44,1,0.5476190476190476,0.540883397767641,0.7315759637188209,126
representation_level,A0,amplitude_noise,20,44,2,0.4523809523809524,0.4510835411218553,0.6221655328798185,126
representation_level,A0,amplitude_noise,20,44,3,0.5238095238095238,0.5244434528236402,0.7019085411942555,126
representation_level,A0,amplitude_noise,20,44,4,0.4523809523809524,0.4490392648287385,0.6443688586545729,126
representation_level,A0,amplitude_noise,20,45,0,0.42635658914728686,0.42799625468164787,0.6161889309536686,129
representation_level,A0,amplitude_noise,20,45,1,0.4841269841269842,0.4851993322581558,0.6862244897959183,126
representation_level,A0,amplitude_noise,20,45,2,0.38888888888888884,0.3816494362245044,0.5625472411186697,126
representation_level,A0,amplitude_noise,20,45,3,0.4603174603174603,0.457838672954952,0.6346371882086168,126
representation_level,A0,amplitude_noise,20,45,4,0.4603174603174603,0.4594652611837014,0.632936507936508,126
representation_level,A0,amplitude_noise,20,46,0,0.44961240310077516,0.4489749082007344,0.6380926627005589,129
representation_level,A0,amplitude_noise,20,46,1,0.5079365079365079,0.5035717535717535,0.7102229780801209,126
representation_level,A0,amplitude_noise,20,46,2,0.4841269841269842,0.4743351886209029,0.6673280423280423,126
representation_level,A0,amplitude_noise,20,46,3,0.5,0.498054447719785,0.6744142101284959,126
representation_level,A0,amplitude_noise,20,46,4,0.4444444444444445,0.44946529441848976,0.6515495086923658,126
representation_level,A0,amplitude_noise,10,42,0,0.37209302325581395,0.37004809831371227,0.5929331170001803,129
representation_level,A0,amplitude_noise,10,42,1,0.4523809523809524,0.45241920061197166,0.6390778533635676,126
representation_level,A0,amplitude_noise,10,42,2,0.4047619047619047,0.3978021978021978,0.5712396069538926,126
representation_level,A0,amplitude_noise,10,42,3,0.38095238095238093,0.38185502606071475,0.5566893424036281,126
representation_level,A0,amplitude_noise,10,42,4,0.5158730158730158,0.5157487628987857,0.6790438397581254,126
representation_level,A0,amplitude_noise,10,43,0,0.4186046511627907,0.4164567140176896,0.6109608797548224,129
representation_level,A0,amplitude_noise,10,43,1,0.42063492063492064,0.41843918885418213,0.6004346182917611,126
representation_level,A0,amplitude_noise,10,43,2,0.4444444444444444,0.4430300583434266,0.6263227513227513,126
representation_level,A0,amplitude_noise,10,43,3,0.4047619047619047,0.40390025400813917,0.565854119425548,126
representation_level,A0,amplitude_noise,10,43,4,0.34920634920634913,0.3410006027727546,0.5712396069538926,126
representation_level,A0,amplitude_noise,10,44,0,0.3875968992248062,0.38173206721593816,0.5762574364521363,129
representation_level,A0,amplitude_noise,10,44,1,0.5,0.49715520663344065,0.6942554799697657,126
representation_level,A0,amplitude_noise,10,44,2,0.34920634920634913,0.34920634920634913,0.5602796674225244,126
representation_level,A0,amplitude_noise,10,44,3,0.49206349206349204,0.49135235566753127,0.6601473922902494,126
representation_level,A0,amplitude_noise,10,44,4,0.3968253968253968,0.3960556976413754,0.6049697656840515,126
representation_level,A0,amplitude_noise,10,45,0,0.36434108527131787,0.3597222222222222,0.5533621777537409,129
representation_level,A0,amplitude_noise,10,45,1,0.5079365079365079,0.5079318272973263,0.6631708238851096,126
representation_level,A0,amplitude_noise,10,45,2,0.3412698412698412,0.3383436486884763,0.4854497354497354,126
representation_level,A0,amplitude_noise,10,45,3,0.3888888888888889,0.3840337235466689,0.5739795918367346,126
representation_level,A0,amplitude_noise,10,45,4,0.4444444444444444,0.4439849278558956,0.5795540438397581,126
representation_level,A0,amplitude_noise,10,46,0,0.42635658914728686,0.4246192404087141,0.6009554714259959,129
representation_level,A0,amplitude_noise,10,46,1,0.48412698412698413,0.4818895574709528,0.6501322751322751,126
representation_level,A0,amplitude_noise,10,46,2,0.4761904761904762,0.4739224604721681,0.6334089191232048,126
representation_level,A0,amplitude_noise,10,46,3,0.42063492063492064,0.41334836604656716,0.6204648526077098,126
representation_level,A0,amplitude_noise,10,46,4,0.4603174603174603,0.4601872639919565,0.5884353741496599,126
representation_level,A0,amplitude_noise,5,42,0,0.3643410852713178,0.36380274166957877,0.5601225887867315,129
representation_level,A0,amplitude_noise,5,42,1,0.4365079365079365,0.43601691375834456,0.6139455782312925,126
representation_level,A0,amplitude_noise,5,42,2,0.38095238095238093,0.37918594815146545,0.5445956160241874,126
representation_level,A0,amplitude_noise,5,42,3,0.34920634920634924,0.349772579597141,0.5255102040816326,126
representation_level,A0,amplitude_noise,5,42,4,0.4444444444444444,0.4434108527131783,0.643896447467876,126
representation_level,A0,amplitude_noise,5,43,0,0.3798449612403101,0.3777962934908852,0.572291328646115,129
representation_level,A0,amplitude_noise,5,43,1,0.38095238095238093,0.3787325913762696,0.5718065003779289,126
representation_level,A0,amplitude_noise,5,43,2,0.373015873015873,0.3718306119739811,0.5750188964474678,126
representation_level,A0,amplitude_noise,5,43,3,0.38095238095238093,0.3800643800643801,0.5365646258503401,126
representation_level,A0,amplitude_noise,5,43,4,0.373015873015873,0.3661593329314849,0.5444066515495087,126
representation_level,A0,amplitude_noise,5,44,0,0.3643410852713178,0.3561562998405104,0.5475932936722553,129
representation_level,A0,amplitude_noise,5,44,1,0.4761904761904762,0.4721727884941009,0.661281179138322,126
representation_level,A0,amplitude_noise,5,44,2,0.373015873015873,0.3726738888326415,0.5292894935752078,126
representation_level,A0,amplitude_noise,5,44,3,0.4603174603174603,0.4593203093203093,0.6229213907785336,126
representation_level,A0,amplitude_noise,5,44,4,0.38888888888888884,0.38994426053249587,0.5747354497354497,126
representation_level,A0,amplitude_noise,5,45,0,0.36434108527131787,0.3600369570589057,0.5371371912745628,129
representation_level,A0,amplitude_noise,5,45,1,0.42857142857142855,0.42740590489069197,0.6327475434618292,126
representation_level,A0,amplitude_noise,5,45,2,0.3015873015873016,0.30127130294466303,0.45058578987150416,126
representation_level,A0,amplitude_noise,5,45,3,0.38095238095238093,0.3723533605905187,0.5353363567649282,126
representation_level,A0,amplitude_noise,5,45,4,0.38095238095238093,0.3815217391304348,0.5485638699924414,126
representation_level,A0,amplitude_noise,5,46,0,0.42635658914728686,0.42575901002867295,0.5700378583017848,129
representation_level,A0,amplitude_noise,5,46,1,0.4603174603174603,0.45808373786954776,0.6175359032501889,126
representation_level,A0,amplitude_noise,5,46,2,0.42857142857142855,0.42849956632909136,0.6096938775510204,126
representation_level,A0,amplitude_noise,5,46,3,0.373015873015873,0.36700198920147775,0.5790816326530611,126
representation_level,A0,amplitude_noise,5,46,4,0.41269841269841273,0.41224971353008977,0.5530990173847317,126
representation_level,A0,channel_dropout,0.1,42,0,0.49612403100775193,0.4545910230120756,0.6652244456462953,129
representation_level,A0,channel_dropout,0.1,42,1,0.4603174603174603,0.4361236679193217,0.6808390022675738,126
representation_level,A0,channel_dropout,0.1,42,2,0.36507936507936506,0.296274130141407,0.6136621315192743,126
representation_level,A0,channel_dropout,0.1,42,3,0.4523809523809524,0.3794973544973544,0.606859410430839,126
representation_level,A0,channel_dropout,0.1,42,4,0.4047619047619048,0.3420619235836628,0.6189531368102796,126
representation_level,A0,channel_dropout,0.1,43,0,0.46511627906976744,0.4033660873802177,0.6229493419866595,129
representation_level,A0,channel_dropout,0.1,43,1,0.484126984126984,0.46735281977877996,0.6578798185941044,126
representation_level,A0,channel_dropout,0.1,43,2,0.42063492063492064,0.39667854021921006,0.6454081632653061,126
representation_level,A0,channel_dropout,0.1,43,3,0.41269841269841273,0.3459595354005292,0.6050642479213909,126
representation_level,A0,channel_dropout,0.1,43,4,0.4761904761904762,0.4405219042900202,0.6566515495086923,126
representation_level,A0,channel_dropout,0.1,44,0,0.4341085271317829,0.39702134549857787,0.621056426897422,129
representation_level,A0,channel_dropout,0.1,44,1,0.4682539682539682,0.4706589706589706,0.6863189720332578,126
representation_level,A0,channel_dropout,0.1,44,2,0.42063492063492064,0.4161526712557861,0.6184807256235828,126
representation_level,A0,channel_dropout,0.1,44,3,0.3650793650793651,0.26240599895168104,0.5894746787603931,126
representation_level,A0,channel_dropout,0.1,44,4,0.3888888888888889,0.36168673716812355,0.6126228269085412,126
representation_level,A0,channel_dropout,0.1,45,0,0.44961240310077516,0.45252321518144295,0.6281773931855056,129
representation_level,A0,channel_dropout,0.1,45,1,0.4365079365079365,0.4308387920734973,0.63567649281935,126
representation_level,A0,channel_dropout,0.1,45,2,0.3968253968253968,0.3530067206833742,0.6267951625094482,126
representation_level,A0,channel_dropout,0.1,45,3,0.4841269841269842,0.4745533938335509,0.6770597127739985,126
representation_level,A0,channel_dropout,0.1,45,4,0.3968253968253968,0.3410341914543595,0.5885298563869993,126
representation_level,A0,channel_dropout,0.1,46,0,0.4883720930232558,0.4554547823086619,0.6815395709392464,129
representation_level,A0,channel_dropout,0.1,46,1,0.4603174603174603,0.4556968093265838,0.6599584278155707,126
representation_level,A0,channel_dropout,0.1,46,2,0.4523809523809524,0.41099672907511087,0.6295351473922902,126
representation_level,A0,channel_dropout,0.1,46,3,0.3968253968253968,0.33025462091928076,0.6044028722600151,126
representation_level,A0,channel_dropout,0.1,46,4,0.38888888888888884,0.35570987654320985,0.6148904006046864,126
representation_level,A0,channel_dropout,0.2,42,0,0.3255813953488372,0.21127028673367274,0.5831981251126735,129
representation_level,A0,channel_dropout,0.2,42,1,0.42063492063492064,0.35031193240148467,0.577286470143613,126
representation_level,A0,channel_dropout,0.2,42,2,0.3174603174603175,0.17530864197530863,0.5340136054421768,126
representation_level,A0,channel_dropout,0.2,42,3,0.4682539682539682,0.44824915110356534,0.6271730914588057,126
representation_level,A0,channel_dropout,0.2,42,4,0.4920634920634921,0.4833133150308854,0.6509826152683296,126
representation_level,A0,channel_dropout,0.2,43,0,0.3488372093023256,0.19959157651465345,0.5939246439516855,129
representation_level,A0,channel_dropout,0.2,43,1,0.4285714285714286,0.42493311121207533,0.6236772486772487,126
representation_level,A0,channel_dropout,0.2,43,2,0.38888888888888884,0.3048780487804878,0.6484315948601663,126
representation_level,A0,channel_dropout,0.2,43,3,0.3968253968253968,0.3884568449985184,0.6001511715797431,126
representation_level,A0,channel_dropout,0.2,43,4,0.3968253968253968,0.31750888850032055,0.6034580498866213,126
representation_level,A0,channel_dropout,0.2,44,0,0.3565891472868217,0.28150827778156967,0.5550748152154318,129
representation_level,A0,channel_dropout,0.2,44,1,0.3650793650793651,0.2913962318217637,0.5973167044595615,126
representation_level,A0,channel_dropout,0.2,44,2,0.4682539682539682,0.4618418602886156,0.6366213151927438,126
representation_level,A0,channel_dropout,0.2,44,3,0.34920634920634924,0.27085346215781,0.6109221466364324,126
representation_level,A0,channel_dropout,0.2,44,4,0.4682539682539682,0.4457264957264957,0.641156462585034,126
representation_level,A0,channel_dropout,0.2,45,0,0.34108527131782945,0.2150141860286788,0.5643591130340725,129
representation_level,A0,channel_dropout,0.2,45,1,0.4523809523809524,0.4043661595509061,0.6531557067271353,126
representation_level,A0,channel_dropout,0.2,45,2,0.41269841269841273,0.40305010893246185,0.5730347694633409,126
representation_level,A0,channel_dropout,0.2,45,3,0.5317460317460317,0.5317955294567627,0.6488095238095238,126
representation_level,A0,channel_dropout,0.2,45,4,0.4365079365079365,0.43651076592253063,0.6031746031746031,126
representation_level,A0,channel_dropout,0.2,46,0,0.38759689922480617,0.35466497587709706,0.606093383811069,129
representation_level,A0,channel_dropout,0.2,46,1,0.3968253968253968,0.3049439073875164,0.6577853363567648,126
representation_level,A0,channel_dropout,0.2,46,2,0.3650793650793651,0.3043927648578811,0.6032690854119425,126
representation_level,A0,channel_dropout,0.2,46,3,0.373015873015873,0.27473975300062253,0.607331821617536,126
representation_level,A0,channel_dropout,0.2,46,4,0.36507936507936506,0.31927672353204267,0.6166855631141346,126
representation_level,A0,channel_dropout,0.3,42,0,0.3643410852713178,0.2619894958331262,0.5933838110690464,129
representation_level,A0,channel_dropout,0.3,42,1,0.4603174603174603,0.3738842880147228,0.6936885865457295,126
representation_level,A0,channel_dropout,0.3,42,2,0.36507936507936506,0.26359007868441825,0.5552721088435374,126
representation_level,A0,channel_dropout,0.3,42,3,0.4682539682539682,0.3860412894895653,0.6171579743008314,126
representation_level,A0,channel_dropout,0.3,42,4,0.4444444444444444,0.44511515349267206,0.5973167044595616,126
representation_level,A0,channel_dropout,0.3,43,0,0.441860465116279,0.4401429947204594,0.6025779700739138,129
representation_level,A0,channel_dropout,0.3,43,1,0.4523809523809524,0.4056622622660358,0.6535336356764928,126
representation_level,A0,channel_dropout,0.3,43,2,0.3333333333333333,0.20410557184750733,0.5624527588813304,126
representation_level,A0,channel_dropout,0.3,43,3,0.35714285714285715,0.27537532677093907,0.5614134542705971,126
representation_level,A0,channel_dropout,0.3,43,4,0.36507936507936506,0.2823084789471344,0.5293839758125473,126
representation_level,A0,channel_dropout,0.3,44,0,0.37209302325581395,0.2647685240823085,0.5353344149990985,129
representation_level,A0,channel_dropout,0.3,44,1,0.41269841269841273,0.3489067380633646,0.5791761148904007,126
representation_level,A0,channel_dropout,0.3,44,2,0.36507936507936506,0.24329710144927533,0.654100529100529,126
representation_level,A0,channel_dropout,0.3,44,3,0.3968253968253968,0.3101639091364881,0.601379440665155,126
representation_level,A0,channel_dropout,0.3,44,4,0.3333333333333333,0.2056130664826317,0.5462962962962963,126
representation_level,A0,channel_dropout,0.3,45,0,0.3488372093023256,0.1986107537947003,0.5589507842076799,129
representation_level,A0,channel_dropout,0.3,45,1,0.35714285714285715,0.259655922752618,0.5518707482993198,126
representation_level,A0,channel_dropout,0.3,45,2,0.4841269841269842,0.4382716049382716,0.6233938019652304,126
representation_level,A0,channel_dropout,0.3,45,3,0.4047619047619047,0.3728488165507878,0.6024187452758881,126
representation_level,A0,channel_dropout,0.3,45,4,0.4285714285714286,0.39035002198390395,0.6220710506424791,126
representation_level,A0,channel_dropout,0.3,46,0,0.3953488372093023,0.33143615934627174,0.5868036776636019,129
representation_level,A0,channel_dropout,0.3,46,1,0.4761904761904762,0.4740643734160252,0.6597694633408918,126
representation_level,A0,channel_dropout,0.3,46,2,0.3650793650793651,0.3496117084826762,0.5743575207860921,126
representation_level,A0,channel_dropout,0.3,46,3,0.4841269841269842,0.4814102564102564,0.6704459561602419,126
representation_level,A0,channel_dropout,0.3,46,4,0.5317460317460317,0.5273032111395283,0.6803665910808768,126
representation_level,A1,amplitude_noise,20,42,0,0.44961240310077516,0.4482517644190553,0.6297998918334236,129
representation_level,A1,amplitude_noise,20,42,1,0.4603174603174603,0.46299781778505184,0.6516439909297052,126
representation_level,A1,amplitude_noise,20,42,2,0.4682539682539682,0.46287817577879525,0.6567460317460317,126
representation_level,A1,amplitude_noise,20,42,3,0.4523809523809524,0.4480553495744695,0.6772486772486772,126
representation_level,A1,amplitude_noise,20,42,4,0.5158730158730158,0.5125322381021524,0.6300075585789872,126
representation_level,A1,amplitude_noise,20,43,0,0.4186046511627907,0.42127970264170983,0.6104200468721832,129
representation_level,A1,amplitude_noise,20,43,1,0.4920634920634921,0.4936377097338686,0.6300075585789872,126
representation_level,A1,amplitude_noise,20,43,2,0.4841269841269842,0.4760081283378774,0.647392290249433,126
representation_level,A1,amplitude_noise,20,43,3,0.48412698412698413,0.4770267171195964,0.6780990173847318,126
representation_level,A1,amplitude_noise,20,43,4,0.4920634920634921,0.4900449017351474,0.6655328798185941,126
representation_level,A1,amplitude_noise,20,44,0,0.46511627906976744,0.4586138310893513,0.6462952947539211,129
representation_level,A1,amplitude_noise,20,44,1,0.4523809523809524,0.44927294927294925,0.6167800453514739,126
representation_level,A1,amplitude_noise,20,44,2,0.4841269841269842,0.4867603933559963,0.6406840513983371,126
representation_level,A1,amplitude_noise,20,44,3,0.43650793650793646,0.438740720684131,0.6574074074074074,126
representation_level,A1,amplitude_noise,20,44,4,0.4603174603174603,0.4590926235553079,0.658068783068783,126
representation_level,A1,amplitude_noise,20,45,0,0.4651162790697674,0.46418892760356173,0.6586443122408508,129
representation_level,A1,amplitude_noise,20,45,1,0.48412698412698413,0.47898912457051995,0.6502267573696145,126
representation_level,A1,amplitude_noise,20,45,2,0.41269841269841273,0.4108889771540374,0.5713340891912321,126
representation_level,A1,amplitude_noise,20,45,3,0.5396825396825397,0.5347985347985348,0.7031368102796675,126
representation_level,A1,amplitude_noise,20,45,4,0.4365079365079365,0.43743433678598853,0.6436130007558579,126
representation_level,A1,amplitude_noise,20,46,0,0.4573643410852713,0.45359590743078776,0.6837930412835768,129
representation_level,A1,amplitude_noise,20,46,1,0.38095238095238093,0.3748679728061171,0.5834278155706727,126
representation_level,A1,amplitude_noise,20,46,2,0.42857142857142855,0.4288369841189419,0.6410619803476946,126
representation_level,A1,amplitude_noise,20,46,3,0.42857142857142855,0.4288054177494291,0.6315192743764172,126
representation_level,A1,amplitude_noise,20,46,4,0.4523809523809524,0.452384927733765,0.6465419501133788,126
representation_level,A1,amplitude_noise,10,42,0,0.4728682170542635,0.4723994082250005,0.6316026681088877,129
representation_level,A1,amplitude_noise,10,42,1,0.4365079365079365,0.43803418803418803,0.6553287981859411,126
representation_level,A1,amplitude_noise,10,42,2,0.4523809523809524,0.4489383695118025,0.65854119425548,126
representation_level,A1,amplitude_noise,10,42,3,0.4761904761904761,0.4730454206999255,0.678193499622071,126
representation_level,A1,amplitude_noise,10,42,4,0.4920634920634921,0.4915962746372103,0.6323696145124716,126
representation_level,A1,amplitude_noise,10,43,0,0.4108527131782946,0.41140520875833,0.6190733729944115,129
representation_level,A1,amplitude_noise,10,43,1,0.5079365079365079,0.5090682101918057,0.6275510204081634,126
representation_level,A1,amplitude_noise,10,43,2,0.4920634920634921,0.48207103123662814,0.6524943310657596,126
representation_level,A1,amplitude_noise,10,43,3,0.4682539682539682,0.46406757634827805,0.6635487528344671,126
representation_level,A1,amplitude_noise,10,43,4,0.5,0.49788803899004946,0.66921768707483,126
representation_level,A1,amplitude_noise,10,44,0,0.4108527131782946,0.39627657565801894,0.6325941950603929,129
representation_level,A1,amplitude_noise,10,44,1,0.4365079365079365,0.43548419793630516,0.6016628873771731,126
representation_level,A1,amplitude_noise,10,44,2,0.4761904761904761,0.4783215747905954,0.6324640967498111,126
representation_level,A1,amplitude_noise,10,44,3,0.42857142857142855,0.43183861522855044,0.6461640211640212,126
representation_level,A1,amplitude_noise,10,44,4,0.4444444444444444,0.4431870943690373,0.6520219198790628,126
representation_level,A1,amplitude_noise,10,45,0,0.4728682170542635,0.4720584229628157,0.657833062916892,129
representation_level,A1,amplitude_noise,10,45,1,0.4682539682539683,0.4623482976971349,0.6411564625850341,126
representation_level,A1,amplitude_noise,10,45,2,0.38888888888888884,0.3890927141857894,0.5630196523053665,126
representation_level,A1,amplitude_noise,10,45,3,0.5396825396825397,0.536075036075036,0.6969954648526078,126
representation_level,A1,amplitude_noise,10,45,4,0.4523809523809524,0.45317224291676955,0.6491874527588813,126
representation_level,A1,amplitude_noise,10,46,0,0.46511627906976744,0.45899967994166885,0.668469442942131,129
representation_level,A1,amplitude_noise,10,46,1,0.373015873015873,0.36620996414810847,0.5803099017384731,126
representation_level,A1,amplitude_noise,10,46,2,0.4285714285714286,0.42691058011236716,0.6357709750566892,126
representation_level,A1,amplitude_noise,10,46,3,0.4603174603174603,0.4612297026090129,0.6315192743764173,126
representation_level,A1,amplitude_noise,10,46,4,0.4444444444444445,0.444149720011789,0.6443688586545729,126
representation_level,A1,amplitude_noise,5,42,0,0.44961240310077516,0.4486486089192547,0.631332251667568,129
representation_level,A1,amplitude_noise,5,42,1,0.4444444444444444,0.44716905901116427,0.6473922902494331,126
representation_level,A1,amplitude_noise,5,42,2,0.4523809523809524,0.44936539224899835,0.656557067271353,126
representation_level,A1,amplitude_noise,5,42,3,0.4682539682539682,0.46445443647112294,0.6767762660619803,126
representation_level,A1,amplitude_noise,5,42,4,0.48412698412698413,0.4789435352089628,0.6303854875283447,126
representation_level,A1,amplitude_noise,5,43,0,0.4186046511627907,0.41985917173887105,0.6202451775734631,129
representation_level,A1,amplitude_noise,5,43,1,0.4682539682539682,0.4692528735632184,0.6189531368102796,126
representation_level,A1,amplitude_noise,5,43,2,0.4603174603174603,0.45364139069009485,0.6535336356764928,126
representation_level,A1,amplitude_noise,5,43,3,0.4761904761904762,0.4777204054312488,0.6440854119425549,126
representation_level,A1,amplitude_noise,5,43,4,0.5079365079365079,0.5074127211860354,0.668461829176115,126
representation_level,A1,amplitude_noise,5,44,0,0.4186046511627907,0.40491100697281607,0.6169100414638544,129
representation_level,A1,amplitude_noise,5,44,1,0.42857142857142855,0.42513550135501355,0.5915532879818594,126
representation_level,A1,amplitude_noise,5,44,2,0.4444444444444444,0.44601766062029663,0.6231103552532123,126
representation_level,A1,amplitude_noise,5,44,3,0.4523809523809524,0.45485261760649237,0.6324640967498111,126
representation_level,A1,amplitude_noise,5,44,4,0.43650793650793646,0.4358128360805737,0.6369047619047619,126
representation_level,A1,amplitude_noise,5,45,0,0.4883720930232558,0.485432645639364,0.6517036235803138,129
representation_level,A1,amplitude_noise,5,45,1,0.42063492063492064,0.4142489318959907,0.6310468631897204,126
representation_level,A1,amplitude_noise,5,45,2,0.373015873015873,0.3747971602434077,0.5596182917611489,126
representation_level,A1,amplitude_noise,5,45,3,0.4920634920634921,0.49169579976693517,0.6837679516250944,126
representation_level,A1,amplitude_noise,5,45,4,0.4365079365079365,0.43760162601626024,0.64786470143613,126
representation_level,A1,amplitude_noise,5,46,0,0.46511627906976744,0.46157546157546153,0.6522444564629529,129
representation_level,A1,amplitude_noise,5,46,1,0.38888888888888884,0.379433432065011,0.573790627362056,126
representation_level,A1,amplitude_noise,5,46,2,0.42857142857142855,0.42744981117074143,0.6226379440665154,126
representation_level,A1,amplitude_noise,5,46,3,0.4682539682539683,0.4713414634146342,0.6311413454270598,126
representation_level,A1,amplitude_noise,5,46,4,0.4603174603174603,0.4596063239214996,0.6403061224489796,126
representation_level,A1,channel_dropout,0.1,42,0,0.48062015503875966,0.4773582660180599,0.6283576708130522,129
representation_level,A1,channel_dropout,0.1,42,1,0.4444444444444445,0.4446608946608947,0.6537226001511716,126
representation_level,A1,channel_dropout,0.1,42,2,0.45238095238095233,0.4484391804552348,0.6471088435374149,126
representation_level,A1,channel_dropout,0.1,42,3,0.4523809523809524,0.4440603394091766,0.6609032501889645,126
representation_level,A1,channel_dropout,0.1,42,4,0.4920634920634921,0.49057471264367813,0.635204081632653,126
representation_level,A1,channel_dropout,0.1,43,0,0.4108527131782946,0.407936507936508,0.5990625563367585,129
representation_level,A1,channel_dropout,0.1,43,1,0.4761904761904762,0.4772727272727273,0.6309523809523809,126
representation_level,A1,channel_dropout,0.1,43,2,0.4365079365079365,0.4305996472663139,0.6355820105820106,126
representation_level,A1,channel_dropout,0.1,43,3,0.5,0.49902890695573626,0.667233560090703,126
representation_level,A1,channel_dropout,0.1,43,4,0.4523809523809524,0.4463313589985502,0.6422902494331065,126
representation_level,A1,channel_dropout,0.1,44,0,0.434108527131783,0.4253401360544218,0.633044889129259,129
representation_level,A1,channel_dropout,0.1,44,1,0.4523809523809524,0.4453639846743295,0.6110166288737716,126
representation_level,A1,channel_dropout,0.1,44,2,0.4444444444444444,0.4465008675534991,0.6406840513983371,126
representation_level,A1,channel_dropout,0.1,44,3,0.4761904761904762,0.4779468109082714,0.6613756613756614,126
representation_level,A1,channel_dropout,0.1,44,4,0.4920634920634921,0.4853599244559998,0.6842403628117913,126
representation_level,A1,channel_dropout,0.1,45,0,0.4573643410852713,0.45242387151811875,0.6483684874707049,129
representation_level,A1,channel_dropout,0.1,45,1,0.4682539682539682,0.4611111111111111,0.6511715797430083,126
representation_level,A1,channel_dropout,0.1,45,2,0.3968253968253968,0.39309438389855367,0.5783257747543463,126
representation_level,A1,channel_dropout,0.1,45,3,0.5396825396825397,0.5354899451284993,0.7153250188964474,126
representation_level,A1,channel_dropout,0.1,45,4,0.4444444444444445,0.43843563843563843,0.6352985638699925,126
representation_level,A1,channel_dropout,0.1,46,0,0.4883720930232558,0.48378165399441997,0.6950603930052281,129
representation_level,A1,channel_dropout,0.1,46,1,0.41269841269841273,0.4007655526642869,0.578042328042328,126
representation_level,A1,channel_dropout,0.1,46,2,0.4444444444444444,0.44458849904113656,0.625755857898715,126
representation_level,A1,channel_dropout,0.1,46,3,0.4682539682539682,0.46222054555217956,0.6196145124716553,126
representation_level,A1,channel_dropout,0.1,46,4,0.49206349206349204,0.4920561941251596,0.6701625094482236,126
representation_level,A1,channel_dropout,0.2,42,0,0.44961240310077516,0.44735379000084885,0.6240310077519381,129
representation_level,A1,channel_dropout,0.2,42,1,0.4523809523809524,0.45244867965675817,0.6188586545729403,126
representation_level,A1,channel_dropout,0.2,42,2,0.4761904761904762,0.45789154484806655,0.6476757369614513,126
representation_level,A1,channel_dropout,0.2,42,3,0.42063492063492064,0.4172182659370063,0.6301965230536659,126
representation_level,A1,channel_dropout,0.2,42,4,0.4761904761904762,0.4726569399183396,0.6105442176870748,126
representation_level,A1,channel_dropout,0.2,43,0,0.44961240310077527,0.4498871631488119,0.6254732287723094,129
representation_level,A1,channel_dropout,0.2,43,1,0.4761904761904762,0.46814732657988917,0.6485260770975056,126
representation_level,A1,channel_dropout,0.2,43,2,0.4523809523809524,0.4398533647551715,0.628495842781557,126
representation_level,A1,channel_dropout,0.2,43,3,0.48412698412698413,0.4783337432477978,0.6653439153439153,126
representation_level,A1,channel_dropout,0.2,43,4,0.4920634920634921,0.4907371662456288,0.6601473922902494,126
representation_level,A1,channel_dropout,0.2,44,0,0.44961240310077516,0.4481481481481482,0.6468361276365603,129
representation_level,A1,channel_dropout,0.2,44,1,0.4285714285714286,0.4178621746772588,0.6195200302343159,126
representation_level,A1,channel_dropout,0.2,44,2,0.4365079365079365,0.4393210668948795,0.6328420256991686,126
representation_level,A1,channel_dropout,0.2,44,3,0.4603174603174603,0.4590504403994283,0.6240551776266062,126
representation_level,A1,channel_dropout,0.2,44,4,0.4444444444444444,0.44250261117731,0.641628873771731,126
representation_level,A1,channel_dropout,0.2,45,0,0.44961240310077516,0.43913976412887407,0.6529655669731386,129
representation_level,A1,channel_dropout,0.2,45,1,0.4682539682539682,0.4664380116779802,0.6455026455026455,126
representation_level,A1,channel_dropout,0.2,45,2,0.4047619047619048,0.402545011506701,0.5898526077097505,126
representation_level,A1,channel_dropout,0.2,45,3,0.5396825396825397,0.5367181408011393,0.6884920634920634,126
representation_level,A1,channel_dropout,0.2,45,4,0.4523809523809524,0.44891532861457667,0.6354875283446711,126
representation_level,A1,channel_dropout,0.2,46,0,0.4728682170542635,0.46577259077259076,0.6857760951865872,129
representation_level,A1,channel_dropout,0.2,46,1,0.4047619047619048,0.39773886892825794,0.571806500377929,126
representation_level,A1,channel_dropout,0.2,46,2,0.41269841269841273,0.4146927146927147,0.6091269841269842,126
representation_level,A1,channel_dropout,0.2,46,3,0.4365079365079365,0.43132110270510315,0.6367157974300831,126
representation_level,A1,channel_dropout,0.2,46,4,0.4603174603174603,0.4568228706159741,0.6480536659108087,126
representation_level,A1,channel_dropout,0.3,42,0,0.44961240310077516,0.44386856854463835,0.6358391923562285,129
representation_level,A1,channel_dropout,0.3,42,1,0.4444444444444444,0.44402892468751415,0.6249055177626607,126
representation_level,A1,channel_dropout,0.3,42,2,0.4761904761904762,0.46468866332911557,0.6485260770975058,126
representation_level,A1,channel_dropout,0.3,42,3,0.42063492063492064,0.41987476349933894,0.6519274376417235,126
representation_level,A1,channel_dropout,0.3,42,4,0.42857142857142855,0.4260486551520219,0.6168745275888133,126
representation_level,A1,channel_dropout,0.3,43,0,0.4186046511627907,0.42046650667340324,0.6078961600865332,129
representation_level,A1,channel_dropout,0.3,43,1,0.3968253968253968,0.3970349115255858,0.5990173847316704,126
representation_level,A1,channel_dropout,0.3,43,2,0.45238095238095233,0.4364230540701129,0.6271730914588057,126
representation_level,A1,channel_dropout,0.3,43,3,0.4841269841269842,0.4659439546193149,0.6535336356764928,126
representation_level,A1,channel_dropout,0.3,43,4,0.4682539682539682,0.45925925925925926,0.6530612244897959,126
representation_level,A1,channel_dropout,0.3,44,0,0.44186046511627913,0.43570497602755665,0.6234901748692986,129
representation_level,A1,channel_dropout,0.3,44,1,0.4603174603174603,0.4357414810584428,0.6273620559334845,126
representation_level,A1,channel_dropout,0.3,44,2,0.4523809523809524,0.4560948143265217,0.6308578987150416,126
representation_level,A1,channel_dropout,0.3,44,3,0.4444444444444445,0.4442025806306458,0.641156462585034,126
representation_level,A1,channel_dropout,0.3,44,4,0.4444444444444444,0.4379616837063646,0.6449357520786093,126
representation_level,A1,channel_dropout,0.3,45,0,0.4728682170542635,0.46520902352534704,0.6486389039120245,129
representation_level,A1,channel_dropout,0.3,45,1,0.4761904761904762,0.47201643549958155,0.6745086923658352,126
representation_level,A1,channel_dropout,0.3,45,2,0.4444444444444444,0.4416673727975777,0.5565003779289494,126
representation_level,A1,channel_dropout,0.3,45,3,0.5317460317460317,0.5238316025846453,0.7049319727891157,126
representation_level,A1,channel_dropout,0.3,45,4,0.4920634920634921,0.4905635227063798,0.6626984126984127,126
representation_level,A1,channel_dropout,0.3,46,0,0.48062015503875966,0.46787096995237604,0.70100955471426,129
representation_level,A1,channel_dropout,0.3,46,1,0.38095238095238093,0.3735421575611449,0.5663265306122448,126
representation_level,A1,channel_dropout,0.3,46,2,0.4682539682539682,0.46247514882223933,0.6522108843537415,126
representation_level,A1,channel_dropout,0.3,46,3,0.4603174603174603,0.44403676717701396,0.6124338624338624,126
representation_level,A1,channel_dropout,0.3,46,4,0.5079365079365079,0.494386660637052,0.6759259259259259,126
representation_level,A2,amplitude_noise,20,42,0,0.3798449612403101,0.380155207028592,0.560077519379845,129
representation_level,A2,amplitude_noise,20,42,1,0.3412698412698412,0.33433319650995125,0.5070861678004536,126
representation_level,A2,amplitude_noise,20,42,2,0.38888888888888884,0.38804399808703965,0.5317932728647015,126
representation_level,A2,amplitude_noise,20,42,3,0.3412698412698412,0.3396415479075232,0.5369897959183674,126
representation_level,A2,amplitude_noise,20,42,4,0.373015873015873,0.37181630946797445,0.5712868480725624,126
representation_level,A2,amplitude_noise,20,43,0,0.35658914728682173,0.34829968939963024,0.49720569677303034,129
representation_level,A2,amplitude_noise,20,43,1,0.3333333333333333,0.3289024700789407,0.520266439909297,126
representation_level,A2,amplitude_noise,20,43,2,0.34920634920634924,0.34925625422582823,0.5026455026455027,126
representation_level,A2,amplitude_noise,20,43,3,0.35714285714285715,0.35724292518912865,0.5133219954648526,126
representation_level,A2,amplitude_noise,20,43,4,0.35714285714285715,0.35419672064530544,0.514786470143613,126
representation_level,A2,amplitude_noise,20,44,0,0.3333333333333333,0.33293063525621663,0.5045970795024338,129
representation_level,A2,amplitude_noise,20,44,1,0.3412698412698412,0.3396415479075232,0.4824263038548753,126
representation_level,A2,amplitude_noise,20,44,2,0.3968253968253968,0.394613477574938,0.5612244897959183,126
representation_level,A2,amplitude_noise,20,44,3,0.4047619047619048,0.390460334047716,0.5406273620559334,126
representation_level,A2,amplitude_noise,20,44,4,0.3968253968253968,0.39578904747444077,0.5679799697656841,126
representation_level,A2,amplitude_noise,20,45,0,0.2635658914728682,0.25969976136828193,0.4577248963403641,129
representation_level,A2,amplitude_noise,20,45,1,0.41269841269841273,0.41228875743906945,0.6031746031746031,126
representation_level,A2,amplitude_noise,20,45,2,0.41269841269841273,0.401961646985669,0.5313681027966742,126
representation_level,A2,amplitude_noise,20,45,3,0.30952380952380953,0.30934750236902664,0.48403250188964475,126
representation_level,A2,amplitude_noise,20,45,4,0.23015873015873015,0.2295695289610097,0.4530423280423281,126
representation_level,A2,amplitude_noise,20,46,0,0.2868217054263566,0.2788874193780215,0.45533621777537414,129
representation_level,A2,amplitude_noise,20,46,1,0.3412698412698412,0.33961566888396155,0.49730725623582767,126
representation_level,A2,amplitude_noise,20,46,2,0.42063492063492064,0.4199325391453454,0.5459183673469388,126
representation_level,A2,amplitude_noise,20,46,3,0.38888888888888884,0.3897622267297724,0.5620748299319728,126
representation_level,A2,amplitude_noise,20,46,4,0.34920634920634924,0.3492059721482246,0.5422808012093726,126
representation_level,A2,amplitude_noise,10,42,0,0.3565891472868217,0.3554704129416773,0.5602127276005048,129
representation_level,A2,amplitude_noise,10,42,1,0.3333333333333333,0.3276425882024822,0.5131330309901738,126
representation_level,A2,amplitude_noise,10,42,2,0.38888888888888884,0.3886402753872633,0.5267384731670446,126
representation_level,A2,amplitude_noise,10,42,3,0.3412698412698412,0.340988063810104,0.5243291761148904,126
representation_level,A2,amplitude_noise,10,42,4,0.373015873015873,0.37129971383320753,0.5590513983371127,126
representation_level,A2,amplitude_noise,10,43,0,0.34108527131782945,0.33717228464419474,0.48981431404362713,129
representation_level,A2,amplitude_noise,10,43,1,0.34920634920634924,0.34404702832892636,0.5127078609221466,126
representation_level,A2,amplitude_noise,10,43,2,0.3253968253968254,0.32501847745750184,0.48578042328042326,126
representation_level,A2,amplitude_noise,10,43,3,0.34920634920634924,0.3494087213599409,0.4994331065759637,126
representation_level,A2,amplitude_noise,10,43,4,0.35714285714285715,0.3551546252349465,0.5059996220710506,126
representation_level,A2,amplitude_noise,10,44,0,0.34108527131782945,0.3402469602073039,0.5027943032269696,129
representation_level,A2,amplitude_noise,10,44,1,0.30952380952380953,0.30832487458993485,0.4788359788359789,126
representation_level,A2,amplitude_noise,10,44,2,0.38095238095238093,0.3781460582131621,0.5510204081632653,126
representation_level,A2,amplitude_noise,10,44,3,0.38095238095238093,0.3686204646076236,0.5269274376417233,126
representation_level,A2,amplitude_noise,10,44,4,0.38095238095238093,0.37913474762717203,0.5529572940287225,126
representation_level,A2,amplitude_noise,10,45,0,0.24806201550387597,0.24705387205387205,0.4537137191274563,129
representation_level,A2,amplitude_noise,10,45,1,0.38888888888888884,0.38811133648861845,0.5898526077097506,126
representation_level,A2,amplitude_noise,10,45,2,0.41269841269841273,0.4050179211469534,0.5338718820861678,126
representation_level,A2,amplitude_noise,10,45,3,0.3412698412698412,0.3398302069035637,0.47680461073318225,126
representation_level,A2,amplitude_noise,10,45,4,0.2619047619047619,0.258498230277692,0.4425547996976569,126
representation_level,A2,amplitude_noise,10,46,0,0.27906976744186046,0.27193508738361555,0.4532179556517036,129
representation_level,A2,amplitude_noise,10,46,1,0.3412698412698412,0.33961566888396155,0.4928193499622071,126
representation_level,A2,amplitude_noise,10,46,2,0.4365079365079365,0.4350775193798449,0.5299981103552532,126
representation_level,A2,amplitude_noise,10,46,3,0.36507936507936506,0.3657426188866351,0.5503590325018896,126
representation_level,A2,amplitude_noise,10,46,4,0.3333333333333333,0.3336796859134908,0.5320767195767196,126
representation_level,A2,amplitude_noise,5,42,0,0.37209302325581395,0.3704752275025278,0.5611141157382369,129
representation_level,A2,amplitude_noise,5,42,1,0.3333333333333333,0.3276425882024822,0.5046296296296297,126
representation_level,A2,amplitude_noise,5,42,2,0.38888888888888884,0.3886402753872633,0.5260770975056689,126
representation_level,A2,amplitude_noise,5,42,3,0.34920634920634924,0.34860244766374765,0.5190854119425549,126
representation_level,A2,amplitude_noise,5,42,4,0.3571428571428572,0.3563218390804597,0.5539021164021164,126
representation_level,A2,amplitude_noise,5,43,0,0.3488372093023256,0.34503367003367,0.4891833423472147,129
representation_level,A2,amplitude_noise,5,43,1,0.34920634920634924,0.34404702832892636,0.5110071806500377,126
representation_level,A2,amplitude_noise,5,43,2,0.3253968253968254,0.32501847745750184,0.4774187452758882,126
representation_level,A2,amplitude_noise,5,43,3,0.3412698412698412,0.34120628347357135,0.4957482993197278,126
representation_level,A2,amplitude_noise,5,43,4,0.34920634920634913,0.3478075776926351,0.5011810279667422,126
representation_level,A2,amplitude_noise,5,44,0,0.34108527131782945,0.3408671431927246,0.5021182621236705,129
representation_level,A2,amplitude_noise,5,44,1,0.30952380952380953,0.30832487458993485,0.4796390778533636,126
representation_level,A2,amplitude_noise,5,44,2,0.38095238095238093,0.3781460582131621,0.5527210884353742,126
representation_level,A2,amplitude_noise,5,44,3,0.38095238095238093,0.3688348795495789,0.5250377928949358,126
representation_level,A2,amplitude_noise,5,44,4,0.373015873015873,0.3716101905757078,0.5509259259259259,126
representation_level,A2,amplitude_noise,5,45,0,0.24806201550387597,0.24705387205387205,0.4533982332792501,129
representation_level,A2,amplitude_noise,5,45,1,0.38888888888888884,0.38811133648861845,0.5873015873015873,126
representation_level,A2,amplitude_noise,5,45,2,0.41269841269841273,0.4050179211469534,0.5385015117157974,126
representation_level,A2,amplitude_noise,5,45,3,0.3333333333333333,0.3327858711872366,0.4755291005291005,126
representation_level,A2,amplitude_noise,5,45,4,0.2619047619047619,0.258498230277692,0.44652305366591083,126
representation_level,A2,amplitude_noise,5,46,0,0.27906976744186046,0.2714351468286845,0.4529926086172706,129
representation_level,A2,amplitude_noise,5,46,1,0.3412698412698412,0.33961566888396155,0.4969765684051399,126
representation_level,A2,amplitude_noise,5,46,2,0.42063492063492064,0.4198443106489083,0.5325963718820862,126
representation_level,A2,amplitude_noise,5,46,3,0.373015873015873,0.3736434108527132,0.5493669690098261,126
representation_level,A2,amplitude_noise,5,46,4,0.3333333333333333,0.3336796859134908,0.5304232804232804,126
representation_level,A2,channel_dropout,0.1,42,0,0.31007751937984496,0.17160848079069024,0.5245177573463133,129
representation_level,A2,channel_dropout,0.1,42,1,0.3333333333333333,0.16666666666666666,0.5560279667422524,126
representation_level,A2,channel_dropout,0.1,42,2,0.3333333333333333,0.16666666666666666,0.5,126
representation_level,A2,channel_dropout,0.1,42,3,0.3333333333333333,0.16666666666666666,0.6008125472411187,126
representation_level,A2,channel_dropout,0.1,42,4,0.3333333333333333,0.16666666666666666,0.49414210128495845,126
representation_level,A2,channel_dropout,0.1,43,0,0.3333333333333333,0.16666666666666666,0.5682350820263206,129
representation_level,A2,channel_dropout,0.1,43,1,0.3333333333333333,0.16666666666666666,0.5162509448223734,126
representation_level,A2,channel_dropout,0.1,43,2,0.4444444444444445,0.3501408363512551,0.6354875283446711,126
representation_level,A2,channel_dropout,0.1,43,3,0.3333333333333333,0.16666666666666666,0.5793178382464096,126
representation_level,A2,channel_dropout,0.1,43,4,0.34920634920634924,0.2673076923076923,0.6101662887377172,126
representation_level,A2,channel_dropout,0.1,44,0,0.3333333333333333,0.16666666666666666,0.5127095727420227,129
representation_level,A2,channel_dropout,0.1,44,1,0.3333333333333333,0.16666666666666666,0.5,126
representation_level,A2,channel_dropout,0.1,44,2,0.3333333333333333,0.16666666666666666,0.5,126
representation_level,A2,channel_dropout,0.1,44,3,0.3333333333333333,0.16666666666666666,0.5,126
representation_level,A2,channel_dropout,0.1,44,4,0.3333333333333333,0.16666666666666666,0.5466742252456539,126
representation_level,A2,channel_dropout,0.1,45,0,0.3333333333333333,0.16666666666666666,0.5541734270776996,129
representation_level,A2,channel_dropout,0.1,45,1,0.3333333333333333,0.16666666666666666,0.5679327286470143,126
representation_level,A2,channel_dropout,0.1,45,2,0.3333333333333333,0.16666666666666666,0.5,126
representation_level,A2,channel_dropout,0.1,45,3,0.3333333333333333,0.16666666666666666,0.5062358276643991,126
representation_level,A2,channel_dropout,0.1,45,4,0.3333333333333333,0.16666666666666666,0.5,126
representation_level,A2,channel_dropout,0.1,46,0,0.3333333333333333,0.16666666666666666,0.5380385794122949,129
representation_level,A2,channel_dropout,0.1,46,1,0.30158730158730157,0.17802347474261906,0.5891912320483749,126
representation_level,A2,channel_dropout,0.1,46,2,0.3333333333333333,0.16666666666666666,0.5145502645502645,126
representation_level,A2,channel_dropout,0.1,46,3,0.3333333333333333,0.16666666666666666,0.6180083144368859,126
representation_level,A2,channel_dropout,0.1,46,4,0.3333333333333333,0.16666666666666666,0.5,126
representation_level,A2,channel_dropout,0.2,42,0,0.3333333333333333,0.16666666666666666,0.5,129
representation_level,A2,channel_dropout,0.2,42,1,0.3333333333333333,0.16666666666666666,0.5,126
representation_level,A2,channel_dropout,0.2,42,2,0.3333333333333333,0.16666666666666666,0.5,126
representation_level,A2,channel_dropout,0.2,42,3,0.3333333333333333,0.16666666666666666,0.6213151927437642,126
representation_level,A2,channel_dropout,0.2,42,4,0.3333333333333333,0.16666666666666666,0.5799319727891157,126
representation_level,A2,channel_dropout,0.2,43,0,0.3488372093023256,0.19825708061002179,0.5729673697494141,129
representation_level,A2,channel_dropout,0.2,43,1,0.3333333333333333,0.16666666666666666,0.5,126
representation_level,A2,channel_dropout,0.2,43,2,0.35714285714285715,0.232878935410581,0.608985260770975,126
representation_level,A2,channel_dropout,0.2,43,3,0.3333333333333333,0.16666666666666666,0.518896447467876,126
representation_level,A2,channel_dropout,0.2,43,4,0.3333333333333333,0.16666666666666666,0.5,126
representation_level,A2,channel_dropout,0.2,44,0,0.3333333333333333,0.16666666666666666,0.5,129
representation_level,A2,channel_dropout,0.2,44,1,0.3333333333333333,0.16666666666666666,0.553193499622071,126
representation_level,A2,channel_dropout,0.2,44,2,0.3333333333333333,0.16666666666666666,0.5051020408163266,126
representation_level,A2,channel_dropout,0.2,44,3,0.34920634920634924,0.19932659932659932,0.5632558578987151,126
representation_level,A2,channel_dropout,0.2,44,4,0.3333333333333333,0.16666666666666666,0.5672713529856387,126
representation_level,A2,channel_dropout,0.2,45,0,0.3333333333333333,0.16666666666666666,0.5,129
representation_level,A2,channel_dropout,0.2,45,1,0.3888888888888889,0.2815656565656566,0.610355253212396,126
representation_level,A2,channel_dropout,0.2,45,2,0.3333333333333333,0.16666666666666666,0.5,126
representation_level,A2,channel_dropout,0.2,45,3,0.3333333333333333,0.16666666666666666,0.5744520030234316,126
representation_level,A2,channel_dropout,0.2,45,4,0.3333333333333333,0.16666666666666666,0.5195578231292517,126
representation_level,A2,channel_dropout,0.2,46,0,0.3333333333333333,0.16666666666666666,0.5,129
representation_level,A2,channel_dropout,0.2,46,1,0.3333333333333333,0.16666666666666666,0.5863567649281936,126
representation_level,A2,channel_dropout,0.2,46,2,0.3333333333333333,0.16666666666666666,0.5270219198790628,126
representation_level,A2,channel_dropout,0.2,46,3,0.3333333333333333,0.16666666666666666,0.519652305366591,126
representation_level,A2,channel_dropout,0.2,46,4,0.3333333333333333,0.16666666666666666,0.5,126
representation_level,A2,channel_dropout,0.3,42,0,0.3333333333333333,0.16666666666666666,0.5,129
representation_level,A2,channel_dropout,0.3,42,1,0.3333333333333333,0.16666666666666666,0.5084089191232048,126
representation_level,A2,channel_dropout,0.3,42,2,0.3333333333333333,0.16666666666666666,0.5450680272108843,126
representation_level,A2,channel_dropout,0.3,42,3,0.3333333333333333,0.16666666666666666,0.5,126
representation_level,A2,channel_dropout,0.3,42,4,0.3333333333333333,0.16666666666666666,0.5327853363567648,126
representation_level,A2,channel_dropout,0.3,43,0,0.3333333333333333,0.16666666666666666,0.48278348656931674,129
representation_level,A2,channel_dropout,0.3,43,1,0.3333333333333333,0.16666666666666666,0.5271164021164021,126
representation_level,A2,channel_dropout,0.3,43,2,0.3333333333333333,0.16666666666666666,0.5219198790627362,126
representation_level,A2,channel_dropout,0.3,43,3,0.3333333333333333,0.16666666666666666,0.5443121693121693,126
representation_level,A2,channel_dropout,0.3,43,4,0.3333333333333333,0.16666666666666666,0.5,126
representation_level,A2,channel_dropout,0.3,44,0,0.3333333333333333,0.16666666666666666,0.5,129
representation_level,A2,channel_dropout,0.3,44,1,0.3333333333333333,0.16666666666666666,0.5,126
representation_level,A2,channel_dropout,0.3,44,2,0.3333333333333333,0.16666666666666666,0.5,126
representation_level,A2,channel_dropout,0.3,44,3,0.3333333333333333,0.16666666666666666,0.5,126
representation_level,A2,channel_dropout,0.3,44,4,0.3333333333333333,0.16666666666666666,0.5294784580498866,126
representation_level,A2,channel_dropout,0.3,45,0,0.3333333333333333,0.16666666666666666,0.5,129
representation_level,A2,channel_dropout,0.3,45,1,0.3333333333333333,0.16666666666666666,0.523620559334845,126
representation_level,A2,channel_dropout,0.3,45,2,0.3333333333333333,0.16666666666666666,0.5249905517762661,126
representation_level,A2,channel_dropout,0.3,45,3,0.3333333333333333,0.16666666666666666,0.5,126
representation_level,A2,channel_dropout,0.3,45,4,0.3333333333333333,0.16666666666666666,0.5081254724111867,126
representation_level,A2,channel_dropout,0.3,46,0,0.34108527131782945,0.27318251443384,0.5745447989904453,129
representation_level,A2,channel_dropout,0.3,46,1,0.3333333333333333,0.16666666666666666,0.5379818594104309,126
representation_level,A2,channel_dropout,0.3,46,2,0.3333333333333333,0.16666666666666666,0.5,126
representation_level,A2,channel_dropout,0.3,46,3,0.3333333333333333,0.16666666666666666,0.5,126
representation_level,A2,channel_dropout,0.3,46,4,0.3333333333333333,0.16666666666666666,0.5,126
representation_level,A3,amplitude_noise,20,42,0,0.3875968992248062,0.3881575700685329,0.5225347034433027,129
representation_level,A3,amplitude_noise,20,42,1,0.38095238095238093,0.38169757682415056,0.5535714285714286,126
representation_level,A3,amplitude_noise,20,42,2,0.2619047619047619,0.26130775542540247,0.47628495842781565,126
representation_level,A3,amplitude_noise,20,42,3,0.3412698412698412,0.34074898034853546,0.5076530612244897,126
representation_level,A3,amplitude_noise,20,42,4,0.3333333333333333,0.3332658077411339,0.5089758125472411,126
representation_level,A3,amplitude_noise,20,43,0,0.34108527131782945,0.34236196351199655,0.49873805660717513,129
representation_level,A3,amplitude_noise,20,43,1,0.30952380952380953,0.3078742608154373,0.4955593348450491,126
representation_level,A3,amplitude_noise,20,43,2,0.30158730158730157,0.30234475540171235,0.48932350718065004,126
representation_level,A3,amplitude_noise,20,43,3,0.3253968253968254,0.32508682328907046,0.49867724867724866,126
representation_level,A3,amplitude_noise,20,43,4,0.3650793650793651,0.364264605643916,0.5240929705215419,126
representation_level,A3,amplitude_noise,20,44,0,0.42635658914728686,0.4265339747267458,0.5621056426897422,129
representation_level,A3,amplitude_noise,20,44,1,0.42063492063492064,0.42047403095528174,0.5817271352985639,126
representation_level,A3,amplitude_noise,20,44,2,0.30158730158730157,0.30153529597974044,0.439625850340136,126
representation_level,A3,amplitude_noise,20,44,3,0.2698412698412698,0.26839826839826836,0.4537981859410431,126
representation_level,A3,amplitude_noise,20,44,4,0.24603174603174605,0.245755390085287,0.4492630385487528,126
representation_level,A3,amplitude_noise,20,45,0,0.3798449612403101,0.38026037509241645,0.5483144041824409,129
representation_level,A3,amplitude_noise,20,45,1,0.3412698412698412,0.33883695506417294,0.48866213151927435,126
representation_level,A3,amplitude_noise,20,45,2,0.35714285714285715,0.35364455364455366,0.5523431594860166,126
representation_level,A3,amplitude_noise,20,45,3,0.29365079365079366,0.2935716302753714,0.4458616780045352,126
representation_level,A3,amplitude_noise,20,45,4,0.38095238095238093,0.3784992784992785,0.5406273620559335,126
representation_level,A3,amplitude_noise,20,46,0,0.3178294573643411,0.3162144365956057,0.5007211105101858,129
representation_level,A3,amplitude_noise,20,46,1,0.27777777777777773,0.27778912027584957,0.47401738473167043,126
representation_level,A3,amplitude_noise,20,46,2,0.3650793650793651,0.36346986346986343,0.5360922146636432,126
representation_level,A3,amplitude_noise,20,46,3,0.27777777777777773,0.2729186516038293,0.43820861678004536,126
representation_level,A3,amplitude_noise,20,46,4,0.3412698412698412,0.3381296599381705,0.47382842025699173,126
representation_level,A3,amplitude_noise,10,42,0,0.3488372093023256,0.34880161242786384,0.4958536145664323,129
representation_level,A3,amplitude_noise,10,42,1,0.3968253968253968,0.3967304625199362,0.552437641723356,126
representation_level,A3,amplitude_noise,10,42,2,0.30158730158730157,0.29805427547363034,0.4774187452758882,126
representation_level,A3,amplitude_noise,10,42,3,0.31746031746031744,0.31864581038407874,0.49867724867724866,126
representation_level,A3,amplitude_noise,10,42,4,0.3253968253968254,0.3247657295850067,0.4998110355253212,126
representation_level,A3,amplitude_noise,10,43,0,0.34108527131782945,0.3418753383439715,0.48738056607175057,129
representation_level,A3,amplitude_noise,10,43,1,0.30952380952380953,0.3085370559527863,0.4956538170823885,126
representation_level,A3,amplitude_noise,10,43,2,0.31746031746031744,0.31735511279374135,0.4935752078609221,126
representation_level,A3,amplitude_noise,10,43,3,0.30952380952380953,0.30806438389855983,0.5021730914588057,126
representation_level,A3,amplitude_noise,10,43,4,0.3650793650793651,0.3635962140823634,0.5207860922146637,126
representation_level,A3,amplitude_noise,10,44,0,0.3953488372093023,0.3950588141489679,0.55390301063638,129
representation_level,A3,amplitude_noise,10,44,1,0.41269841269841273,0.4130081300813009,0.5856953892668179,126
representation_level,A3,amplitude_noise,10,44,2,0.2777777777777778,0.2785886598147135,0.42479213907785346,126
representation_level,A3,amplitude_noise,10,44,3,0.2698412698412698,0.270959595959596,0.44633408919123213,126
representation_level,A3,amplitude_noise,10,44,4,0.23809523809523805,0.23640350877192984,0.4305555555555556,126
representation_level,A3,amplitude_noise,10,45,0,0.3488372093023256,0.34877410846403095,0.5340724716062737,129
representation_level,A3,amplitude_noise,10,45,1,0.3253968253968254,0.32063403781979977,0.4756235827664399,126
representation_level,A3,amplitude_noise,10,45,2,0.38095238095238093,0.37848474464714044,0.5494142101284957,126
representation_level,A3,amplitude_noise,10,45,3,0.25396825396825395,0.2536869523170893,0.4264928193499622,126
representation_level,A3,amplitude_noise,10,45,4,0.3968253968253968,0.3971720281986873,0.5274943310657597,126
representation_level,A3,amplitude_noise,10,46,0,0.3023255813953488,0.3021346469622332,0.47025419145484043,129
representation_level,A3,amplitude_noise,10,46,1,0.28571428571428564,0.28298366073234643,0.4688208616780045,126
representation_level,A3,amplitude_noise,10,46,2,0.35714285714285715,0.35287081339712917,0.5274943310657596,126
representation_level,A3,amplitude_noise,10,46,3,0.23809523809523805,0.23775061322954041,0.4113756613756614,126
representation_level,A3,amplitude_noise,10,46,4,0.3015873015873016,0.3006562483435904,0.46891534391534395,126
representation_level,A3,amplitude_noise,5,42,0,0.34108527131782945,0.34166075470423296,0.4891833423472147,129
representation_level,A3,amplitude_noise,5,42,1,0.3888888888888889,0.38885229102620406,0.5491307634164777,126
representation_level,A3,amplitude_noise,5,42,2,0.29365079365079366,0.2927378776596945,0.47978080120937266,126
representation_level,A3,amplitude_noise,5,42,3,0.3253968253968254,0.32683113406004966,0.498015873015873,126
representation_level,A3,amplitude_noise,5,42,4,0.31746031746031744,0.31644293187117917,0.4984882842025699,126
representation_level,A3,amplitude_noise,5,43,0,0.35658914728682173,0.3580824894807417,0.4857580674238328,129
representation_level,A3,amplitude_noise,5,43,1,0.3253968253968254,0.32519027813145457,0.49584278155706724,126
representation_level,A3,amplitude_noise,5,43,2,0.3412698412698412,0.3398595789628274,0.493291761148904,126
representation_level,A3,amplitude_noise,5,43,3,0.3015873015873016,0.30081800708696566,0.5023620559334845,126
representation_level,A3,amplitude_noise,5,43,4,0.36507936507936506,0.3628815628815629,0.5158730158730159,126
representation_level,A3,amplitude_noise,5,44,0,0.38759689922480617,0.3871152233706186,0.5495763475752659,129
representation_level,A3,amplitude_noise,5,44,1,0.42063492063492064,0.4209648721468151,0.5823885109599395,126
representation_level,A3,amplitude_noise,5,44,2,0.2698412698412698,0.2704521790867172,0.4217687074829932,126
representation_level,A3,amplitude_noise,5,44,3,0.253968253968254,0.25547252300340606,0.4452003023431595,126
representation_level,A3,amplitude_noise,5,44,4,0.23809523809523805,0.2359407860595963,0.4270597127739985,126
representation_level,A3,amplitude_noise,5,45,0,0.3488372093023256,0.3476597090449083,0.5326302505859022,129
representation_level,A3,amplitude_noise,5,45,1,0.3412698412698412,0.33706175586042103,0.4744897959183674,126
representation_level,A3,amplitude_noise,5,45,2,0.373015873015873,0.3715099715099715,0.5494142101284959,126
representation_level,A3,amplitude_noise,5,45,3,0.2698412698412698,0.26938044034818226,0.4222411186696901,126
representation_level,A3,amplitude_noise,5,45,4,0.3968253968253968,0.3971720281986873,0.5247543461829176,126
representation_level,A3,amplitude_noise,5,46,0,0.3100775193798449,0.3097974822112753,0.46556697313863343,129
representation_level,A3,amplitude_noise,5,46,1,0.28571428571428575,0.2856559344014541,0.46674225245653816,126
representation_level,A3,amplitude_noise,5,46,2,0.35714285714285715,0.35287081339712917,0.5266439909297053,126
representation_level,A3,amplitude_noise,5,46,3,0.25396825396825395,0.2539175738409455,0.4117535903250189,126
representation_level,A3,amplitude_noise,5,46,4,0.3015873015873016,0.3006562483435904,0.46740362811791386,126
representation_level,A3,channel_dropout,0.1,42,0,0.3333333333333333,0.16666666666666666,0.5363259419506039,129
representation_level,A3,channel_dropout,0.1,42,1,0.3333333333333333,0.16666666666666666,0.5227702191987906,126
representation_level,A3,channel_dropout,0.1,42,2,0.3333333333333333,0.16666666666666666,0.5085978835978836,126
representation_level,A3,channel_dropout,0.1,42,3,0.3333333333333333,0.1919679763303311,0.5417611489040061,126
representation_level,A3,channel_dropout,0.1,42,4,0.3650793650793651,0.22833333333333336,0.5387377173091458,126
representation_level,A3,channel_dropout,0.1,43,0,0.38759689922480617,0.29015321975784847,0.5292049756625202,129
representation_level,A3,channel_dropout,0.1,43,1,0.3333333333333333,0.16666666666666666,0.5336356764928193,126
representation_level,A3,channel_dropout,0.1,43,2,0.31746031746031744,0.20322886989553657,0.49792139077853365,126
representation_level,A3,channel_dropout,0.1,43,3,0.3333333333333333,0.16666666666666666,0.557161753590325,126
representation_level,A3,channel_dropout,0.1,43,4,0.3650793650793651,0.2711520924105786,0.5509259259259259,126
representation_level,A3,channel_dropout,0.1,44,0,0.3333333333333333,0.16666666666666666,0.4891833423472147,129
representation_level,A3,channel_dropout,0.1,44,1,0.3253968253968254,0.24884851998582794,0.515400604686319,126
representation_level,A3,channel_dropout,0.1,44,2,0.3333333333333333,0.16666666666666666,0.47902494331065765,126
representation_level,A3,channel_dropout,0.1,44,3,0.38888888888888884,0.3096872616323417,0.5111489040060468,126
representation_level,A3,channel_dropout,0.1,44,4,0.4047619047619048,0.3201754385964912,0.6002456538170824,126
representation_level,A3,channel_dropout,0.1,45,0,0.34108527131782945,0.18344226579520695,0.5300162249864792,129
representation_level,A3,channel_dropout,0.1,45,1,0.3095238095238095,0.27966260543580135,0.5033068783068783,126
representation_level,A3,channel_dropout,0.1,45,2,0.30158730158730157,0.24390243902439024,0.5051965230536659,126
representation_level,A3,channel_dropout,0.1,45,3,0.35714285714285715,0.2141414141414141,0.5332577475434619,126
representation_level,A3,channel_dropout,0.1,45,4,0.35714285714285715,0.24107679365460885,0.5264550264550264,126
representation_level,A3,channel_dropout,0.1,46,0,0.35658914728682173,0.2886769894730703,0.5343428880475932,129
representation_level,A3,channel_dropout,0.1,46,1,0.3333333333333333,0.16766467065868262,0.4830876795162509,126
representation_level,A3,channel_dropout,0.1,46,2,0.34920634920634913,0.22000246639536317,0.5586734693877551,126
representation_level,A3,channel_dropout,0.1,46,3,0.3412698412698412,0.2075872290990666,0.5474300831443688,126
representation_level,A3,channel_dropout,0.1,46,4,0.34920634920634913,0.2641025641025641,0.5222033257747544,126
representation_level,A3,channel_dropout,0.2,42,0,0.3178294573643411,0.21037826634095788,0.5283937263385613,129
representation_level,A3,channel_dropout,0.2,42,1,0.36507936507936506,0.3441251556005655,0.5184240362811791,126
representation_level,A3,channel_dropout,0.2,42,2,0.3333333333333333,0.16666666666666666,0.4459561602418745,126
representation_level,A3,channel_dropout,0.2,42,3,0.3333333333333333,0.19238683127572018,0.5155895691609976,126
representation_level,A3,channel_dropout,0.2,42,4,0.3333333333333333,0.16666666666666666,0.5325963718820862,126
representation_level,A3,channel_dropout,0.2,43,0,0.3333333333333333,0.16666666666666666,0.49918875067604107,129
representation_level,A3,channel_dropout,0.2,43,1,0.3333333333333333,0.16666666666666666,0.5066137566137566,126
representation_level,A3,channel_dropout,0.2,43,2,0.3253968253968254,0.21536796536796535,0.4735449735449735,126
representation_level,A3,channel_dropout,0.2,43,3,0.3333333333333333,0.16666666666666666,0.49102418745275883,126
representation_level,A3,channel_dropout,0.2,43,4,0.3333333333333333,0.16666666666666666,0.5060468631897204,126
representation_level,A3,channel_dropout,0.2,44,0,0.34108527131782945,0.19544244843646041,0.52695150531819,129
representation_level,A3,channel_dropout,0.2,44,1,0.3333333333333333,0.16666666666666666,0.5191798941798941,126
representation_level,A3,channel_dropout,0.2,44,2,0.3253968253968254,0.16367265469061876,0.46740362811791386,126
representation_level,A3,channel_dropout,0.2,44,3,0.3333333333333333,0.16666666666666666,0.4988662131519274,126
representation_level,A3,channel_dropout,0.2,44,4,0.4047619047619048,0.3250068126078663,0.548941798941799,126
representation_level,A3,channel_dropout,0.2,45,0,0.3333333333333333,0.16666666666666666,0.5045970795024338,129
representation_level,A3,channel_dropout,0.2,45,1,0.3333333333333333,0.16666666666666666,0.48724489795918374,126
representation_level,A3,channel_dropout,0.2,45,2,0.34920634920634924,0.2722222222222222,0.5207860922146637,126
representation_level,A3,channel_dropout,0.2,45,3,0.3333333333333333,0.16666666666666666,0.53963529856387,126
representation_level,A3,channel_dropout,0.2,45,4,0.3333333333333333,0.16666666666666666,0.5367535903250188,126
representation_level,A3,channel_dropout,0.2,46,0,0.34108527131782945,0.1827928406875775,0.5304669190553452,129
representation_level,A3,channel_dropout,0.2,46,1,0.3333333333333333,0.16666666666666666,0.5427532123960696,126
representation_level,A3,channel_dropout,0.2,46,2,0.3412698412698412,0.18316854662767487,0.517384731670446,126
representation_level,A3,channel_dropout,0.2,46,3,0.3333333333333333,0.16766467065868262,0.5094482237339379,126
representation_level,A3,channel_dropout,0.2,46,4,0.3333333333333333,0.16666666666666666,0.4964096749811036,126
representation_level,A3,channel_dropout,0.3,42,0,0.3333333333333333,0.16666666666666666,0.5070308274743104,129
representation_level,A3,channel_dropout,0.3,42,1,0.35714285714285715,0.2141414141414141,0.5587679516250944,126
representation_level,A3,channel_dropout,0.3,42,2,0.3333333333333333,0.16666666666666666,0.5699168556311414,126
representation_level,A3,channel_dropout,0.3,42,3,0.3333333333333333,0.16666666666666666,0.5051492819349962,126
representation_level,A3,channel_dropout,0.3,42,4,0.3253968253968254,0.16367265469061876,0.5005668934240363,126
representation_level,A3,channel_dropout,0.3,43,0,0.3333333333333333,0.16666666666666666,0.5290697674418605,129
representation_level,A3,channel_dropout,0.3,43,1,0.34920634920634924,0.19971721456344996,0.5215419501133787,126
representation_level,A3,channel_dropout,0.3,43,2,0.34920634920634924,0.211123443087927,0.488567649281935,126
representation_level,A3,channel_dropout,0.3,43,3,0.3333333333333333,0.16666666666666666,0.46315192743764166,126
representation_level,A3,channel_dropout,0.3,43,4,0.3888888888888889,0.2969363707776905,0.5664210128495842,126
representation_level,A3,channel_dropout,0.3,44,0,0.3333333333333333,0.16666666666666666,0.48400036055525514,129
representation_level,A3,channel_dropout,0.3,44,1,0.3650793650793651,0.279305402793054,0.504251700680272,126
representation_level,A3,channel_dropout,0.3,44,2,0.3333333333333333,0.16666666666666666,0.4351851851851851,126
representation_level,A3,channel_dropout,0.3,44,3,0.3333333333333333,0.24368686868686865,0.46145124716553293,126
representation_level,A3,channel_dropout,0.3,44,4,0.3333333333333333,0.16666666666666666,0.5139833711262283,126
representation_level,A3,channel_dropout,0.3,45,0,0.3333333333333333,0.16666666666666666,0.5233459527672615,129
representation_level,A3,channel_dropout,0.3,45,1,0.3333333333333333,0.16666666666666666,0.5211640211640212,126
representation_level,A3,channel_dropout,0.3,45,2,0.3412698412698412,0.19565217391304346,0.4901738473167045,126
representation_level,A3,channel_dropout,0.3,45,3,0.3333333333333333,0.16666666666666666,0.5061413454270597,126
representation_level,A3,channel_dropout,0.3,45,4,0.3333333333333333,0.16666666666666666,0.4974489795918367,126
representation_level,A3,channel_dropout,0.3,46,0,0.3953488372093023,0.32389667019027485,0.564990084730485,129
representation_level,A3,channel_dropout,0.3,46,1,0.3333333333333333,0.16666666666666666,0.4898904006046863,126
representation_level,A3,channel_dropout,0.3,46,2,0.3333333333333333,0.16666666666666666,0.4909297052154195,126
representation_level,A3,channel_dropout,0.3,46,3,0.3333333333333333,0.16666666666666666,0.49896069538926685,126
representation_level,A3,channel_dropout,0.3,46,4,0.3333333333333333,0.16666666666666666,0.5028344671201813,126
representation_level,A3,graph_perturbation,0.1,42,0,0.34108527131782945,0.34249084249084244,0.5354245538128718,129
representation_level,A3,graph_perturbation,0.1,42,1,0.373015873015873,0.3666639009313614,0.5156840513983371,126
representation_level,A3,graph_perturbation,0.1,42,2,0.30952380952380953,0.3073782144166179,0.49896069538926674,126
representation_level,A3,graph_perturbation,0.1,42,3,0.3333333333333333,0.3273740848915729,0.5393046107331821,126
representation_level,A3,graph_perturbation,0.1,42,4,0.4444444444444444,0.4417656925646937,0.5810657596371883,126
representation_level,A3,graph_perturbation,0.1,43,0,0.35658914728682173,0.35644888800689634,0.5092842978186407,129
representation_level,A3,graph_perturbation,0.1,43,1,0.3333333333333333,0.3331188922586772,0.4970710506424792,126
representation_level,A3,graph_perturbation,0.1,43,2,0.3888888888888889,0.378570436580877,0.5387377173091459,126
representation_level,A3,graph_perturbation,0.1,43,3,0.32539682539682535,0.325547670192421,0.5167233560090703,126
representation_level,A3,graph_perturbation,0.1,43,4,0.2698412698412698,0.26940243219312987,0.49508692365835216,126
representation_level,A3,graph_perturbation,0.1,44,0,0.34108527131782945,0.34017007803415567,0.5091040201910942,129
representation_level,A3,graph_perturbation,0.1,44,1,0.34920634920634924,0.34521620573630035,0.5322184429327286,126
representation_level,A3,graph_perturbation,0.1,44,2,0.3253968253968254,0.3249181860682562,0.5051965230536659,126
representation_level,A3,graph_perturbation,0.1,44,3,0.2857142857142857,0.283773697566801,0.4407596371882086,126
representation_level,A3,graph_perturbation,0.1,44,4,0.34920634920634924,0.34735772357723577,0.5478080120937264,126
representation_level,A3,graph_perturbation,0.1,45,0,0.4573643410852713,0.4552011494252874,0.5795024337479718,129
representation_level,A3,graph_perturbation,0.1,45,1,0.35714285714285715,0.357716532657431,0.5708616780045351,126
representation_level,A3,graph_perturbation,0.1,45,2,0.34920634920634924,0.34452951317998276,0.4981103552532123,126
representation_level,A3,graph_perturbation,0.1,45,3,0.373015873015873,0.3767676767676768,0.5545162509448224,126
representation_level,A3,graph_perturbation,0.1,45,4,0.3412698412698412,0.34179894179894177,0.5554610733182161,126
representation_level,A3,graph_perturbation,0.1,46,0,0.4031007751937985,0.40216043823866143,0.5924824229313143,129
representation_level,A3,graph_perturbation,0.1,46,1,0.31746031746031744,0.3103737021469688,0.5038737717309146,126
representation_level,A3,graph_perturbation,0.1,46,2,0.34920634920634924,0.3487848379688987,0.5534769463340892,126
representation_level,A3,graph_perturbation,0.1,46,3,0.34920634920634924,0.3501925545571245,0.5309901738473167,126
representation_level,A3,graph_perturbation,0.1,46,4,0.35714285714285715,0.3517810030143996,0.5188019652305366,126
representation_level,A3,graph_perturbation,0.2,42,0,0.434108527131783,0.43442195910708586,0.5759870200108167,129
representation_level,A3,graph_perturbation,0.2,42,1,0.3412698412698412,0.3242937354851986,0.5098261526832956,126
representation_level,A3,graph_perturbation,0.2,42,2,0.2857142857142857,0.28347338935574223,0.4698601662887378,126
representation_level,A3,graph_perturbation,0.2,42,3,0.3650793650793651,0.3527197657448465,0.508692365835223,126
representation_level,A3,graph_perturbation,0.2,42,4,0.35714285714285715,0.336695448129205,0.5284391534391535,126
representation_level,A3,graph_perturbation,0.2,43,0,0.3643410852713178,0.359116406757948,0.5178474851270957,129
representation_level,A3,graph_perturbation,0.2,43,1,0.31746031746031744,0.31477243834223234,0.4613567649281935,126
representation_level,A3,graph_perturbation,0.2,43,2,0.3333333333333333,0.32107567229518447,0.5257936507936508,126
representation_level,A3,graph_perturbation,0.2,43,3,0.3650793650793651,0.35168376283377123,0.49470899470899465,126
representation_level,A3,graph_perturbation,0.2,43,4,0.3333333333333333,0.32199674708850196,0.4961262282690854,126
representation_level,A3,graph_perturbation,0.2,44,0,0.35658914728682173,0.35444711666933887,0.5281233098972417,129
representation_level,A3,graph_perturbation,0.2,44,1,0.3333333333333333,0.3243094538477775,0.5077475434618292,126
representation_level,A3,graph_perturbation,0.2,44,2,0.3333333333333333,0.3201581027667984,0.47628495842781554,126
representation_level,A3,graph_perturbation,0.2,44,3,0.35714285714285715,0.3584272307676563,0.5210695389266818,126
representation_level,A3,graph_perturbation,0.2,44,4,0.30952380952380953,0.30270061728395065,0.5127551020408163,126
representation_level,A3,graph_perturbation,0.2,45,0,0.37209302325581395,0.3673951496532141,0.5569677303046692,129
representation_level,A3,graph_perturbation,0.2,45,1,0.3650793650793651,0.34973284086291495,0.5098261526832956,126
representation_level,A3,graph_perturbation,0.2,45,2,0.27777777777777773,0.2775042221083507,0.46872637944066514,126
representation_level,A3,graph_perturbation,0.2,45,3,0.3333333333333333,0.33160379613692864,0.5158730158730159,126
representation_level,A3,graph_perturbation,0.2,45,4,0.28571428571428575,0.27125882247833466,0.5159674981103552,126
representation_level,A3,graph_perturbation,0.2,46,0,0.3333333333333333,0.31926414439430756,0.5377681629709753,129
representation_level,A3,graph_perturbation,0.2,46,1,0.3333333333333333,0.31489197530864194,0.5388321995464853,126
representation_level,A3,graph_perturbation,0.2,46,2,0.35714285714285715,0.34305923961096374,0.5675547996976568,126
representation_level,A3,graph_perturbation,0.2,46,3,0.4444444444444444,0.44376961230893813,0.582010582010582,126
representation_level,A3,graph_perturbation,0.2,46,4,0.25396825396825395,0.24611272652509766,0.467687074829932,126
representation_level,A3,graph_perturbation,0.3,42,0,0.27906976744186046,0.2715408805031447,0.45015323598341445,129
representation_level,A3,graph_perturbation,0.3,42,1,0.373015873015873,0.36797207709005303,0.4996220710506425,126
representation_level,A3,graph_perturbation,0.3,42,2,0.3095238095238095,0.28891941391941395,0.5105820105820106,126
representation_level,A3,graph_perturbation,0.3,42,3,0.38095238095238093,0.37171300743107044,0.5108654572940288,126
representation_level,A3,graph_perturbation,0.3,42,4,0.29365079365079366,0.27538034101857456,0.5221088435374149,126
representation_level,A3,graph_perturbation,0.3,43,0,0.35658914728682173,0.3502983430685105,0.4877411213268434,129
representation_level,A3,graph_perturbation,0.3,43,1,0.35714285714285715,0.35235507246376807,0.5303287981859411,126
representation_level,A3,graph_perturbation,0.3,43,2,0.27777777777777773,0.263053613053613,0.4489795918367347,126
representation_level,A3,graph_perturbation,0.3,43,3,0.3333333333333333,0.3055211710384124,0.5368480725623582,126
representation_level,A3,graph_perturbation,0.3,43,4,0.3333333333333333,0.3097561962643985,0.5002834467120181,126
representation_level,A3,graph_perturbation,0.3,44,0,0.3333333333333333,0.331147915525648,0.49954930593113395,129
representation_level,A3,graph_perturbation,0.3,44,1,0.27777777777777773,0.26207484493047595,0.49234693877551017,126
representation_level,A3,graph_perturbation,0.3,44,2,0.35714285714285715,0.33027360988526033,0.514928193499622,126
representation_level,A3,graph_perturbation,0.3,44,3,0.25396825396825395,0.25219743069641654,0.48563869992441416,126
representation_level,A3,graph_perturbation,0.3,44,4,0.3253968253968254,0.3204818584325226,0.5182350718065004,126
representation_level,A3,graph_perturbation,0.3,45,0,0.38759689922480617,0.3722145122918319,0.5221741481882098,129
representation_level,A3,graph_perturbation,0.3,45,1,0.3968253968253968,0.3802206563268511,0.6085600907029479,126
representation_level,A3,graph_perturbation,0.3,45,2,0.27777777777777773,0.26572501396569526,0.499244142101285,126
representation_level,A3,graph_perturbation,0.3,45,3,0.30158730158730157,0.2720306513409962,0.4744897959183674,126
representation_level,A3,graph_perturbation,0.3,45,4,0.2857142857142857,0.2781792281792282,0.48157596371882083,126
representation_level,A3,graph_perturbation,0.3,46,0,0.3953488372093023,0.37857221670528524,0.5531819001261944,129
representation_level,A3,graph_perturbation,0.3,46,1,0.3253968253968254,0.29464410647206346,0.4433106575963719,126
representation_level,A3,graph_perturbation,0.3,46,2,0.3968253968253968,0.3904908471437529,0.5148337112622826,126
representation_level,A3,graph_perturbation,0.3,46,3,0.3095238095238095,0.30879270450524027,0.49196900982615266,126
representation_level,A3,graph_perturbation,0.3,46,4,0.36507936507936506,0.35222620402173566,0.5556500377928949,126
representation_level,A4,amplitude_noise,20,42,0,0.37984496124031003,0.37871535817243823,0.5804038218857039,129
representation_level,A4,amplitude_noise,20,42,1,0.38888888888888884,0.362645946844139,0.5934429327286471,126
representation_level,A4,amplitude_noise,20,42,2,0.3650793650793651,0.3520600835669329,0.5183295540438397,126
representation_level,A4,amplitude_noise,20,42,3,0.3650793650793651,0.34430438842203553,0.5482804232804234,126
representation_level,A4,amplitude_noise,20,42,4,0.35714285714285715,0.35024592828752105,0.48715041572184425,126
representation_level,A4,amplitude_noise,20,43,0,0.3488372093023256,0.3454237227343839,0.5617450874346493,129
representation_level,A4,amplitude_noise,20,43,1,0.373015873015873,0.3676115054305604,0.5530045351473922,126
representation_level,A4,amplitude_noise,20,43,2,0.3650793650793651,0.35517055500953787,0.5342970521541951,126
representation_level,A4,amplitude_noise,20,43,3,0.3412698412698412,0.2996553112230303,0.52588813303099,126
representation_level,A4,amplitude_noise,20,43,4,0.3888888888888889,0.3784330870208765,0.5930650037792895,126
representation_level,A4,amplitude_noise,20,44,0,0.32558139534883723,0.3164737862525234,0.48692987200288446,129
representation_level,A4,amplitude_noise,20,44,1,0.38888888888888884,0.38495647721454174,0.5589569160997733,126
representation_level,A4,amplitude_noise,20,44,2,0.35714285714285715,0.3430010849365688,0.5308012093726379,126
representation_level,A4,amplitude_noise,20,44,3,0.30158730158730157,0.29235378018319974,0.4883786848072562,126
representation_level,A4,amplitude_noise,20,44,4,0.36507936507936506,0.3522970085470085,0.5850340136054422,126
representation_level,A4,amplitude_noise,20,45,0,0.27906976744186046,0.27637087888804135,0.5340724716062736,129
representation_level,A4,amplitude_noise,20,45,1,0.3968253968253968,0.38139287612971823,0.5818216175359032,126
representation_level,A4,amplitude_noise,20,45,2,0.28571428571428575,0.2707740768575219,0.4651360544217687,126
representation_level,A4,amplitude_noise,20,45,3,0.41269841269841273,0.41211917562724015,0.578514739229025,126
representation_level,A4,amplitude_noise,20,45,4,0.34920634920634924,0.33584784010315927,0.535997732426304,126
representation_level,A4,amplitude_noise,20,46,0,0.35658914728682173,0.3428571428571428,0.541914548404543,129
representation_level,A4,amplitude_noise,20,46,1,0.32539682539682535,0.3124467178175618,0.5338246409674982,126
representation_level,A4,amplitude_noise,20,46,2,0.38888888888888884,0.3639353639353639,0.5432728647014361,126
representation_level,A4,amplitude_noise,20,46,3,0.34920634920634924,0.3365054549557566,0.5194633408919124,126
representation_level,A4,amplitude_noise,20,46,4,0.38095238095238093,0.3650869578055334,0.5393990929705215,126
representation_level,A4,amplitude_noise,10,42,0,0.4341085271317829,0.4347745750184775,0.5720209122047953,129
representation_level,A4,amplitude_noise,10,42,1,0.43650793650793646,0.4293776944682213,0.6027021919879063,126
representation_level,A4,amplitude_noise,10,42,2,0.38095238095238093,0.3755468919211609,0.5041572184429327,126
representation_level,A4,amplitude_noise,10,42,3,0.35714285714285715,0.3433698155098841,0.5281557067271353,126
representation_level,A4,amplitude_noise,10,42,4,0.2857142857142857,0.28274398965725916,0.4747732426303855,126
representation_level,A4,amplitude_noise,10,43,0,0.3488372093023256,0.3466565349544073,0.5618352262484225,129
representation_level,A4,amplitude_noise,10,43,1,0.35714285714285715,0.3494180979236093,0.5525321239606954,126
representation_level,A4,amplitude_noise,10,43,2,0.3412698412698412,0.3374542124542124,0.5255102040816326,126
representation_level,A4,amplitude_noise,10,43,3,0.3253968253968254,0.27100756670649145,0.5540438397581254,126
representation_level,A4,amplitude_noise,10,43,4,0.3650793650793651,0.3593786232929164,0.5747354497354498,126
representation_level,A4,amplitude_noise,10,44,0,0.29457364341085274,0.2777598218774689,0.4716964124752119,129
representation_level,A4,amplitude_noise,10,44,1,0.3650793650793651,0.36136262700419647,0.538737717309146,126
representation_level,A4,amplitude_noise,10,44,2,0.3333333333333333,0.33193026296474576,0.5391156462585034,126
representation_level,A4,amplitude_noise,10,44,3,0.30952380952380953,0.3052412017929259,0.48771730914588063,126
representation_level,A4,amplitude_noise,10,44,4,0.4126984126984126,0.3944203944203944,0.5882464096749811,126
representation_level,A4,amplitude_noise,10,45,0,0.2868217054263566,0.2853373679460636,0.5287542815936542,129
representation_level,A4,amplitude_noise,10,45,1,0.4047619047619048,0.39455089764687284,0.5679327286470143,126
representation_level,A4,amplitude_noise,10,45,2,0.31746031746031744,0.31380600638685613,0.469671201814059,126
representation_level,A4,amplitude_noise,10,45,3,0.4523809523809524,0.45223566161781265,0.5843726379440665,126
representation_level,A4,amplitude_noise,10,45,4,0.373015873015873,0.37056994866502513,0.5427059712774,126
representation_level,A4,amplitude_noise,10,46,0,0.3333333333333333,0.3263082437275986,0.5294753921038399,129
representation_level,A4,amplitude_noise,10,46,1,0.3412698412698412,0.3258390355164549,0.5084089191232048,126
representation_level,A4,amplitude_noise,10,46,2,0.373015873015873,0.3526000666340792,0.53656462585034,126
representation_level,A4,amplitude_noise,10,46,3,0.29365079365079366,0.2887732422616144,0.4805366591080877,126
representation_level,A4,amplitude_noise,10,46,4,0.3968253968253968,0.3891845691845692,0.5539493575207861,126
representation_level,A4,amplitude_noise,5,42,0,0.4108527131782946,0.41057887260418907,0.5682350820263204,129
representation_level,A4,amplitude_noise,5,42,1,0.4365079365079365,0.43404295051353875,0.6115835222978081,126
representation_level,A4,amplitude_noise,5,42,2,0.3333333333333333,0.33001277139208174,0.49452003023431595,126
representation_level,A4,amplitude_noise,5,42,3,0.3253968253968254,0.308994708994709,0.5150226757369615,126
representation_level,A4,amplitude_noise,5,42,4,0.30952380952380953,0.30548384302174475,0.4678760393046107,126
representation_level,A4,amplitude_noise,5,43,0,0.3565891472868217,0.3568900000524134,0.5559762033531638,129
representation_level,A4,amplitude_noise,5,43,1,0.3650793650793651,0.3501931075460487,0.5505479969765684,126
representation_level,A4,amplitude_noise,5,43,2,0.373015873015873,0.36911231884057977,0.5175736961451247,126
representation_level,A4,amplitude_noise,5,43,3,0.38888888888888884,0.34989479320594147,0.5686885865457293,126
representation_level,A4,amplitude_noise,5,43,4,0.35714285714285715,0.35711244906647205,0.5644368858654573,126
representation_level,A4,amplitude_noise,5,44,0,0.2635658914728682,0.2567628849718049,0.4648458626284478,129
representation_level,A4,amplitude_noise,5,44,1,0.3412698412698412,0.33979670118910626,0.5302343159486017,126
representation_level,A4,amplitude_noise,5,44,2,0.3412698412698412,0.334885452462772,0.5415721844293273,126
representation_level,A4,amplitude_noise,5,44,3,0.38095238095238093,0.3774450159467581,0.4868669690098262,126
representation_level,A4,amplitude_noise,5,44,4,0.38095238095238093,0.3555038244097107,0.5741685563114135,126
representation_level,A4,amplitude_noise,5,45,0,0.29457364341085274,0.29287011340665364,0.5231656751397152,129
representation_level,A4,amplitude_noise,5,45,1,0.38095238095238093,0.36704925872788136,0.5501700680272109,126
representation_level,A4,amplitude_noise,5,45,2,0.3253968253968254,0.30979566197391273,0.47978080120937266,126
representation_level,A4,amplitude_noise,5,45,3,0.373015873015873,0.36942592177201367,0.5808767951625095,126
representation_level,A4,amplitude_noise,5,45,4,0.3968253968253968,0.3919223345720624,0.5381708238851096,126
representation_level,A4,amplitude_noise,5,46,0,0.3255813953488372,0.32280080889787666,0.5147827654588065,129
representation_level,A4,amplitude_noise,5,46,1,0.31746031746031744,0.3096716692542119,0.49234693877551017,126
representation_level,A4,amplitude_noise,5,46,2,0.35714285714285715,0.33819216836294635,0.5316515495086924,126
representation_level,A4,amplitude_noise,5,46,3,0.30952380952380953,0.30764966740576494,0.4592781557067271,126
representation_level,A4,amplitude_noise,5,46,4,0.373015873015873,0.37108139712237537,0.5622637944066515,126
representation_level,A4,channel_dropout,0.1,42,0,0.4186046511627907,0.40440687213882676,0.5708491076257437,129
representation_level,A4,channel_dropout,0.1,42,1,0.36507936507936506,0.3368279913943893,0.5889077853363568,126
representation_level,A4,channel_dropout,0.1,42,2,0.34920634920634913,0.33158399233165586,0.5219198790627362,126
representation_level,A4,channel_dropout,0.1,42,3,0.3650793650793651,0.342282589989012,0.5651927437641723,126
representation_level,A4,channel_dropout,0.1,42,4,0.373015873015873,0.370110696860904,0.49489795918367346,126
representation_level,A4,channel_dropout,0.1,43,0,0.4108527131782946,0.4055503488493179,0.5432666306111411,129
representation_level,A4,channel_dropout,0.1,43,1,0.38888888888888884,0.3803340772299994,0.5400604686318973,126
representation_level,A4,channel_dropout,0.1,43,2,0.38095238095238093,0.3646619428582231,0.5436507936507937,126
representation_level,A4,channel_dropout,0.1,43,3,0.3253968253968254,0.2784630030652062,0.5083144368858655,126
representation_level,A4,channel_dropout,0.1,43,4,0.42063492063492064,0.4129307286481043,0.5976946334089192,126
representation_level,A4,channel_dropout,0.1,44,0,0.3488372093023256,0.3392575411232128,0.5056787452677123,129
representation_level,A4,channel_dropout,0.1,44,1,0.3968253968253968,0.3820756585462468,0.565854119425548,126
representation_level,A4,channel_dropout,0.1,44,2,0.3412698412698412,0.32368780557952254,0.5162509448223734,126
representation_level,A4,channel_dropout,0.1,44,3,0.3253968253968254,0.3088765928554679,0.5053854875283447,126
representation_level,A4,channel_dropout,0.1,44,4,0.373015873015873,0.35781803439593735,0.582766439909297,126
representation_level,A4,channel_dropout,0.1,45,0,0.29457364341085274,0.2876036991704067,0.5356048314404181,129
representation_level,A4,channel_dropout,0.1,45,1,0.4444444444444444,0.4320658508158508,0.5764361300075586,126
representation_level,A4,channel_dropout,0.1,45,2,0.31746031746031744,0.2844127550009903,0.47203325774754346,126
representation_level,A4,channel_dropout,0.1,45,3,0.38888888888888884,0.3742690058479532,0.5689720332577476,126
representation_level,A4,channel_dropout,0.1,45,4,0.36507936507936506,0.3513421890134219,0.5195578231292517,126
representation_level,A4,channel_dropout,0.1,46,0,0.3488372093023256,0.34438775510204084,0.5459707950243375,129
representation_level,A4,channel_dropout,0.1,46,1,0.38095238095238093,0.3726424595327034,0.5489417989417988,126
representation_level,A4,channel_dropout,0.1,46,2,0.35714285714285715,0.3213801182850557,0.5414777021919879,126
representation_level,A4,channel_dropout,0.1,46,3,0.3650793650793651,0.34949633699633703,0.5585789871504158,126
representation_level,A4,channel_dropout,0.1,46,4,0.35714285714285715,0.3377314814814814,0.5287226001511716,126
representation_level,A4,channel_dropout,0.2,42,0,0.4186046511627907,0.40440687213882676,0.5708491076257437,129
representation_level,A4,channel_dropout,0.2,42,1,0.36507936507936506,0.3368279913943893,0.5889077853363568,126
representation_level,A4,channel_dropout,0.2,42,2,0.34920634920634913,0.33158399233165586,0.5219198790627362,126
representation_level,A4,channel_dropout,0.2,42,3,0.3650793650793651,0.342282589989012,0.5651927437641723,126
representation_level,A4,channel_dropout,0.2,42,4,0.373015873015873,0.370110696860904,0.49489795918367346,126
representation_level,A4,channel_dropout,0.2,43,0,0.4108527131782946,0.4055503488493179,0.5432666306111411,129
representation_level,A4,channel_dropout,0.2,43,1,0.38888888888888884,0.3803340772299994,0.5400604686318973,126
representation_level,A4,channel_dropout,0.2,43,2,0.38095238095238093,0.3646619428582231,0.5436507936507937,126
representation_level,A4,channel_dropout,0.2,43,3,0.3253968253968254,0.2784630030652062,0.5083144368858655,126
representation_level,A4,channel_dropout,0.2,43,4,0.42063492063492064,0.4129307286481043,0.5976946334089192,126
representation_level,A4,channel_dropout,0.2,44,0,0.3488372093023256,0.3392575411232128,0.5056787452677123,129
representation_level,A4,channel_dropout,0.2,44,1,0.3968253968253968,0.3820756585462468,0.565854119425548,126
representation_level,A4,channel_dropout,0.2,44,2,0.3412698412698412,0.32368780557952254,0.5162509448223734,126
representation_level,A4,channel_dropout,0.2,44,3,0.3253968253968254,0.3088765928554679,0.5053854875283447,126
representation_level,A4,channel_dropout,0.2,44,4,0.373015873015873,0.35781803439593735,0.582766439909297,126
representation_level,A4,channel_dropout,0.2,45,0,0.29457364341085274,0.2876036991704067,0.5356048314404181,129
representation_level,A4,channel_dropout,0.2,45,1,0.4444444444444444,0.4320658508158508,0.5764361300075586,126
representation_level,A4,channel_dropout,0.2,45,2,0.31746031746031744,0.2844127550009903,0.47203325774754346,126
representation_level,A4,channel_dropout,0.2,45,3,0.38888888888888884,0.3742690058479532,0.5689720332577476,126
representation_level,A4,channel_dropout,0.2,45,4,0.36507936507936506,0.3513421890134219,0.5195578231292517,126
representation_level,A4,channel_dropout,0.2,46,0,0.3488372093023256,0.34438775510204084,0.5459707950243375,129
representation_level,A4,channel_dropout,0.2,46,1,0.38095238095238093,0.3726424595327034,0.5489417989417988,126
representation_level,A4,channel_dropout,0.2,46,2,0.35714285714285715,0.3213801182850557,0.5414777021919879,126
representation_level,A4,channel_dropout,0.2,46,3,0.3650793650793651,0.34949633699633703,0.5585789871504158,126
representation_level,A4,channel_dropout,0.2,46,4,0.35714285714285715,0.3377314814814814,0.5287226001511716,126
representation_level,A4,channel_dropout,0.3,42,0,0.4186046511627907,0.40440687213882676,0.5708491076257437,129
representation_level,A4,channel_dropout,0.3,42,1,0.36507936507936506,0.3368279913943893,0.5889077853363568,126
representation_level,A4,channel_dropout,0.3,42,2,0.34920634920634913,0.33158399233165586,0.5219198790627362,126
representation_level,A4,channel_dropout,0.3,42,3,0.3650793650793651,0.342282589989012,0.5651927437641723,126
representation_level,A4,channel_dropout,0.3,42,4,0.373015873015873,0.370110696860904,0.49489795918367346,126
representation_level,A4,channel_dropout,0.3,43,0,0.4108527131782946,0.4055503488493179,0.5432666306111411,129
representation_level,A4,channel_dropout,0.3,43,1,0.38888888888888884,0.3803340772299994,0.5400604686318973,126
representation_level,A4,channel_dropout,0.3,43,2,0.38095238095238093,0.3646619428582231,0.5436507936507937,126
representation_level,A4,channel_dropout,0.3,43,3,0.3253968253968254,0.2784630030652062,0.5083144368858655,126
representation_level,A4,channel_dropout,0.3,43,4,0.42063492063492064,0.4129307286481043,0.5976946334089192,126
representation_level,A4,channel_dropout,0.3,44,0,0.3488372093023256,0.3392575411232128,0.5056787452677123,129
representation_level,A4,channel_dropout,0.3,44,1,0.3968253968253968,0.3820756585462468,0.565854119425548,126
representation_level,A4,channel_dropout,0.3,44,2,0.3412698412698412,0.32368780557952254,0.5162509448223734,126
representation_level,A4,channel_dropout,0.3,44,3,0.3253968253968254,0.3088765928554679,0.5053854875283447,126
representation_level,A4,channel_dropout,0.3,44,4,0.373015873015873,0.35781803439593735,0.582766439909297,126
representation_level,A4,channel_dropout,0.3,45,0,0.29457364341085274,0.2876036991704067,0.5356048314404181,129
representation_level,A4,channel_dropout,0.3,45,1,0.4444444444444444,0.4320658508158508,0.5764361300075586,126
representation_level,A4,channel_dropout,0.3,45,2,0.31746031746031744,0.2844127550009903,0.47203325774754346,126
representation_level,A4,channel_dropout,0.3,45,3,0.38888888888888884,0.3742690058479532,0.5689720332577476,126
representation_level,A4,channel_dropout,0.3,45,4,0.36507936507936506,0.3513421890134219,0.5195578231292517,126
representation_level,A4,channel_dropout,0.3,46,0,0.3488372093023256,0.34438775510204084,0.5459707950243375,129
representation_level,A4,channel_dropout,0.3,46,1,0.38095238095238093,0.3726424595327034,0.5489417989417988,126
representation_level,A4,channel_dropout,0.3,46,2,0.35714285714285715,0.3213801182850557,0.5414777021919879,126
representation_level,A4,channel_dropout,0.3,46,3,0.3650793650793651,0.34949633699633703,0.5585789871504158,126
representation_level,A4,channel_dropout,0.3,46,4,0.35714285714285715,0.3377314814814814,0.5287226001511716,126
representation_level,A4,graph_perturbation,0.1,42,0,0.3953488372093023,0.39309989159378195,0.5822967369749413,129
representation_level,A4,graph_perturbation,0.1,42,1,0.373015873015873,0.3463659147869674,0.589758125472411,126
representation_level,A4,graph_perturbation,0.1,42,2,0.36507936507936506,0.3582766439909297,0.544973544973545,126
representation_level,A4,graph_perturbation,0.1,42,3,0.3650793650793651,0.34040263989795355,0.5189909297052154,126
representation_level,A4,graph_perturbation,0.1,42,4,0.32539682539682535,0.32172209101200433,0.45540438397581257,126
representation_level,A4,graph_perturbation,0.1,43,0,0.3798449612403101,0.38100226994936265,0.5473228772309356,129
representation_level,A4,graph_perturbation,0.1,43,1,0.4047619047619048,0.3968253968253968,0.5272108843537414,126
representation_level,A4,graph_perturbation,0.1,43,2,0.3888888888888889,0.3746663419951067,0.576530612244898,126
representation_level,A4,graph_perturbation,0.1,43,3,0.2857142857142857,0.2548962167787692,0.4928193499622071,126
representation_level,A4,graph_perturbation,0.1,43,4,0.4285714285714286,0.42705432705432705,0.587490551776266,126
representation_level,A4,graph_perturbation,0.1,44,0,0.27906976744186046,0.26710358056265987,0.47530196502614025,129
representation_level,A4,graph_perturbation,0.1,44,1,0.3412698412698412,0.31709956709956705,0.5579176114890401,126
representation_level,A4,graph_perturbation,0.1,44,2,0.3333333333333333,0.32036302757952245,0.4902683295540438,126
representation_level,A4,graph_perturbation,0.1,44,3,0.32539682539682535,0.3254514541993572,0.4963151927437641,126
representation_level,A4,graph_perturbation,0.1,44,4,0.38888888888888884,0.3787652806132343,0.549697656840514,126
representation_level,A4,graph_perturbation,0.1,45,0,0.34108527131782945,0.3202379589188246,0.5571480079322156,129
representation_level,A4,graph_perturbation,0.1,45,1,0.3412698412698412,0.3253858024691358,0.5650037792894934,126
representation_level,A4,graph_perturbation,0.1,45,2,0.373015873015873,0.3751971326164875,0.49414210128495845,126
representation_level,A4,graph_perturbation,0.1,45,3,0.3968253968253968,0.390131421744325,0.551209372637944,126
representation_level,A4,graph_perturbation,0.1,45,4,0.3968253968253968,0.39693475656295935,0.569349962207105,126
representation_level,A4,graph_perturbation,0.1,46,0,0.38759689922480617,0.37346242844964067,0.5509284297818641,129
representation_level,A4,graph_perturbation,0.1,46,1,0.3333333333333333,0.32844552707566405,0.5014172335600907,126
representation_level,A4,graph_perturbation,0.1,46,2,0.38888888888888884,0.3608187134502924,0.557634164777022,126
representation_level,A4,graph_perturbation,0.1,46,3,0.3253968253968254,0.3188666254464579,0.520124716553288,126
representation_level,A4,graph_perturbation,0.1,46,4,0.30952380952380953,0.3043859649122807,0.49489795918367346,126
representation_level,A4,graph_perturbation,0.2,42,0,0.38759689922480617,0.3872468527640942,0.5228051198846223,129
representation_level,A4,graph_perturbation,0.2,42,1,0.34920634920634924,0.3106453947575443,0.5698223733938019,126
representation_level,A4,graph_perturbation,0.2,42,2,0.36507936507936506,0.35903903776771146,0.5290060468631897,126
representation_level,A4,graph_perturbation,0.2,42,3,0.34920634920634924,0.33161445303262266,0.5219198790627363,126
representation_level,A4,graph_perturbation,0.2,42,4,0.3968253968253968,0.39013012181616835,0.5515873015873017,126
representation_level,A4,graph_perturbation,0.2,43,0,0.34108527131782945,0.3402030273654702,0.5255994231115919,129
representation_level,A4,graph_perturbation,0.2,43,1,0.34920634920634913,0.33924656903380307,0.5167233560090703,126
representation_level,A4,graph_perturbation,0.2,43,2,0.41269841269841273,0.3922826063166189,0.5734126984126984,126
representation_level,A4,graph_perturbation,0.2,43,3,0.373015873015873,0.34406252959712075,0.543745275888133,126
representation_level,A4,graph_perturbation,0.2,43,4,0.373015873015873,0.37299891466558127,0.575302343159486,126
representation_level,A4,graph_perturbation,0.2,44,0,0.31782945736434104,0.2908558275789914,0.4869298720028845,129
representation_level,A4,graph_perturbation,0.2,44,1,0.3650793650793651,0.3408632513110125,0.5296674225245653,126
representation_level,A4,graph_perturbation,0.2,44,2,0.3253968253968254,0.31470260284522306,0.5049130763416477,126
representation_level,A4,graph_perturbation,0.2,44,3,0.38095238095238093,0.37666298842769425,0.5122826908541195,126
representation_level,A4,graph_perturbation,0.2,44,4,0.34920634920634924,0.3260795550251409,0.5850340136054422,126
representation_level,A4,graph_perturbation,0.2,45,0,0.40310077519379844,0.3894938604372567,0.5841896520641788,129
representation_level,A4,graph_perturbation,0.2,45,1,0.4682539682539683,0.45923344947735195,0.5877739984882843,126
representation_level,A4,graph_perturbation,0.2,45,2,0.38095238095238093,0.3753701311748328,0.5349584278155707,126
representation_level,A4,graph_perturbation,0.2,45,3,0.42063492063492064,0.4094864332539612,0.5901360544217688,126
representation_level,A4,graph_perturbation,0.2,45,4,0.3412698412698412,0.342501049002597,0.5213529856386999,126
representation_level,A4,graph_perturbation,0.2,46,0,0.32558139534883723,0.31632862644415916,0.5471425996033892,129
representation_level,A4,graph_perturbation,0.2,46,1,0.3650793650793651,0.3589316120084,0.5127551020408164,126
representation_level,A4,graph_perturbation,0.2,46,2,0.3333333333333333,0.30344379467186483,0.516628873771731,126
representation_level,A4,graph_perturbation,0.2,46,3,0.3253968253968254,0.3231281709629478,0.5156840513983371,126
representation_level,A4,graph_perturbation,0.2,46,4,0.373015873015873,0.3654512097236555,0.5248488284202569,126
representation_level,A4,graph_perturbation,0.3,42,0,0.31782945736434104,0.31821941286538674,0.5111772129078781,129
representation_level,A4,graph_perturbation,0.3,42,1,0.36507936507936506,0.3373531947351833,0.5806878306878307,126
representation_level,A4,graph_perturbation,0.3,42,2,0.373015873015873,0.37183960504032837,0.5423280423280423,126
representation_level,A4,graph_perturbation,0.3,42,3,0.30952380952380953,0.27579365079365076,0.5021730914588057,126
representation_level,A4,graph_perturbation,0.3,42,4,0.31746031746031744,0.31346557903843775,0.5005668934240363,126
representation_level,A4,graph_perturbation,0.3,43,0,0.3953488372093023,0.3956597436164801,0.5507481521543176,129
representation_level,A4,graph_perturbation,0.3,43,1,0.34920634920634924,0.34496188496188496,0.48800075585789876,126
representation_level,A4,graph_perturbation,0.3,43,2,0.35714285714285715,0.35145111189092937,0.5277777777777778,126
representation_level,A4,graph_perturbation,0.3,43,3,0.34920634920634924,0.3175331963210751,0.5063303099017386,126
representation_level,A4,graph_perturbation,0.3,43,4,0.35714285714285715,0.35698311453095294,0.5220143613000756,126
representation_level,A4,graph_perturbation,0.3,44,0,0.3178294573643411,0.291547565627764,0.4990084730484947,129
representation_level,A4,graph_perturbation,0.3,44,1,0.3253968253968254,0.3060607671184339,0.4680650037792895,126
representation_level,A4,graph_perturbation,0.3,44,2,0.37301587301587297,0.3591050328462837,0.5290060468631897,126
representation_level,A4,graph_perturbation,0.3,44,3,0.34920634920634924,0.3491798057015448,0.49489795918367346,126
representation_level,A4,graph_perturbation,0.3,44,4,0.3412698412698412,0.32312925170068024,0.5320294784580498,126
representation_level,A4,graph_perturbation,0.3,45,0,0.37209302325581395,0.3608349215825852,0.5522805119884623,129
representation_level,A4,graph_perturbation,0.3,45,1,0.4444444444444445,0.4272321349782037,0.5798374905517762,126
representation_level,A4,graph_perturbation,0.3,45,2,0.30952380952380953,0.2897512437810945,0.5063303099017384,126
representation_level,A4,graph_perturbation,0.3,45,3,0.34920634920634924,0.3466208141430771,0.5376039304610732,126
representation_level,A4,graph_perturbation,0.3,45,4,0.2857142857142857,0.2832271409119729,0.4949924414210129,126
representation_level,A4,graph_perturbation,0.3,46,0,0.3643410852713178,0.3575393912312619,0.5394808004326663,129
representation_level,A4,graph_perturbation,0.3,46,1,0.38095238095238093,0.36283670033670035,0.5413832199546486,126
representation_level,A4,graph_perturbation,0.3,46,2,0.36507936507936506,0.33979368939548643,0.5354308390022676,126
representation_level,A4,graph_perturbation,0.3,46,3,0.34920634920634924,0.3371000531995744,0.5436507936507936,126
representation_level,A4,graph_perturbation,0.3,46,4,0.30158730158730157,0.2985298301753998,0.5305177626606198,126
representation_level,A5,amplitude_noise,20,42,0,0.37209302325581395,0.37471363657381135,0.5630971696412476,129
representation_level,A5,amplitude_noise,20,42,1,0.3412698412698412,0.3416129278198244,0.511290627362056,126
representation_level,A5,amplitude_noise,20,42,2,0.42063492063492064,0.4211176918673572,0.5744047619047619,126
representation_level,A5,amplitude_noise,20,42,3,0.34920634920634913,0.3493240360710241,0.5339663643235072,126
representation_level,A5,amplitude_noise,20,42,4,0.3968253968253968,0.3954215293750178,0.565098261526833,126
representation_level,A5,amplitude_noise,20,43,0,0.3488372093023256,0.3461320321287686,0.5094195060393005,129
representation_level,A5,amplitude_noise,20,43,1,0.373015873015873,0.3700997314921366,0.5388321995464852,126
representation_level,A5,amplitude_noise,20,43,2,0.34126984126984133,0.34157225643293754,0.5008975812547242,126
representation_level,A5,amplitude_noise,20,43,3,0.31746031746031744,0.3150156137619607,0.5130385487528345,126
representation_level,A5,amplitude_noise,20,43,4,0.373015873015873,0.3712537850468885,0.5244236583522297,126
representation_level,A5,amplitude_noise,20,44,0,0.4108527131782946,0.4090628472650944,0.5539480800432667,129
representation_level,A5,amplitude_noise,20,44,1,0.30158730158730157,0.2990717448548774,0.47458427815570675,126
representation_level,A5,amplitude_noise,20,44,2,0.4047619047619048,0.4045458228668665,0.5627834467120182,126
representation_level,A5,amplitude_noise,20,44,3,0.38095238095238093,0.3621078987150416,0.5623582766439909,126
representation_level,A5,amplitude_noise,20,44,4,0.373015873015873,0.37308039747064137,0.563869992441421,126
representation_level,A5,amplitude_noise,20,45,0,0.29457364341085274,0.28440655853276636,0.46223183702902476,129
representation_level,A5,amplitude_noise,20,45,1,0.38888888888888884,0.38878183457290966,0.5676492819349962,126
representation_level,A5,amplitude_noise,20,45,2,0.35714285714285715,0.3519497931821423,0.5068972033257748,126
representation_level,A5,amplitude_noise,20,45,3,0.3253968253968254,0.3257084359848357,0.4847411186696901,126
representation_level,A5,amplitude_noise,20,45,4,0.2857142857142857,0.28514732329993375,0.4551209372637944,126
representation_level,A5,amplitude_noise,20,46,0,0.2635658914728682,0.2579632006846384,0.4664683612763656,129
representation_level,A5,amplitude_noise,20,46,1,0.31746031746031744,0.31239556692242115,0.5028344671201813,126
representation_level,A5,amplitude_noise,20,46,2,0.35714285714285715,0.3572242572242572,0.5104875283446711,126
representation_level,A5,amplitude_noise,20,46,3,0.4047619047619048,0.40491693075962737,0.5779478458049887,126
representation_level,A5,amplitude_noise,20,46,4,0.34920634920634913,0.34954317712938404,0.5253684807256236,126
representation_level,A5,amplitude_noise,10,42,0,0.3798449612403101,0.38110225646577955,0.5594014782765458,129
representation_level,A5,amplitude_noise,10,42,1,0.3253968253968254,0.32601149651864386,0.5061885865457293,126
representation_level,A5,amplitude_noise,10,42,2,0.4047619047619048,0.4048753152143458,0.5656179138321996,126
representation_level,A5,amplitude_noise,10,42,3,0.34920634920634924,0.3492123559319337,0.5185657596371881,126
representation_level,A5,amplitude_noise,10,42,4,0.3888888888888889,0.3880459770114943,0.5453987150415721,126
representation_level,A5,amplitude_noise,10,43,0,0.34108527131782945,0.3382113821138211,0.49526771227690647,129
representation_level,A5,amplitude_noise,10,43,1,0.35714285714285715,0.3529911566984101,0.5290060468631897,126
representation_level,A5,amplitude_noise,10,43,2,0.30952380952380953,0.30954587581093607,0.49022108843537415,126
representation_level,A5,amplitude_noise,10,43,3,0.3253968253968254,0.32508089294939774,0.495275888133031,126
representation_level,A5,amplitude_noise,10,43,4,0.3650793650793651,0.36383141762452115,0.5151171579743008,126
representation_level,A5,amplitude_noise,10,44,0,0.40310077519379844,0.4017368399390871,0.5480890571480079,129
representation_level,A5,amplitude_noise,10,44,1,0.3095238095238095,0.30777370777370777,0.47123015873015867,126
representation_level,A5,amplitude_noise,10,44,2,0.3968253968253968,0.39632034632034635,0.5533824640967498,126
representation_level,A5,amplitude_noise,10,44,3,0.3650793650793651,0.3488828502415459,0.5455404383975813,126
representation_level,A5,amplitude_noise,10,44,4,0.35714285714285715,0.3578592370396732,0.5520597127739985,126
representation_level,A5,amplitude_noise,10,45,0,0.29457364341085274,0.2850346438152587,0.46268253109789076,129
representation_level,A5,amplitude_noise,10,45,1,0.35714285714285715,0.3568132047536212,0.5517762660619804,126
representation_level,A5,amplitude_noise,10,45,2,0.36507936507936506,0.36092826773732467,0.5123771730914588,126
representation_level,A5,amplitude_noise,10,45,3,0.3253968253968254,0.3258830096606614,0.47859977324263037,126
representation_level,A5,amplitude_noise,10,45,4,0.2777777777777778,0.2779719984462346,0.44264928193499625,126
representation_level,A5,amplitude_noise,10,46,0,0.26356589147286824,0.259892772087894,0.46155579592572565,129
representation_level,A5,amplitude_noise,10,46,1,0.3095238095238095,0.3042703533026114,0.4970238095238095,126
representation_level,A5,amplitude_noise,10,46,2,0.3333333333333333,0.3330808080808081,0.4929138321995465,126
representation_level,A5,amplitude_noise,10,46,3,0.36507936507936506,0.3647798316522241,0.5699168556311415,126
representation_level,A5,amplitude_noise,10,46,4,0.3412698412698412,0.34238588415803606,0.5188492063492064,126
representation_level,A5,amplitude_noise,5,42,0,0.372093023255814,0.37361357656330646,0.5568325220840095,129
representation_level,A5,amplitude_noise,5,42,1,0.31746031746031744,0.3185805422647528,0.5004724111866969,126
representation_level,A5,amplitude_noise,5,42,2,0.4047619047619048,0.4048753152143458,0.5629251700680272,126
representation_level,A5,amplitude_noise,5,42,3,0.34920634920634924,0.34929851510496673,0.5157785336356765,126
representation_level,A5,amplitude_noise,5,42,4,0.3888888888888889,0.3880459770114943,0.5461073318216175,126
representation_level,A5,amplitude_noise,5,43,0,0.3488372093023256,0.3455276803416196,0.49995493059311347,129
representation_level,A5,amplitude_noise,5,43,1,0.373015873015873,0.3673628173628174,0.5269274376417233,126
representation_level,A5,amplitude_noise,5,43,2,0.30952380952380953,0.30954587581093607,0.4874811035525321,126
representation_level,A5,amplitude_noise,5,43,3,0.3174603174603175,0.3170868690581952,0.49234693877551017,126
representation_level,A5,amplitude_noise,5,43,4,0.35714285714285715,0.3566794066794066,0.5122354497354498,126
representation_level,A5,amplitude_noise,5,44,0,0.40310077519379844,0.4017368399390871,0.5511087074094105,129
representation_level,A5,amplitude_noise,5,44,1,0.3095238095238095,0.30777370777370777,0.47075774754346184,126
representation_level,A5,amplitude_noise,5,44,2,0.3968253968253968,0.39632034632034635,0.5541855631141345,126
representation_level,A5,amplitude_noise,5,44,3,0.3650793650793651,0.3488828502415459,0.5340608465608465,126
representation_level,A5,amplitude_noise,5,44,4,0.34920634920634924,0.3503686236244376,0.54724111866969,126
representation_level,A5,amplitude_noise,5,45,0,0.2868217054263566,0.27878476679503633,0.4594826032089417,129
representation_level,A5,amplitude_noise,5,45,1,0.35714285714285715,0.3566825441300084,0.5496031746031745,126
representation_level,A5,amplitude_noise,5,45,2,0.373015873015873,0.36961230236084036,0.5185185185185185,126
representation_level,A5,amplitude_noise,5,45,3,0.3174603174603175,0.31797725475886396,0.4793083900226757,126
representation_level,A5,amplitude_noise,5,45,4,0.2777777777777778,0.2779719984462346,0.440239984882842,126
representation_level,A5,amplitude_noise,5,46,0,0.26356589147286824,0.25951793062904177,0.4602487831260141,129
representation_level,A5,amplitude_noise,5,46,1,0.30952380952380953,0.30531731834057413,0.49447278911564635,126
representation_level,A5,amplitude_noise,5,46,2,0.3253968253968254,0.3253269381252358,0.4882369614512472,126
representation_level,A5,amplitude_noise,5,46,3,0.35714285714285715,0.3563218390804597,0.5692554799697657,126
representation_level,A5,amplitude_noise,5,46,4,0.3333333333333333,0.3338309886113504,0.5191798941798942,126
representation_level,A5,channel_dropout,0.1,42,0,0.3333333333333333,0.16666666666666666,0.4994140977104742,129
representation_level,A5,channel_dropout,0.1,42,1,0.3333333333333333,0.16666666666666666,0.5,126
representation_level,A5,channel_dropout,0.1,42,2,0.3333333333333333,0.16666666666666666,0.5,126
representation_level,A5,channel_dropout,0.1,42,3,0.3333333333333333,0.16666666666666666,0.5627362055933484,126
representation_level,A5,channel_dropout,0.1,42,4,0.3253968253968254,0.16367265469061876,0.5226284958427816,126
representation_level,A5,channel_dropout,0.1,43,0,0.3333333333333333,0.16666666666666666,0.5351541373715522,129
representation_level,A5,channel_dropout,0.1,43,1,0.3333333333333333,0.16666666666666666,0.5280612244897959,126
representation_level,A5,channel_dropout,0.1,43,2,0.3333333333333333,0.16666666666666666,0.5400132275132276,126
representation_level,A5,channel_dropout,0.1,43,3,0.3333333333333333,0.16666666666666666,0.5807350718065004,126
representation_level,A5,channel_dropout,0.1,43,4,0.3333333333333333,0.16666666666666666,0.5248488284202569,126
representation_level,A5,channel_dropout,0.1,44,0,0.3333333333333333,0.16666666666666666,0.5,129
representation_level,A5,channel_dropout,0.1,44,1,0.3333333333333333,0.16666666666666666,0.5,126
representation_level,A5,channel_dropout,0.1,44,2,0.3333333333333333,0.16666666666666666,0.5157785336356765,126
representation_level,A5,channel_dropout,0.1,44,3,0.3412698412698412,0.21580959427796276,0.5930177626606198,126
representation_level,A5,channel_dropout,0.1,44,4,0.3333333333333333,0.16666666666666666,0.5305650037792895,126
representation_level,A5,channel_dropout,0.1,45,0,0.3333333333333333,0.16666666666666666,0.5426356589147286,129
representation_level,A5,channel_dropout,0.1,45,1,0.3333333333333333,0.16666666666666666,0.5,126
representation_level,A5,channel_dropout,0.1,45,2,0.3333333333333333,0.16666666666666666,0.5,126
representation_level,A5,channel_dropout,0.1,45,3,0.3333333333333333,0.16666666666666666,0.5473356009070295,126
representation_level,A5,channel_dropout,0.1,45,4,0.3333333333333333,0.16666666666666666,0.5839002267573695,126
representation_level,A5,channel_dropout,0.1,46,0,0.3333333333333333,0.16666666666666666,0.5098251307012799,129
representation_level,A5,channel_dropout,0.1,46,1,0.3333333333333333,0.16666666666666666,0.49815759637188206,126
representation_level,A5,channel_dropout,0.1,46,2,0.3333333333333333,0.16666666666666666,0.5,126
representation_level,A5,channel_dropout,0.1,46,3,0.3333333333333333,0.16666666666666666,0.5379818594104308,126
representation_level,A5,channel_dropout,0.1,46,4,0.3333333333333333,0.16666666666666666,0.5,126
representation_level,A5,channel_dropout,0.2,42,0,0.3333333333333333,0.16666666666666666,0.5,129
representation_level,A5,channel_dropout,0.2,42,1,0.3333333333333333,0.16666666666666666,0.5,126
representation_level,A5,channel_dropout,0.2,42,2,0.3333333333333333,0.16666666666666666,0.5,126
representation_level,A5,channel_dropout,0.2,42,3,0.3333333333333333,0.16666666666666666,0.5785147392290249,126
representation_level,A5,channel_dropout,0.2,42,4,0.3333333333333333,0.16666666666666666,0.5683106575963719,126
representation_level,A5,channel_dropout,0.2,43,0,0.3333333333333333,0.16666666666666666,0.5319091400757165,129
representation_level,A5,channel_dropout,0.2,43,1,0.3333333333333333,0.16666666666666666,0.5,126
representation_level,A5,channel_dropout,0.2,43,2,0.3333333333333333,0.16666666666666666,0.5,126
representation_level,A5,channel_dropout,0.2,43,3,0.3333333333333333,0.16666666666666666,0.5301398337112623,126
representation_level,A5,channel_dropout,0.2,43,4,0.3333333333333333,0.16666666666666666,0.5568783068783069,126
representation_level,A5,channel_dropout,0.2,44,0,0.3333333333333333,0.16666666666666666,0.5,129
representation_level,A5,channel_dropout,0.2,44,1,0.3333333333333333,0.16666666666666666,0.5363284202569917,126
representation_level,A5,channel_dropout,0.2,44,2,0.3333333333333333,0.16666666666666666,0.5090702947845805,126
representation_level,A5,channel_dropout,0.2,44,3,0.3333333333333333,0.16666666666666666,0.5360922146636432,126
representation_level,A5,channel_dropout,0.2,44,4,0.3333333333333333,0.16666666666666666,0.5513510959939532,126
representation_level,A5,channel_dropout,0.2,45,0,0.3333333333333333,0.16666666666666666,0.5,129
representation_level,A5,channel_dropout,0.2,45,1,0.3333333333333333,0.16666666666666666,0.5698696145124716,126
representation_level,A5,channel_dropout,0.2,45,2,0.3333333333333333,0.16666666666666666,0.5,126
representation_level,A5,channel_dropout,0.2,45,3,0.3333333333333333,0.16666666666666666,0.5,126
representation_level,A5,channel_dropout,0.2,45,4,0.3333333333333333,0.16666666666666666,0.5366591080876795,126
representation_level,A5,channel_dropout,0.2,46,0,0.3333333333333333,0.16666666666666666,0.5,129
representation_level,A5,channel_dropout,0.2,46,1,0.3333333333333333,0.16666666666666666,0.6390306122448979,126
representation_level,A5,channel_dropout,0.2,46,2,0.3333333333333333,0.16666666666666666,0.5189436885865457,126
representation_level,A5,channel_dropout,0.2,46,3,0.3333333333333333,0.16666666666666666,0.5,126
representation_level,A5,channel_dropout,0.2,46,4,0.3333333333333333,0.16666666666666666,0.5,126
representation_level,A5,channel_dropout,0.3,42,0,0.3333333333333333,0.16666666666666666,0.5,129
representation_level,A5,channel_dropout,0.3,42,1,0.3333333333333333,0.16666666666666666,0.5505479969765684,126
representation_level,A5,channel_dropout,0.3,42,2,0.3333333333333333,0.16666666666666666,0.49248866213151926,126
representation_level,A5,channel_dropout,0.3,42,3,0.3333333333333333,0.16666666666666666,0.498015873015873,126
representation_level,A5,channel_dropout,0.3,42,4,0.3333333333333333,0.16666666666666666,0.5311791383219955,126
representation_level,A5,channel_dropout,0.3,43,0,0.3333333333333333,0.16666666666666666,0.5,129
representation_level,A5,channel_dropout,0.3,43,1,0.3333333333333333,0.16666666666666666,0.5,126
representation_level,A5,channel_dropout,0.3,43,2,0.3333333333333333,0.16666666666666666,0.5,126
representation_level,A5,channel_dropout,0.3,43,3,0.3333333333333333,0.16666666666666666,0.5326908541194255,126
representation_level,A5,channel_dropout,0.3,43,4,0.3333333333333333,0.16666666666666666,0.5,126
representation_level,A5,channel_dropout,0.3,44,0,0.3333333333333333,0.16666666666666666,0.5,129
representation_level,A5,channel_dropout,0.3,44,1,0.3333333333333333,0.16666666666666666,0.5,126
representation_level,A5,channel_dropout,0.3,44,2,0.3333333333333333,0.16666666666666666,0.5,126
representation_level,A5,channel_dropout,0.3,44,3,0.3333333333333333,0.16666666666666666,0.5,126
representation_level,A5,channel_dropout,0.3,44,4,0.35714285714285715,0.22416666666666665,0.5910808767951625,126
representation_level,A5,channel_dropout,0.3,45,0,0.3333333333333333,0.16666666666666666,0.5,129
representation_level,A5,channel_dropout,0.3,45,1,0.3333333333333333,0.16666666666666666,0.5279667422524565,126
representation_level,A5,channel_dropout,0.3,45,2,0.3333333333333333,0.16666666666666666,0.5,126
representation_level,A5,channel_dropout,0.3,45,3,0.3333333333333333,0.16666666666666666,0.5388321995464853,126
representation_level,A5,channel_dropout,0.3,45,4,0.3333333333333333,0.16666666666666666,0.5684051398337112,126
representation_level,A5,channel_dropout,0.3,46,0,0.3333333333333333,0.16666666666666666,0.5484045429962142,129
representation_level,A5,channel_dropout,0.3,46,1,0.3333333333333333,0.16666666666666666,0.542233560090703,126
representation_level,A5,channel_dropout,0.3,46,2,0.3333333333333333,0.16666666666666666,0.5,126
representation_level,A5,channel_dropout,0.3,46,3,0.3333333333333333,0.16666666666666666,0.5,126
representation_level,A5,channel_dropout,0.3,46,4,0.3333333333333333,0.16666666666666666,0.5,126
representation_level,A5,graph_perturbation,0.1,42,0,0.3953488372093023,0.38995212028919896,0.5955471425996034,129
representation_level,A5,graph_perturbation,0.1,42,1,0.4365079365079365,0.43485637169847696,0.6227324263038548,126
representation_level,A5,graph_perturbation,0.1,42,2,0.4444444444444444,0.44162283251975354,0.5831443688586545,126
representation_level,A5,graph_perturbation,0.1,42,3,0.41269841269841273,0.40858045561618717,0.6208427815570673,126
representation_level,A5,graph_perturbation,0.1,42,4,0.4444444444444445,0.446662510615999,0.6146069538926682,126
representation_level,A5,graph_perturbation,0.1,43,0,0.3953488372093023,0.39094221312969496,0.6213268433387417,129
representation_level,A5,graph_perturbation,0.1,43,1,0.3650793650793651,0.36441800955670817,0.5654761904761905,126
representation_level,A5,graph_perturbation,0.1,43,2,0.42063492063492064,0.3990932839921026,0.6059145880574451,126
representation_level,A5,graph_perturbation,0.1,43,3,0.4841269841269842,0.4833711159060079,0.6402116402116401,126
representation_level,A5,graph_perturbation,0.1,43,4,0.4444444444444445,0.443620429255474,0.6282123960695389,126
representation_level,A5,graph_perturbation,0.1,44,0,0.4108527131782946,0.4052631578947368,0.5773391022174148,129
representation_level,A5,graph_perturbation,0.1,44,1,0.4365079365079365,0.43497473038220297,0.5907029478458049,126
representation_level,A5,graph_perturbation,0.1,44,2,0.4365079365079365,0.43597152159619806,0.6245275888133031,126
representation_level,A5,graph_perturbation,0.1,44,3,0.4761904761904761,0.47308706883174967,0.6465419501133787,126
representation_level,A5,graph_perturbation,0.1,44,4,0.4682539682539682,0.46597073812263684,0.6537226001511716,126
representation_level,A5,graph_perturbation,0.1,45,0,0.44186046511627913,0.435791217895609,0.6099693528033171,129
representation_level,A5,graph_perturbation,0.1,45,1,0.4603174603174603,0.4551757257339862,0.6369047619047618,126
representation_level,A5,graph_perturbation,0.1,45,2,0.373015873015873,0.3722097603830803,0.5559334845049131,126
representation_level,A5,graph_perturbation,0.1,45,3,0.4603174603174603,0.4590548340548341,0.6184807256235828,126
representation_level,A5,graph_perturbation,0.1,45,4,0.48412698412698413,0.4796294785690332,0.6555177626606198,126
representation_level,A5,graph_perturbation,0.1,46,0,0.4108527131782946,0.4082304001361803,0.591130340724716,129
representation_level,A5,graph_perturbation,0.1,46,1,0.4603174603174603,0.45181067914268763,0.6039304610733182,126
representation_level,A5,graph_perturbation,0.1,46,2,0.4444444444444444,0.4394736842105263,0.6177248677248678,126
representation_level,A5,graph_perturbation,0.1,46,3,0.42857142857142855,0.426498116234276,0.641912320483749,126
representation_level,A5,graph_perturbation,0.1,46,4,0.3968253968253968,0.3975880042567292,0.5872071050642479,126
representation_level,A5,graph_perturbation,0.2,42,0,0.4186046511627907,0.41448218414252685,0.5884261763115197,129
representation_level,A5,graph_perturbation,0.2,42,1,0.41269841269841273,0.41255850278476097,0.6072373393801965,126
representation_level,A5,graph_perturbation,0.2,42,2,0.4047619047619047,0.4034883720930232,0.5878684807256236,126
representation_level,A5,graph_perturbation,0.2,42,3,0.41269841269841273,0.40692356867296126,0.6260393046107332,126
representation_level,A5,graph_perturbation,0.2,42,4,0.4444444444444445,0.44598426265092933,0.6137566137566138,126
representation_level,A5,graph_perturbation,0.2,43,0,0.40310077519379844,0.40126936850689643,0.6224986479177935,129
representation_level,A5,graph_perturbation,0.2,43,1,0.35714285714285715,0.357540273453364,0.5540438397581254,126
representation_level,A5,graph_perturbation,0.2,43,2,0.42063492063492064,0.4069845244256692,0.6090325018896446,126
representation_level,A5,graph_perturbation,0.2,43,3,0.42063492063492064,0.4222512122591618,0.6228269085411943,126
representation_level,A5,graph_perturbation,0.2,43,4,0.4444444444444444,0.4433716475095786,0.6291572184429327,126
representation_level,A5,graph_perturbation,0.2,44,0,0.3643410852713178,0.35860565339848655,0.5787813232377862,129
representation_level,A5,graph_perturbation,0.2,44,1,0.4047619047619047,0.4042758940120539,0.5794595616024186,126
representation_level,A5,graph_perturbation,0.2,44,2,0.4603174603174603,0.4604582409460458,0.6146069538926682,126
representation_level,A5,graph_perturbation,0.2,44,3,0.5158730158730159,0.5144501617104357,0.6646825396825397,126
representation_level,A5,graph_perturbation,0.2,44,4,0.4920634920634921,0.4903833658219623,0.659297052154195,126
representation_level,A5,graph_perturbation,0.2,45,0,0.44961240310077527,0.44669552669552665,0.6133044889129259,129
representation_level,A5,graph_perturbation,0.2,45,1,0.43650793650793646,0.4320351239905162,0.6154572940287225,126
representation_level,A5,graph_perturbation,0.2,45,2,0.38095238095238093,0.37942386831275715,0.561885865457294,126
representation_level,A5,graph_perturbation,0.2,45,3,0.42857142857142855,0.430591162678106,0.5972222222222222,126
representation_level,A5,graph_perturbation,0.2,45,4,0.3888888888888889,0.38611863183069356,0.631708238851096,126
representation_level,A5,graph_perturbation,0.2,46,0,0.434108527131783,0.42944444444444446,0.5884261763115197,129
representation_level,A5,graph_perturbation,0.2,46,1,0.4603174603174603,0.45243472431826187,0.6116780045351473,126
representation_level,A5,graph_perturbation,0.2,46,2,0.4047619047619048,0.40060598886892906,0.6213151927437641,126
representation_level,A5,graph_perturbation,0.2,46,3,0.4444444444444445,0.4408784496071024,0.6560846560846562,126
representation_level,A5,graph_perturbation,0.2,46,4,0.3888888888888889,0.3882624572279745,0.5699168556311415,126
representation_level,A5,graph_perturbation,0.3,42,0,0.3953488372093023,0.39084386275397515,0.5687759149089597,129
representation_level,A5,graph_perturbation,0.3,42,1,0.3968253968253968,0.39516387925231705,0.604591836734694,126
representation_level,A5,graph_perturbation,0.3,42,2,0.4444444444444444,0.4396424010217113,0.6010959939531368,126
representation_level,A5,graph_perturbation,0.3,42,3,0.41269841269841273,0.40931691909978835,0.620748299319728,126
representation_level,A5,graph_perturbation,0.3,42,4,0.4365079365079365,0.43745772330041993,0.6220710506424793,126
representation_level,A5,graph_perturbation,0.3,43,0,0.3953488372093023,0.38481804344818044,0.5978006129439336,129
representation_level,A5,graph_perturbation,0.3,43,1,0.35714285714285715,0.35111475111475116,0.5617913832199547,126
representation_level,A5,graph_perturbation,0.3,43,2,0.43650793650793646,0.41950248756218905,0.6013794406651548,126
representation_level,A5,graph_perturbation,0.3,43,3,0.4603174603174603,0.45869146220763657,0.6529667422524565,126
representation_level,A5,graph_perturbation,0.3,43,4,0.4523809523809524,0.4487412949771377,0.6308578987150416,126
representation_level,A5,graph_perturbation,0.3,44,0,0.40310077519379844,0.3996810591178932,0.5737335496664864,129
representation_level,A5,graph_perturbation,0.3,44,1,0.38888888888888884,0.383019943019943,0.5598072562358277,126
representation_level,A5,graph_perturbation,0.3,44,2,0.4603174603174603,0.4598095560063105,0.6293461829176115,126
representation_level,A5,graph_perturbation,0.3,44,3,0.4523809523809524,0.4482312812895417,0.6605253212396068,126
representation_level,A5,graph_perturbation,0.3,44,4,0.4761904761904761,0.4739605193446954,0.6435185185185185,126
representation_level,A5,graph_perturbation,0.3,45,0,0.434108527131783,0.43258134996393877,0.6057328285559763,129
representation_level,A5,graph_perturbation,0.3,45,1,0.4523809523809524,0.44750872476891157,0.6435185185185185,126
representation_level,A5,graph_perturbation,0.3,45,2,0.3968253968253968,0.39660240426523946,0.5557445200302343,126
representation_level,A5,graph_perturbation,0.3,45,3,0.42857142857142855,0.4256903389957345,0.5888133030990174,126
representation_level,A5,graph_perturbation,0.3,45,4,0.4523809523809524,0.4511904761904762,0.6349206349206349,126
representation_level,A5,graph_perturbation,0.3,46,0,0.4108527131782946,0.402511470659261,0.5957274202271498,129
representation_level,A5,graph_perturbation,0.3,46,1,0.42063492063492064,0.408974358974359,0.583994708994709,126
representation_level,A5,graph_perturbation,0.3,46,2,0.3968253968253968,0.38776898002656884,0.6173469387755102,126
representation_level,A5,graph_perturbation,0.3,46,3,0.4523809523809524,0.4540802585510369,0.6281179138321996,126
representation_level,A5,graph_perturbation,0.3,46,4,0.3968253968253968,0.3886709561367096,0.5712396069538926,126
representation_level,A6,amplitude_noise,20,42,0,0.4186046511627907,0.4180081038043735,0.5813953488372093,129
representation_level,A6,amplitude_noise,20,42,1,0.35714285714285715,0.35686535686535686,0.5395880574452003,126
representation_level,A6,amplitude_noise,20,42,2,0.38095238095238093,0.37790697674418605,0.5857898715041572,126
representation_level,A6,amplitude_noise,20,42,3,0.4523809523809524,0.44872033845649834,0.6177248677248677,126
representation_level,A6,amplitude_noise,20,42,4,0.41269841269841273,0.4130440928835495,0.5492252456538171,126
representation_level,A6,amplitude_noise,20,43,0,0.39534883720930236,0.39534883720930236,0.5844600685054985,129
representation_level,A6,amplitude_noise,20,43,1,0.3412698412698412,0.34098517455762795,0.5422335600907029,126
representation_level,A6,amplitude_noise,20,43,2,0.4523809523809524,0.4513869431213225,0.5936318972033258,126
representation_level,A6,amplitude_noise,20,43,3,0.3968253968253968,0.3949325391453454,0.5563114134542705,126
representation_level,A6,amplitude_noise,20,43,4,0.43650793650793646,0.4372056931008541,0.5872071050642478,126
representation_level,A6,amplitude_noise,20,44,0,0.4108527131782946,0.4033909901208208,0.5822967369749414,129
representation_level,A6,amplitude_noise,20,44,1,0.48412698412698413,0.48491640982534784,0.6553287981859411,126
representation_level,A6,amplitude_noise,20,44,2,0.3650793650793651,0.3672577952258472,0.5499811035525322,126
representation_level,A6,amplitude_noise,20,44,3,0.3968253968253968,0.39548639548639547,0.5479969765684052,126
representation_level,A6,amplitude_noise,20,44,4,0.3968253968253968,0.39583206344691196,0.5600907029478458,126
representation_level,A6,amplitude_noise,20,45,0,0.4186046511627907,0.41395348837209306,0.5967189471786551,129
representation_level,A6,amplitude_noise,20,45,1,0.35714285714285715,0.35500913829283154,0.5332577475434619,126
representation_level,A6,amplitude_noise,20,45,2,0.3650793650793651,0.36508950110482674,0.5380763416477703,126
representation_level,A6,amplitude_noise,20,45,3,0.42063492063492064,0.42169092287608523,0.6272675736961452,126
representation_level,A6,amplitude_noise,20,45,4,0.3968253968253968,0.3938586478121362,0.5701058201058201,126
representation_level,A6,amplitude_noise,20,46,0,0.4108527131782946,0.4109285661830275,0.613755182981792,129
representation_level,A6,amplitude_noise,20,46,1,0.35714285714285715,0.35378662433456953,0.4896069538926682,126
representation_level,A6,amplitude_noise,20,46,2,0.3650793650793651,0.3616427432216906,0.5616969009826153,126
representation_level,A6,amplitude_noise,20,46,3,0.42063492063492064,0.4222095797974051,0.587490551776266,126
representation_level,A6,amplitude_noise,20,46,4,0.38095238095238093,0.3834495363162526,0.5146447467876039,126
representation_level,A6,amplitude_noise,10,42,0,0.3488372093023256,0.3480880041906757,0.53438795745448,129
representation_level,A6,amplitude_noise,10,42,1,0.31746031746031744,0.3157102157102157,0.4976851851851852,126
representation_level,A6,amplitude_noise,10,42,2,0.3333333333333333,0.3322991698497926,0.5293839758125473,126
representation_level,A6,amplitude_noise,10,42,3,0.3968253968253968,0.39744019163038075,0.5565948601662888,126
representation_level,A6,amplitude_noise,10,42,4,0.3333333333333333,0.33294074673385016,0.5017479213907785,126
representation_level,A6,amplitude_noise,10,43,0,0.37209302325581395,0.37245989304812827,0.5437173246800072,129
representation_level,A6,amplitude_noise,10,43,1,0.28571428571428575,0.2849537685626226,0.4955593348450491,126
representation_level,A6,amplitude_noise,10,43,2,0.38095238095238093,0.3807037674507554,0.5411942554799697,126
representation_level,A6,amplitude_noise,10,43,3,0.3253968253968254,0.3239033600144711,0.5018424036281178,126
representation_level,A6,amplitude_noise,10,43,4,0.42063492063492064,0.4197632196720204,0.542989417989418,126
representation_level,A6,amplitude_noise,10,44,0,0.3643410852713178,0.35764789114262957,0.5418244095907698,129
representation_level,A6,amplitude_noise,10,44,1,0.3968253968253968,0.3963304859471528,0.610355253212396,126
representation_level,A6,amplitude_noise,10,44,2,0.30952380952380953,0.309807618236737,0.4877173091458806,126
representation_level,A6,amplitude_noise,10,44,3,0.3253968253968254,0.3229236826959787,0.4963151927437641,126
representation_level,A6,amplitude_noise,10,44,4,0.34920634920634913,0.348080366472924,0.5071806500377929,126
representation_level,A6,amplitude_noise,10,45,0,0.35658914728682173,0.3548917039557993,0.538128718226068,129
representation_level,A6,amplitude_noise,10,45,1,0.31746031746031744,0.3152816682228447,0.4820483749055178,126
representation_level,A6,amplitude_noise,10,45,2,0.34920634920634913,0.34920634920634913,0.5031179138321996,126
representation_level,A6,amplitude_noise,10,45,3,0.38888888888888884,0.38524286243974787,0.5830498866213153,126
representation_level,A6,amplitude_noise,10,45,4,0.3412698412698412,0.33810547875064006,0.5162509448223734,126
representation_level,A6,amplitude_noise,10,46,0,0.38759689922480617,0.3870552836961106,0.5610239769244637,129
representation_level,A6,amplitude_noise,10,46,1,0.30952380952380953,0.3075187969924812,0.4440665154950869,126
representation_level,A6,amplitude_noise,10,46,2,0.3333333333333333,0.33244916003536695,0.5051492819349962,126
representation_level,A6,amplitude_noise,10,46,3,0.3968253968253968,0.39690965332751493,0.5601851851851852,126
representation_level,A6,amplitude_noise,10,46,4,0.2619047619047619,0.2622668579626973,0.45053854875283444,126
representation_level,A6,amplitude_noise,5,42,0,0.3333333333333333,0.33274419700718744,0.5228051198846223,129
representation_level,A6,amplitude_noise,5,42,1,0.30158730158730157,0.296987896987897,0.4845049130763417,126
representation_level,A6,amplitude_noise,5,42,2,0.3412698412698412,0.3380443120797798,0.5155895691609977,126
representation_level,A6,amplitude_noise,5,42,3,0.4047619047619047,0.405199153777994,0.541005291005291,126
representation_level,A6,amplitude_noise,5,42,4,0.31746031746031744,0.3169756599989158,0.48998488284202574,126
representation_level,A6,amplitude_noise,5,43,0,0.3798449612403101,0.3798941798941799,0.5275824770146025,129
representation_level,A6,amplitude_noise,5,43,1,0.27777777777777773,0.2775224145883253,0.4840797430083145,126
representation_level,A6,amplitude_noise,5,43,2,0.36507936507936506,0.36530210477765407,0.5283919123204838,126
representation_level,A6,amplitude_noise,5,43,3,0.31746031746031744,0.31526648599819335,0.4905517762660619,126
representation_level,A6,amplitude_noise,5,43,4,0.38095238095238093,0.3804621344925539,0.5289115646258503,126
representation_level,A6,amplitude_noise,5,44,0,0.3565891472868217,0.35255825734549145,0.5319992788894897,129
representation_level,A6,amplitude_noise,5,44,1,0.4047619047619047,0.4046563192904657,0.6023715041572184,126
representation_level,A6,amplitude_noise,5,44,2,0.30952380952380953,0.31002886002886004,0.4717498110355253,126
representation_level,A6,amplitude_noise,5,44,3,0.30158730158730157,0.30178827356773524,0.4808673469387756,126
representation_level,A6,amplitude_noise,5,44,4,0.30158730158730157,0.3012956929402835,0.492535903250189,126
representation_level,A6,amplitude_noise,5,45,0,0.34108527131782945,0.34048122420215443,0.5224896340364161,129
representation_level,A6,amplitude_noise,5,45,1,0.31746031746031744,0.3158634763024624,0.46990740740740744,126
representation_level,A6,amplitude_noise,5,45,2,0.34920634920634913,0.34920634920634913,0.4982048374905517,126
representation_level,A6,amplitude_noise,5,45,3,0.38095238095238093,0.37589525758539843,0.5713340891912321,126
representation_level,A6,amplitude_noise,5,45,4,0.3333333333333333,0.3332960143304971,0.5035430839002267,126
representation_level,A6,amplitude_noise,5,46,0,0.35658914728682173,0.35514715169887584,0.5470073913827295,129
representation_level,A6,amplitude_noise,5,46,1,0.31746031746031744,0.31576491797857903,0.43183106575963714,126
representation_level,A6,amplitude_noise,5,46,2,0.31746031746031744,0.3162412300343335,0.49182728647014357,126
representation_level,A6,amplitude_noise,5,46,3,0.43650793650793646,0.43823075037481685,0.5529572940287226,126
representation_level,A6,amplitude_noise,5,46,4,0.2698412698412698,0.27063187982728215,0.43801965230536655,126
representation_level,A6,channel_dropout,0.1,42,0,0.44186046511627913,0.35620573551608037,0.6175410131602668,129
representation_level,A6,channel_dropout,0.1,42,1,0.3333333333333333,0.16666666666666666,0.5936318972033258,126
representation_level,A6,channel_dropout,0.1,42,2,0.5,0.4688888888888889,0.6675170068027211,126
representation_level,A6,channel_dropout,0.1,42,3,0.3333333333333333,0.16666666666666666,0.6740362811791384,126
representation_level,A6,channel_dropout,0.1,42,4,0.3333333333333333,0.16666666666666666,0.5884353741496599,126
representation_level,A6,channel_dropout,0.1,43,0,0.3953488372093023,0.2999648999649,0.6311519740400217,129
representation_level,A6,channel_dropout,0.1,43,1,0.30952380952380953,0.20031539956724245,0.6085600907029479,126
representation_level,A6,channel_dropout,0.1,43,2,0.3333333333333333,0.16666666666666666,0.5888133030990174,126
representation_level,A6,channel_dropout,0.1,43,3,0.3968253968253968,0.2827103677928686,0.6816893424036281,126
representation_level,A6,channel_dropout,0.1,43,4,0.3333333333333333,0.16666666666666666,0.6232993197278911,126
representation_level,A6,channel_dropout,0.1,44,0,0.3178294573643411,0.25396825396825395,0.5886965927528393,129
representation_level,A6,channel_dropout,0.1,44,1,0.3412698412698412,0.2521700949099875,0.5981670445956161,126
representation_level,A6,channel_dropout,0.1,44,2,0.3650793650793651,0.28769285277160433,0.6216931216931217,126
representation_level,A6,channel_dropout,0.1,44,3,0.3333333333333333,0.16666666666666666,0.6112055933484505,126
representation_level,A6,channel_dropout,0.1,44,4,0.4761904761904762,0.38048245614035087,0.6967120181405896,126
representation_level,A6,channel_dropout,0.1,45,0,0.4108527131782946,0.32042490251445477,0.6515233459527673,129
representation_level,A6,channel_dropout,0.1,45,1,0.3333333333333333,0.16666666666666666,0.6376606198034769,126
representation_level,A6,channel_dropout,0.1,45,2,0.3333333333333333,0.17981014968966777,0.5358087679516251,126
representation_level,A6,channel_dropout,0.1,45,3,0.3333333333333333,0.16666666666666666,0.6468726379440665,126
representation_level,A6,channel_dropout,0.1,45,4,0.3333333333333333,0.16666666666666666,0.6671390778533636,126
representation_level,A6,channel_dropout,0.1,46,0,0.4573643410852713,0.361025641025641,0.6920858121507121,129
representation_level,A6,channel_dropout,0.1,46,1,0.3333333333333333,0.16666666666666666,0.553949357520786,126
representation_level,A6,channel_dropout,0.1,46,2,0.3333333333333333,0.16666666666666666,0.6034580498866213,126
representation_level,A6,channel_dropout,0.1,46,3,0.3333333333333333,0.16766467065868262,0.5981670445956161,126
representation_level,A6,channel_dropout,0.1,46,4,0.3333333333333333,0.16666666666666666,0.6218348450491307,126
representation_level,A6,channel_dropout,0.2,42,0,0.3333333333333333,0.16666666666666666,0.593654227510366,129
representation_level,A6,channel_dropout,0.2,42,1,0.3333333333333333,0.16666666666666666,0.5821050642479214,126
representation_level,A6,channel_dropout,0.2,42,2,0.3333333333333333,0.16666666666666666,0.6662887377173091,126
representation_level,A6,channel_dropout,0.2,42,3,0.34920634920634924,0.19897772909821101,0.6489984882842025,126
representation_level,A6,channel_dropout,0.2,42,4,0.3333333333333333,0.16666666666666666,0.5978835978835979,126
representation_level,A6,channel_dropout,0.2,43,0,0.3333333333333333,0.16666666666666666,0.591941590048675,129
representation_level,A6,channel_dropout,0.2,43,1,0.3333333333333333,0.16666666666666666,0.6346371882086168,126
representation_level,A6,channel_dropout,0.2,43,2,0.3333333333333333,0.16666666666666666,0.5741685563114135,126
representation_level,A6,channel_dropout,0.2,43,3,0.3333333333333333,0.16666666666666666,0.5916477702191988,126
representation_level,A6,channel_dropout,0.2,43,4,0.3333333333333333,0.16666666666666666,0.6323223733938019,126
representation_level,A6,channel_dropout,0.2,44,0,0.3333333333333333,0.16666666666666666,0.6102397692446367,129
representation_level,A6,channel_dropout,0.2,44,1,0.3333333333333333,0.16666666666666666,0.6328420256991686,126
representation_level,A6,channel_dropout,0.2,44,2,0.3333333333333333,0.16666666666666666,0.6064814814814815,126
representation_level,A6,channel_dropout,0.2,44,3,0.3333333333333333,0.16666666666666666,0.5829554043839759,126
representation_level,A6,channel_dropout,0.2,44,4,0.3650793650793651,0.2714285714285714,0.6167800453514739,126
representation_level,A6,channel_dropout,0.2,45,0,0.3333333333333333,0.16666666666666666,0.6358391923562287,129
representation_level,A6,channel_dropout,0.2,45,1,0.3333333333333333,0.16666666666666666,0.59604119425548,126
representation_level,A6,channel_dropout,0.2,45,2,0.3333333333333333,0.16666666666666666,0.5761526832955405,126
representation_level,A6,channel_dropout,0.2,45,3,0.3333333333333333,0.16666666666666666,0.6089380196523053,126
representation_level,A6,channel_dropout,0.2,45,4,0.3333333333333333,0.16666666666666666,0.636432350718065,126
representation_level,A6,channel_dropout,0.2,46,0,0.3333333333333333,0.16666666666666666,0.6764917973679467,129
representation_level,A6,channel_dropout,0.2,46,1,0.3333333333333333,0.16666666666666666,0.5407218442932729,126
representation_level,A6,channel_dropout,0.2,46,2,0.3333333333333333,0.16666666666666666,0.6388416477702191,126
representation_level,A6,channel_dropout,0.2,46,3,0.3333333333333333,0.16666666666666666,0.5846560846560847,126
representation_level,A6,channel_dropout,0.2,46,4,0.3333333333333333,0.16766467065868262,0.6078987150415721,126
representation_level,A6,channel_dropout,0.3,42,0,0.3333333333333333,0.16666666666666666,0.5965837389579952,129
representation_level,A6,channel_dropout,0.3,42,1,0.3333333333333333,0.21236096777892444,0.630479969765684,126
representation_level,A6,channel_dropout,0.3,42,2,0.3333333333333333,0.16666666666666666,0.6207482993197279,126
representation_level,A6,channel_dropout,0.3,42,3,0.3333333333333333,0.16666666666666666,0.6181027966742253,126
representation_level,A6,channel_dropout,0.3,42,4,0.3333333333333333,0.16666666666666666,0.5709561602418746,126
representation_level,A6,channel_dropout,0.3,43,0,0.4341085271317829,0.3931273165199294,0.6099693528033171,129
representation_level,A6,channel_dropout,0.3,43,1,0.3333333333333333,0.16666666666666666,0.561885865457294,126
representation_level,A6,channel_dropout,0.3,43,2,0.3333333333333333,0.16666666666666666,0.5821050642479214,126
representation_level,A6,channel_dropout,0.3,43,3,0.4761904761904762,0.38000000000000006,0.6636432350718064,126
representation_level,A6,channel_dropout,0.3,43,4,0.3333333333333333,0.16666666666666666,0.6367157974300831,126
representation_level,A6,channel_dropout,0.3,44,0,0.3333333333333333,0.16666666666666666,0.579141878492879,129
representation_level,A6,channel_dropout,0.3,44,1,0.3412698412698412,0.18316854662767487,0.6159297052154195,126
representation_level,A6,channel_dropout,0.3,44,2,0.3333333333333333,0.16666666666666666,0.5742630385487528,126
representation_level,A6,channel_dropout,0.3,44,3,0.3333333333333333,0.16666666666666666,0.5953798185941043,126
representation_level,A6,channel_dropout,0.3,44,4,0.3333333333333333,0.16666666666666666,0.610355253212396,126
representation_level,A6,channel_dropout,0.3,45,0,0.3333333333333333,0.16666666666666666,0.6348476654047234,129
representation_level,A6,channel_dropout,0.3,45,1,0.38095238095238093,0.30727710843373496,0.6386054421768707,126
representation_level,A6,channel_dropout,0.3,45,2,0.3333333333333333,0.16666666666666666,0.5537603930461074,126
representation_level,A6,channel_dropout,0.3,45,3,0.3333333333333333,0.16666666666666666,0.6337396069538926,126
representation_level,A6,channel_dropout,0.3,45,4,0.3333333333333333,0.16666666666666666,0.6140400604686319,126
representation_level,A6,channel_dropout,0.3,46,0,0.3333333333333333,0.16666666666666666,0.6549486208761492,129
representation_level,A6,channel_dropout,0.3,46,1,0.3333333333333333,0.16666666666666666,0.5370370370370371,126
representation_level,A6,channel_dropout,0.3,46,2,0.3333333333333333,0.16666666666666666,0.6451247165532881,126
representation_level,A6,channel_dropout,0.3,46,3,0.3333333333333333,0.16666666666666666,0.6192365835222978,126
representation_level,A6,channel_dropout,0.3,46,4,0.3333333333333333,0.16666666666666666,0.6439909297052154,126
representation_level,A7,amplitude_noise,20,42,0,0.48062015503875966,0.4778718994514322,0.640706688299982,129
representation_level,A7,amplitude_noise,20,42,1,0.4603174603174603,0.46383604448120574,0.6569349962207105,126
representation_level,A7,amplitude_noise,20,42,2,0.4761904761904762,0.4695775465928697,0.6526832955404384,126
representation_level,A7,amplitude_noise,20,42,3,0.4682539682539682,0.4599744572158366,0.6862244897959183,126
representation_level,A7,amplitude_noise,20,42,4,0.4920634920634921,0.4890833803877282,0.6302910052910053,126
representation_level,A7,amplitude_noise,20,43,0,0.44961240310077516,0.4520073107707821,0.6104200468721832,129
representation_level,A7,amplitude_noise,20,43,1,0.48412698412698413,0.4838793338793339,0.6363378684807256,126
representation_level,A7,amplitude_noise,20,43,2,0.4603174603174603,0.4501545299262484,0.6522108843537415,126
representation_level,A7,amplitude_noise,20,43,3,0.4920634920634921,0.48510365663567506,0.6849962207105064,126
representation_level,A7,amplitude_noise,20,43,4,0.4920634920634921,0.4876796563543551,0.673941798941799,126
representation_level,A7,amplitude_noise,20,44,0,0.441860465116279,0.43239945427643584,0.6507120966288084,129
representation_level,A7,amplitude_noise,20,44,1,0.48412698412698413,0.48125101137149323,0.6249055177626607,126
representation_level,A7,amplitude_noise,20,44,2,0.4682539682539682,0.4716672275756597,0.6487150415721844,126
representation_level,A7,amplitude_noise,20,44,3,0.4365079365079365,0.4394598200153756,0.647392290249433,126
representation_level,A7,amplitude_noise,20,44,4,0.4682539682539683,0.46430070234616877,0.6625094482237339,126
representation_level,A7,amplitude_noise,20,45,0,0.4573643410852713,0.4565773875093108,0.6539570939246441,129
representation_level,A7,amplitude_noise,20,45,1,0.4603174603174603,0.453459408808246,0.6517384731670446,126
representation_level,A7,amplitude_noise,20,45,2,0.41269841269841273,0.4098043500031865,0.575302343159486,126
representation_level,A7,amplitude_noise,20,45,3,0.5555555555555555,0.5488417557383075,0.7072940287226003,126
representation_level,A7,amplitude_noise,20,45,4,0.4841269841269842,0.4843668960956309,0.648620559334845,126
representation_level,A7,amplitude_noise,20,46,0,0.44961240310077516,0.44490992878089647,0.6837930412835768,129
representation_level,A7,amplitude_noise,20,46,1,0.38095238095238093,0.37291280148423,0.5833333333333334,126
representation_level,A7,amplitude_noise,20,46,2,0.42857142857142855,0.42572062084257206,0.645124716553288,126
representation_level,A7,amplitude_noise,20,46,3,0.4841269841269842,0.4800864189173944,0.6438019652305367,126
representation_level,A7,amplitude_noise,20,46,4,0.4761904761904762,0.4777649990415948,0.6570294784580498,126
representation_level,A7,amplitude_noise,10,42,0,0.4883720930232558,0.48604651162790696,0.6429601586443122,129
representation_level,A7,amplitude_noise,10,42,1,0.4523809523809524,0.45518805861802997,0.6566515495086923,126
representation_level,A7,amplitude_noise,10,42,2,0.4365079365079365,0.43115942028985504,0.6514550264550264,126
representation_level,A7,amplitude_noise,10,42,3,0.4682539682539683,0.45965795931129644,0.683390022675737,126
representation_level,A7,amplitude_noise,10,42,4,0.4682539682539682,0.46731810862245643,0.6315192743764172,126
representation_level,A7,amplitude_noise,10,43,0,0.44186046511627913,0.4438772294699691,0.6207860104561024,129
representation_level,A7,amplitude_noise,10,43,1,0.4841269841269842,0.48634306934843236,0.6307634164777022,126
representation_level,A7,amplitude_noise,10,43,2,0.4761904761904762,0.46730860797391127,0.6596749811035526,126
representation_level,A7,amplitude_noise,10,43,3,0.5,0.49932669000807967,0.6705404383975813,126
representation_level,A7,amplitude_noise,10,43,4,0.49206349206349204,0.487822773933885,0.6819727891156463,126
representation_level,A7,amplitude_noise,10,44,0,0.44186046511627913,0.4295890410958904,0.6476473769605192,129
representation_level,A7,amplitude_noise,10,44,1,0.4682539682539682,0.4676322334473864,0.6144179894179893,126
representation_level,A7,amplitude_noise,10,44,2,0.4761904761904761,0.4805361588790458,0.6462585034013606,126
representation_level,A7,amplitude_noise,10,44,3,0.4603174603174603,0.4645970661831574,0.641628873771731,126
representation_level,A7,amplitude_noise,10,44,4,0.4603174603174603,0.45973223851839845,0.6509826152683296,126
representation_level,A7,amplitude_noise,10,45,0,0.441860465116279,0.4405447878470403,0.6599062556336759,129
representation_level,A7,amplitude_noise,10,45,1,0.4365079365079365,0.432972582972583,0.6386054421768708,126
representation_level,A7,amplitude_noise,10,45,2,0.41269841269841273,0.41132695993377105,0.567838246409675,126
representation_level,A7,amplitude_noise,10,45,3,0.5476190476190476,0.5442326838287584,0.6960506424792139,126
representation_level,A7,amplitude_noise,10,45,4,0.4761904761904762,0.4767517742067053,0.6459750566893424,126
representation_level,A7,amplitude_noise,10,46,0,0.4573643410852713,0.45280481632435604,0.676221380926627,129
representation_level,A7,amplitude_noise,10,46,1,0.38095238095238093,0.36987347865671794,0.5819160997732427,126
representation_level,A7,amplitude_noise,10,46,2,0.41269841269841273,0.41001478196600144,0.63718820861678,126
representation_level,A7,amplitude_noise,10,46,3,0.4603174603174603,0.4603174603174603,0.6506046863189721,126
representation_level,A7,amplitude_noise,10,46,4,0.4603174603174603,0.46186406186406187,0.6570294784580499,126
representation_level,A7,amplitude_noise,5,42,0,0.44961240310077516,0.44746192491164677,0.6431404362718587,129
representation_level,A7,amplitude_noise,5,42,1,0.4365079365079365,0.4410903688012122,0.6506046863189722,126
representation_level,A7,amplitude_noise,5,42,2,0.4365079365079365,0.4333785004516712,0.6480536659108088,126
representation_level,A7,amplitude_noise,5,42,3,0.4841269841269842,0.4787860301967363,0.6788548752834466,126
representation_level,A7,amplitude_noise,5,42,4,0.4682539682539682,0.46809706257982125,0.628968253968254,126
representation_level,A7,amplitude_noise,5,43,0,0.4186046511627907,0.42212059620596215,0.6270957274202272,129
representation_level,A7,amplitude_noise,5,43,1,0.4523809523809524,0.4542095835199283,0.6202758881330309,126
representation_level,A7,amplitude_noise,5,43,2,0.5158730158730158,0.5105287174252692,0.6589191232048375,126
representation_level,A7,amplitude_noise,5,43,3,0.5,0.5,0.6511715797430083,126
representation_level,A7,amplitude_noise,5,43,4,0.5079365079365079,0.5063157029576112,0.6790438397581254,126
representation_level,A7,amplitude_noise,5,44,0,0.4573643410852713,0.4463912147954547,0.637732107445466,129
representation_level,A7,amplitude_noise,5,44,1,0.42857142857142855,0.42694260186814675,0.5990173847316704,126
representation_level,A7,amplitude_noise,5,44,2,0.4444444444444445,0.4460130718954249,0.6361489040060467,126
representation_level,A7,amplitude_noise,5,44,3,0.42857142857142855,0.43149350649350654,0.6294406651549509,126
representation_level,A7,amplitude_noise,5,44,4,0.43650793650793646,0.4364078085630964,0.6316137566137566,126
representation_level,A7,amplitude_noise,5,45,0,0.4651162790697674,0.4615384615384615,0.6486389039120245,129
representation_level,A7,amplitude_noise,5,45,1,0.43650793650793646,0.43711142993782875,0.6239606953892668,126
representation_level,A7,amplitude_noise,5,45,2,0.38095238095238093,0.38132216423750087,0.5593348450491308,126
representation_level,A7,amplitude_noise,5,45,3,0.4682539682539682,0.46474675356870804,0.6757369614512472,126
representation_level,A7,amplitude_noise,5,45,4,0.4603174603174603,0.46049399061447255,0.6435185185185185,126
representation_level,A7,amplitude_noise,5,46,0,0.4728682170542635,0.46914232359610514,0.659095006309717,129
representation_level,A7,amplitude_noise,5,46,1,0.3968253968253968,0.39039883369780276,0.5723733938019652,126
representation_level,A7,amplitude_noise,5,46,2,0.41269841269841273,0.4112403100775193,0.6240551776266062,126
representation_level,A7,amplitude_noise,5,46,3,0.4761904761904761,0.4772185514497285,0.6592025699168557,126
representation_level,A7,amplitude_noise,5,46,4,0.4444444444444445,0.44475240206947525,0.6545729402872259,126
representation_level,A7,channel_dropout,0.1,42,0,0.44961240310077516,0.4410525233836982,0.6446727961060033,129
representation_level,A7,channel_dropout,0.1,42,1,0.4603174603174603,0.4636015325670498,0.6541005291005292,126
representation_level,A7,channel_dropout,0.1,42,2,0.4444444444444444,0.43527871305649085,0.640400604686319,126
representation_level,A7,channel_dropout,0.1,42,3,0.4603174603174603,0.453459408808246,0.6615646258503401,126
representation_level,A7,channel_dropout,0.1,42,4,0.4920634920634921,0.4875283446712018,0.6350151171579742,126
representation_level,A7,channel_dropout,0.1,43,0,0.40310077519379844,0.3925925925925926,0.6028483865152334,129
representation_level,A7,channel_dropout,0.1,43,1,0.4365079365079365,0.43272799867360995,0.6315192743764172,126
representation_level,A7,channel_dropout,0.1,43,2,0.4523809523809524,0.4356161987229948,0.6448412698412698,126
representation_level,A7,channel_dropout,0.1,43,3,0.4920634920634921,0.4879368751549203,0.6698790627362056,126
representation_level,A7,channel_dropout,0.1,43,4,0.4603174603174603,0.4540668069485056,0.6506046863189721,126
representation_level,A7,channel_dropout,0.1,44,0,0.44186046511627913,0.4327120821243918,0.6374616910041464,129
representation_level,A7,channel_dropout,0.1,44,1,0.4603174603174603,0.453459408808246,0.6170634920634921,126
representation_level,A7,channel_dropout,0.1,44,2,0.4523809523809524,0.4562634255105093,0.6494708994708995,126
representation_level,A7,channel_dropout,0.1,44,3,0.4761904761904761,0.4773168000437003,0.6526832955404385,126
representation_level,A7,channel_dropout,0.1,44,4,0.4841269841269842,0.4723633854068637,0.6874527588813303,126
representation_level,A7,channel_dropout,0.1,45,0,0.44961240310077527,0.4312630473227226,0.6515233459527673,129
representation_level,A7,channel_dropout,0.1,45,1,0.4682539682539682,0.4644736842105263,0.6518329554043839,126
representation_level,A7,channel_dropout,0.1,45,2,0.373015873015873,0.36754241926655723,0.5817271352985639,126
representation_level,A7,channel_dropout,0.1,45,3,0.5396825396825397,0.5085172430339472,0.7191987906273619,126
representation_level,A7,channel_dropout,0.1,45,4,0.4682539682539682,0.4591151385927505,0.6439909297052154,126
representation_level,A7,channel_dropout,0.1,46,0,0.48062015503875966,0.47666389794049363,0.6912745628267531,129
representation_level,A7,channel_dropout,0.1,46,1,0.41269841269841273,0.3940958566822463,0.5768140589569161,126
representation_level,A7,channel_dropout,0.1,46,2,0.4444444444444444,0.44552845528455287,0.632180650037793,126
representation_level,A7,channel_dropout,0.1,46,3,0.4444444444444445,0.42625745950554134,0.6258503401360545,126
representation_level,A7,channel_dropout,0.1,46,4,0.5,0.5021259010244061,0.6663832199546484,126
representation_level,A7,channel_dropout,0.2,42,0,0.44961240310077527,0.42871689970886545,0.641157382368848,129
representation_level,A7,channel_dropout,0.2,42,1,0.48412698412698413,0.4581665404450215,0.6295351473922902,126
representation_level,A7,channel_dropout,0.2,42,2,0.4682539682539682,0.4253905559982259,0.6418178382464097,126
representation_level,A7,channel_dropout,0.2,42,3,0.3888888888888889,0.3501040046720079,0.6425736961451248,126
representation_level,A7,channel_dropout,0.2,42,4,0.4682539682539683,0.46685553760031634,0.6102607709750566,126
representation_level,A7,channel_dropout,0.2,43,0,0.46511627906976744,0.4472309678439225,0.6283576708130522,129
representation_level,A7,channel_dropout,0.2,43,1,0.4365079365079365,0.43742178154839695,0.645408163265306,126
representation_level,A7,channel_dropout,0.2,43,2,0.42857142857142855,0.37887029396463356,0.6485260770975056,126
representation_level,A7,channel_dropout,0.2,43,3,0.4523809523809524,0.4352195697023283,0.6668556311413454,126
representation_level,A7,channel_dropout,0.2,43,4,0.5079365079365079,0.4775244707133252,0.6649659863945578,126
representation_level,A7,channel_dropout,0.2,44,0,0.4651162790697674,0.4631096751349915,0.6506219578150351,129
representation_level,A7,channel_dropout,0.2,44,1,0.4444444444444444,0.4289580114621574,0.625755857898715,126
representation_level,A7,channel_dropout,0.2,44,2,0.5158730158730159,0.5058823529411764,0.6504157218442932,126
representation_level,A7,channel_dropout,0.2,44,3,0.42063492063492064,0.3973219373219374,0.6159297052154195,126
representation_level,A7,channel_dropout,0.2,44,4,0.48412698412698413,0.4833661957882038,0.6427626606198035,126
representation_level,A7,channel_dropout,0.2,45,0,0.44961240310077516,0.4357078394345475,0.6490895979808906,129
representation_level,A7,channel_dropout,0.2,45,1,0.4444444444444445,0.44324404118218547,0.6470143613000756,126
representation_level,A7,channel_dropout,0.2,45,2,0.4047619047619048,0.39989564901773966,0.5953325774754347,126
representation_level,A7,channel_dropout,0.2,45,3,0.48412698412698413,0.4804763153415495,0.6933106575963718,126
representation_level,A7,channel_dropout,0.2,45,4,0.4047619047619047,0.38234793945921436,0.6392668178382465,126
representation_level,A7,channel_dropout,0.2,46,0,0.4573643410852713,0.45056890746545925,0.6845141517937622,129
representation_level,A7,channel_dropout,0.2,46,1,0.41269841269841273,0.3959104938271605,0.5652872260015117,126
representation_level,A7,channel_dropout,0.2,46,2,0.4365079365079365,0.4289216606001476,0.6159297052154195,126
representation_level,A7,channel_dropout,0.2,46,3,0.4523809523809524,0.41310287727733214,0.6475812547241119,126
representation_level,A7,channel_dropout,0.2,46,4,0.5,0.48562121389352647,0.6631708238851096,126
representation_level,A7,channel_dropout,0.3,42,0,0.3875968992248062,0.29621673230695783,0.6341265548945376,129
representation_level,A7,channel_dropout,0.3,42,1,0.4523809523809524,0.3903061224489796,0.6359599395313681,126
representation_level,A7,channel_dropout,0.3,42,2,0.4365079365079365,0.3657246310104636,0.6450302343159485,126
representation_level,A7,channel_dropout,0.3,42,3,0.42063492063492064,0.3961035580367899,0.6614701436130007,126
representation_level,A7,channel_dropout,0.3,42,4,0.41269841269841273,0.3957492799598063,0.6139455782312925,126
representation_level,A7,channel_dropout,0.3,43,0,0.3953488372093023,0.35422784044744254,0.6137551829817919,129
representation_level,A7,channel_dropout,0.3,43,1,0.42857142857142855,0.42497241320770734,0.6005291005291005,126
representation_level,A7,channel_dropout,0.3,43,2,0.42857142857142855,0.3923541322933853,0.6403061224489796,126
representation_level,A7,channel_dropout,0.3,43,3,0.5238095238095238,0.516078431372549,0.6604308390022675,126
representation_level,A7,channel_dropout,0.3,43,4,0.4920634920634921,0.4801086012063216,0.66005291005291,126
representation_level,A7,channel_dropout,0.3,44,0,0.46511627906976744,0.4502095842302028,0.6274562826753199,129
representation_level,A7,channel_dropout,0.3,44,1,0.4682539682539682,0.416101517530089,0.6303854875283447,126
representation_level,A7,channel_dropout,0.3,44,2,0.4682539682539683,0.46762170500431016,0.6430461073318217,126
representation_level,A7,channel_dropout,0.3,44,3,0.43650793650793646,0.4287259170721989,0.6274565381708239,126
representation_level,A7,channel_dropout,0.3,44,4,0.5,0.47913426177126667,0.65088813303099,126
representation_level,A7,channel_dropout,0.3,45,0,0.44186046511627913,0.41690205066318553,0.6548584820623761,129
representation_level,A7,channel_dropout,0.3,45,1,0.4841269841269842,0.4753611462876976,0.6769652305366591,126
representation_level,A7,channel_dropout,0.3,45,2,0.3968253968253968,0.38318785469420674,0.5650037792894936,126
representation_level,A7,channel_dropout,0.3,45,3,0.4841269841269842,0.48734402220450584,0.7026643990929706,126
representation_level,A7,channel_dropout,0.3,45,4,0.4920634920634921,0.4858345882422417,0.6673280423280423,126
representation_level,A7,channel_dropout,0.3,46,0,0.4883720930232558,0.44595274007038715,0.6953308094465477,129
representation_level,A7,channel_dropout,0.3,46,1,0.38888888888888884,0.3883942053286096,0.5635865457294028,126
representation_level,A7,channel_dropout,0.3,46,2,0.4761904761904761,0.4471279634650025,0.6564625850340137,126
representation_level,A7,channel_dropout,0.3,46,3,0.42063492063492064,0.4152790561459292,0.6078987150415722,126
representation_level,A7,channel_dropout,0.3,46,4,0.48412698412698413,0.42376902364091434,0.6798941798941799,126
representation_level,A7,graph_perturbation,0.1,42,0,0.46511627906976744,0.4600163198694411,0.6373715521903732,129
representation_level,A7,graph_perturbation,0.1,42,1,0.4682539682539682,0.4694125338563557,0.6556122448979592,126
representation_level,A7,graph_perturbation,0.1,42,2,0.4761904761904761,0.4693687995395775,0.6531557067271353,126
representation_level,A7,graph_perturbation,0.1,42,3,0.4603174603174603,0.45022144402101144,0.6784769463340892,126
representation_level,A7,graph_perturbation,0.1,42,4,0.4920634920634921,0.4874626178974006,0.6306689342403627,126
representation_level,A7,graph_perturbation,0.1,43,0,0.441860465116279,0.4425303080333978,0.6081665765278528,129
representation_level,A7,graph_perturbation,0.1,43,1,0.4682539682539683,0.4677665719055999,0.6320861678004536,126
representation_level,A7,graph_perturbation,0.1,43,2,0.4603174603174603,0.4498407706949568,0.6460695389266817,126
representation_level,A7,graph_perturbation,0.1,43,3,0.4841269841269842,0.4782715499265911,0.6884920634920636,126
representation_level,A7,graph_perturbation,0.1,43,4,0.4761904761904761,0.4703416360419219,0.6691232048374905,126
representation_level,A7,graph_perturbation,0.1,44,0,0.46511627906976744,0.4563631972953393,0.6526951505318189,129
representation_level,A7,graph_perturbation,0.1,44,1,0.4841269841269842,0.4778281820748959,0.6294406651549509,126
representation_level,A7,graph_perturbation,0.1,44,2,0.4761904761904762,0.47890607335051777,0.6497543461829176,126
representation_level,A7,graph_perturbation,0.1,44,3,0.4523809523809524,0.45475416937405244,0.6503212396069539,126
representation_level,A7,graph_perturbation,0.1,44,4,0.4761904761904761,0.47109397451863205,0.6693121693121693,126
representation_level,A7,graph_perturbation,0.1,45,0,0.4108527131782946,0.4032264032264032,0.6587344510546241,129
representation_level,A7,graph_perturbation,0.1,45,1,0.4682539682539682,0.46001624725028983,0.6566515495086923,126
representation_level,A7,graph_perturbation,0.1,45,2,0.3968253968253968,0.3875365639126966,0.5779478458049886,126
representation_level,A7,graph_perturbation,0.1,45,3,0.5555555555555556,0.5491990846681921,0.7120181405895692,126
representation_level,A7,graph_perturbation,0.1,45,4,0.4682539682539682,0.4666970456444141,0.6444633408919123,126
representation_level,A7,graph_perturbation,0.1,46,0,0.45736434108527124,0.45054456521973135,0.6876690102758247,129
representation_level,A7,graph_perturbation,0.1,46,1,0.3968253968253968,0.38809144072301965,0.584750566893424,126
representation_level,A7,graph_perturbation,0.1,46,2,0.4444444444444445,0.4411088761110096,0.6456916099773243,126
representation_level,A7,graph_perturbation,0.1,46,3,0.4603174603174603,0.45461716306269545,0.638888888888889,126
representation_level,A7,graph_perturbation,0.1,46,4,0.4761904761904761,0.47766346284012456,0.6538170823885109,126
representation_level,A7,graph_perturbation,0.2,42,0,0.44961240310077527,0.4414367226972666,0.6379123850730124,129
representation_level,A7,graph_perturbation,0.2,42,1,0.4920634920634921,0.49249322218847374,0.6543839758125473,126
representation_level,A7,graph_perturbation,0.2,42,2,0.4444444444444445,0.4315443011095185,0.6536281179138322,126
representation_level,A7,graph_perturbation,0.2,42,3,0.4761904761904762,0.46353854625169255,0.6815948601662888,126
representation_level,A7,graph_perturbation,0.2,42,4,0.4920634920634921,0.4874626178974006,0.6312358276643991,126
representation_level,A7,graph_perturbation,0.2,43,0,0.441860465116279,0.439032968425722,0.6109608797548224,129
representation_level,A7,graph_perturbation,0.2,43,1,0.4523809523809524,0.4470629771834591,0.6323696145124716,126
representation_level,A7,graph_perturbation,0.2,43,2,0.4603174603174603,0.4474618149920146,0.6480536659108088,126
representation_level,A7,graph_perturbation,0.2,43,3,0.4920634920634921,0.4880875027073857,0.6874527588813303,126
representation_level,A7,graph_perturbation,0.2,43,4,0.4761904761904761,0.4701218403346063,0.6675170068027212,126
representation_level,A7,graph_perturbation,0.2,44,0,0.44961240310077516,0.4412776412776413,0.6508923742563549,129
representation_level,A7,graph_perturbation,0.2,44,1,0.5079365079365079,0.4996535091946268,0.6307634164777022,126
representation_level,A7,graph_perturbation,0.2,44,2,0.48412698412698413,0.48687895212285454,0.6511715797430083,126
representation_level,A7,graph_perturbation,0.2,44,3,0.4365079365079365,0.43487394957983194,0.6515495086923658,126
representation_level,A7,graph_perturbation,0.2,44,4,0.4523809523809524,0.43774580452891027,0.671957671957672,126
representation_level,A7,graph_perturbation,0.2,45,0,0.4108527131782946,0.39931816386695446,0.659095006309717,129
representation_level,A7,graph_perturbation,0.2,45,1,0.4682539682539683,0.4563909601399245,0.6575963718820862,126
representation_level,A7,graph_perturbation,0.2,45,2,0.4047619047619048,0.3950345694531741,0.5786092214663643,126
representation_level,A7,graph_perturbation,0.2,45,3,0.5396825396825397,0.5325379227818252,0.711262282690854,126
representation_level,A7,graph_perturbation,0.2,45,4,0.4682539682539682,0.4656209150326797,0.6455026455026455,126
representation_level,A7,graph_perturbation,0.2,46,0,0.46511627906976744,0.44676692329171486,0.6875788714620515,129
representation_level,A7,graph_perturbation,0.2,46,1,0.38888888888888884,0.37840377888921584,0.5853174603174603,126
representation_level,A7,graph_perturbation,0.2,46,2,0.4523809523809524,0.44722313028949184,0.6472978080120937,126
representation_level,A7,graph_perturbation,0.2,46,3,0.4603174603174603,0.44879867439933724,0.6386054421768707,126
representation_level,A7,graph_perturbation,0.2,46,4,0.4841269841269842,0.48379399952752183,0.6556122448979592,126
representation_level,A7,graph_perturbation,0.3,42,0,0.4728682170542635,0.4618614718614718,0.6357490535424554,129
representation_level,A7,graph_perturbation,0.3,42,1,0.4920634920634921,0.48636082961025756,0.6564625850340137,126
representation_level,A7,graph_perturbation,0.3,42,2,0.4761904761904762,0.4607151089254646,0.6524943310657596,126
representation_level,A7,graph_perturbation,0.3,42,3,0.48412698412698413,0.47011523098479624,0.6808390022675738,126
representation_level,A7,graph_perturbation,0.3,42,4,0.4841269841269842,0.4815481159667206,0.6325585789871503,126
representation_level,A7,graph_perturbation,0.3,43,0,0.40310077519379844,0.39449621432731513,0.6090679646655849,129
representation_level,A7,graph_perturbation,0.3,43,1,0.4603174603174603,0.4518007662835249,0.6358654572940287,126
representation_level,A7,graph_perturbation,0.3,43,2,0.4920634920634921,0.4757920442130969,0.6494708994708994,126
representation_level,A7,graph_perturbation,0.3,43,3,0.4920634920634921,0.4876337184424476,0.6851851851851852,126
representation_level,A7,graph_perturbation,0.3,43,4,0.4920634920634921,0.48602014298316426,0.6686507936507936,126
representation_level,A7,graph_perturbation,0.3,44,0,0.42635658914728686,0.4146775405202372,0.6491797367946638,129
representation_level,A7,graph_perturbation,0.3,44,1,0.4761904761904761,0.4628391283283955,0.630479969765684,126
representation_level,A7,graph_perturbation,0.3,44,2,0.4761904761904762,0.4786034169122382,0.6513605442176871,126
representation_level,A7,graph_perturbation,0.3,44,3,0.4444444444444445,0.4386123680241327,0.6467309145880574,126
representation_level,A7,graph_perturbation,0.3,44,4,0.4682539682539683,0.4473947609242736,0.6737528344671202,126
representation_level,A7,graph_perturbation,0.3,45,0,0.42635658914728686,0.40952380952380946,0.6581034793582116,129
representation_level,A7,graph_perturbation,0.3,45,1,0.4920634920634921,0.47681090070627535,0.6615646258503401,126
representation_level,A7,graph_perturbation,0.3,45,2,0.4047619047619048,0.39298273237810316,0.580026455026455,126
representation_level,A7,graph_perturbation,0.3,45,3,0.5238095238095238,0.516562013157089,0.7102229780801209,126
representation_level,A7,graph_perturbation,0.3,45,4,0.4761904761904761,0.46913580246913583,0.6460695389266817,126
representation_level,A7,graph_perturbation,0.3,46,0,0.4651162790697674,0.44044289847086376,0.6890210924824229,129
representation_level,A7,graph_perturbation,0.3,46,1,0.3968253968253968,0.3774346575295104,0.5866402116402116,126
representation_level,A7,graph_perturbation,0.3,46,2,0.4523809523809524,0.44134673401486024,0.6471088435374149,126
representation_level,A7,graph_perturbation,0.3,46,3,0.4603174603174603,0.4460228801051615,0.6367157974300831,126
representation_level,A7,graph_perturbation,0.3,46,4,0.4682539682539682,0.4641239986067573,0.6559901738473167,126
representation_level,A8,amplitude_noise,20,42,0,0.40310077519379844,0.40314371037262603,0.5826572922300343,129
representation_level,A8,amplitude_noise,20,42,1,0.373015873015873,0.37345987345987347,0.5438397581254724,126
representation_level,A8,amplitude_noise,20,42,2,0.38888888888888884,0.38775705404112865,0.5784202569916856,126
representation_level,A8,amplitude_noise,20,42,3,0.4603174603174603,0.45549676660787775,0.6208427815570672,126
representation_level,A8,amplitude_noise,20,42,4,0.4047619047619047,0.4057139952213919,0.5461073318216175,126
representation_level,A8,amplitude_noise,20,43,0,0.4108527131782946,0.41061894953116235,0.5813953488372093,129
representation_level,A8,amplitude_noise,20,43,1,0.35714285714285715,0.3572692011056504,0.5459183673469388,126
representation_level,A8,amplitude_noise,20,43,2,0.4444444444444445,0.44503595778462685,0.592687074829932,126
representation_level,A8,amplitude_noise,20,43,3,0.38095238095238093,0.3820596994720455,0.559901738473167,126
representation_level,A8,amplitude_noise,20,43,4,0.43650793650793646,0.43711142993782887,0.5928760393046106,126
representation_level,A8,amplitude_noise,20,44,0,0.434108527131783,0.42789406571433414,0.5850910402019109,129
representation_level,A8,amplitude_noise,20,44,1,0.4841269841269842,0.48417648183771506,0.6613756613756614,126
representation_level,A8,amplitude_noise,20,44,2,0.38095238095238093,0.383008658008658,0.5562169312169313,126
representation_level,A8,amplitude_noise,20,44,3,0.3650793650793651,0.3625160185531702,0.5456349206349206,126
representation_level,A8,amplitude_noise,20,44,4,0.373015873015873,0.3714637896119904,0.5664210128495842,126
representation_level,A8,amplitude_noise,20,45,0,0.4186046511627907,0.41442886615300406,0.5976203353163873,129
representation_level,A8,amplitude_noise,20,45,1,0.3650793650793651,0.3624972710418229,0.5360922146636432,126
representation_level,A8,amplitude_noise,20,45,2,0.3650793650793651,0.3656968987500944,0.5384542705971277,126
representation_level,A8,amplitude_noise,20,45,3,0.42063492063492064,0.422221087277267,0.6318972033257747,126
representation_level,A8,amplitude_noise,20,45,4,0.4047619047619048,0.4011296356834115,0.576058201058201,126
representation_level,A8,amplitude_noise,20,46,0,0.40310077519379844,0.40333495152772264,0.6123129619614206,129
representation_level,A8,amplitude_noise,20,46,1,0.34920634920634924,0.3462327341964097,0.4880007558578987,126
representation_level,A8,amplitude_noise,20,46,2,0.3888888888888889,0.3849996941210057,0.5642479213907785,126
representation_level,A8,amplitude_noise,20,46,3,0.42063492063492064,0.42098757473873255,0.59145880574452,126
representation_level,A8,amplitude_noise,20,46,4,0.3968253968253968,0.3982390659393243,0.5221088435374149,126
representation_level,A8,amplitude_noise,10,42,0,0.3488372093023256,0.3482012478428249,0.5360104561023976,129
representation_level,A8,amplitude_noise,10,42,1,0.3095238095238095,0.30752009861235735,0.49485071806500375,126
representation_level,A8,amplitude_noise,10,42,2,0.3333333333333333,0.3323222804309472,0.5248488284202569,126
representation_level,A8,amplitude_noise,10,42,3,0.3968253968253968,0.3978227516808808,0.5586734693877551,126
representation_level,A8,amplitude_noise,10,42,4,0.34920634920634924,0.34879584017515053,0.5012755102040817,126
representation_level,A8,amplitude_noise,10,43,0,0.35658914728682173,0.3563543620668672,0.5415539931494501,129
representation_level,A8,amplitude_noise,10,43,1,0.29365079365079366,0.29386453376531335,0.4989134542705971,126
representation_level,A8,amplitude_noise,10,43,2,0.3650793650793651,0.3645624277808186,0.540107709750567,126
representation_level,A8,amplitude_noise,10,43,3,0.3253968253968254,0.3257129642164162,0.5000472411186697,126
representation_level,A8,amplitude_noise,10,43,4,0.4047619047619047,0.4036896297422213,0.5452569916855631,126
representation_level,A8,amplitude_noise,10,44,0,0.4108527131782946,0.4066626368885049,0.5408328826392644,129
representation_level,A8,amplitude_noise,10,44,1,0.42857142857142855,0.4277836299957684,0.6125283446712018,126
representation_level,A8,amplitude_noise,10,44,2,0.31746031746031744,0.3180535148311406,0.4923469387755102,126
representation_level,A8,amplitude_noise,10,44,3,0.3412698412698412,0.33993782280290463,0.49659863945578236,126
representation_level,A8,amplitude_noise,10,44,4,0.3412698412698412,0.3397162156036085,0.5113378684807256,126
representation_level,A8,amplitude_noise,10,45,0,0.35658914728682173,0.3548917039557993,0.5370470524607895,129
representation_level,A8,amplitude_noise,10,45,1,0.3253968253968254,0.32402257359296355,0.4857331821617536,126
representation_level,A8,amplitude_noise,10,45,2,0.34920634920634913,0.34920634920634913,0.5054327286470144,126
representation_level,A8,amplitude_noise,10,45,3,0.373015873015873,0.36832076793144647,0.589332955404384,126
representation_level,A8,amplitude_noise,10,45,4,0.3412698412698412,0.3378039818849867,0.5175736961451247,126
representation_level,A8,amplitude_noise,10,46,0,0.37984496124031003,0.3784869168791132,0.5627366143861546,129
representation_level,A8,amplitude_noise,10,46,1,0.30952380952380953,0.3085398605111867,0.4441609977324263,126
representation_level,A8,amplitude_noise,10,46,2,0.3412698412698412,0.3398791131349271,0.505007558578987,126
representation_level,A8,amplitude_noise,10,46,3,0.42063492063492064,0.4216622653831956,0.5590513983371126,126
representation_level,A8,amplitude_noise,10,46,4,0.25396825396825395,0.25489858303355795,0.4504440665154951,126
representation_level,A8,amplitude_noise,5,42,0,0.34108527131782945,0.34000465539051034,0.5219037317468902,129
representation_level,A8,amplitude_noise,5,42,1,0.30158730158730157,0.29824108073802075,0.48658352229780794,126
representation_level,A8,amplitude_noise,5,42,2,0.3412698412698412,0.33587847567466067,0.5136054421768707,126
representation_level,A8,amplitude_noise,5,42,3,0.38095238095238093,0.38192640692640695,0.5438869992441421,126
representation_level,A8,amplitude_noise,5,42,4,0.31746031746031744,0.3169679993209405,0.48946523053665913,126
representation_level,A8,amplitude_noise,5,43,0,0.3798449612403101,0.38013136288998356,0.5296556697313863,129
representation_level,A8,amplitude_noise,5,43,1,0.28571428571428575,0.28507504344146434,0.49003212396069534,126
representation_level,A8,amplitude_noise,5,43,2,0.34920634920634924,0.349402199904352,0.5272108843537414,126
representation_level,A8,amplitude_noise,5,43,3,0.30158730158730157,0.3011825572801183,0.4891817838246409,126
representation_level,A8,amplitude_noise,5,43,4,0.38095238095238093,0.37984755417705607,0.5334467120181405,126
representation_level,A8,amplitude_noise,5,44,0,0.37209302325581395,0.3677845528455285,0.5273120605732828,129
representation_level,A8,amplitude_noise,5,44,1,0.41269841269841273,0.41286047411969135,0.6052059712773997,126
representation_level,A8,amplitude_noise,5,44,2,0.31746031746031744,0.31787111629032894,0.47694633408919124,126
representation_level,A8,amplitude_noise,5,44,3,0.3015873015873016,0.29971483094033396,0.47940287226001516,126
representation_level,A8,amplitude_noise,5,44,4,0.30952380952380953,0.3079128343098705,0.4974489795918367,126
representation_level,A8,amplitude_noise,5,45,0,0.35658914728682173,0.35535454251698545,0.523526230394808,129
representation_level,A8,amplitude_noise,5,45,1,0.30158730158730157,0.3009379509379509,0.47585978835978837,126
representation_level,A8,amplitude_noise,5,45,2,0.36507936507936506,0.36480153036824486,0.49867724867724866,126
representation_level,A8,amplitude_noise,5,45,3,0.36507936507936506,0.3590062111801242,0.5768140589569161,126
representation_level,A8,amplitude_noise,5,45,4,0.3253968253968254,0.3240066493078541,0.5060468631897204,126
representation_level,A8,amplitude_noise,5,46,0,0.37984496124031003,0.3788085608358611,0.5476834324860285,129
representation_level,A8,amplitude_noise,5,46,1,0.30158730158730157,0.2991589379887252,0.43376795162509446,126
representation_level,A8,amplitude_noise,5,46,2,0.3333333333333333,0.33238791859481515,0.4908824640967498,126
representation_level,A8,amplitude_noise,5,46,3,0.42063492063492064,0.4214644137224783,0.5500283446712019,126
representation_level,A8,amplitude_noise,5,46,4,0.2698412698412698,0.2709055525147479,0.43882275132275134,126
representation_level,A8,channel_dropout,0.1,42,0,0.4573643410852713,0.37252038456857733,0.6133946277266991,129
representation_level,A8,channel_dropout,0.1,42,1,0.3333333333333333,0.16666666666666666,0.6048280423280423,126
representation_level,A8,channel_dropout,0.1,42,2,0.4761904761904762,0.4317473703937967,0.6546674225245654,126
representation_level,A8,channel_dropout,0.1,42,3,0.3333333333333333,0.16666666666666666,0.6796107331821618,126
representation_level,A8,channel_dropout,0.1,42,4,0.3333333333333333,0.16666666666666666,0.5970332577475435,126
representation_level,A8,channel_dropout,0.1,43,0,0.4573643410852713,0.36446061446061445,0.6172705967189472,129
representation_level,A8,channel_dropout,0.1,43,1,0.3174603174603175,0.17509612540668443,0.6159297052154195,126
representation_level,A8,channel_dropout,0.1,43,2,0.3333333333333333,0.16666666666666666,0.588718820861678,126
representation_level,A8,channel_dropout,0.1,43,3,0.4047619047619047,0.2922115664051148,0.683862433862434,126
representation_level,A8,channel_dropout,0.1,43,4,0.3333333333333333,0.16666666666666666,0.6291572184429327,126
representation_level,A8,channel_dropout,0.1,44,0,0.3875968992248062,0.3075291622481442,0.5907697854696233,129
representation_level,A8,channel_dropout,0.1,44,1,0.3650793650793651,0.29083629083629087,0.5985449735449735,126
representation_level,A8,channel_dropout,0.1,44,2,0.3412698412698412,0.2721771127938448,0.6319916855631141,126
representation_level,A8,channel_dropout,0.1,44,3,0.3333333333333333,0.16666666666666666,0.6044028722600151,126
representation_level,A8,channel_dropout,0.1,44,4,0.48412698412698413,0.3870792124126667,0.7018140589569161,126
representation_level,A8,channel_dropout,0.1,45,0,0.44186046511627913,0.35851122058018614,0.6647737515774291,129
representation_level,A8,channel_dropout,0.1,45,1,0.3333333333333333,0.16666666666666666,0.6377551020408164,126
representation_level,A8,channel_dropout,0.1,45,2,0.3412698412698412,0.19528619528619529,0.5376039304610734,126
representation_level,A8,channel_dropout,0.1,45,3,0.3333333333333333,0.16666666666666666,0.6516439909297053,126
representation_level,A8,channel_dropout,0.1,45,4,0.3333333333333333,0.16666666666666666,0.6675170068027211,126
representation_level,A8,channel_dropout,0.1,46,0,0.3488372093023256,0.19825708061002179,0.6813592933117,129
representation_level,A8,channel_dropout,0.1,46,1,0.3333333333333333,0.16666666666666666,0.5586734693877551,126
representation_level,A8,channel_dropout,0.1,46,2,0.3333333333333333,0.16666666666666666,0.6126228269085412,126
representation_level,A8,channel_dropout,0.1,46,3,0.3253968253968254,0.16565656565656564,0.6035525321239606,126
representation_level,A8,channel_dropout,0.1,46,4,0.3333333333333333,0.16666666666666666,0.6388888888888888,126
representation_level,A8,channel_dropout,0.2,42,0,0.3333333333333333,0.16666666666666666,0.5998738056607175,129
representation_level,A8,channel_dropout,0.2,42,1,0.3333333333333333,0.16666666666666666,0.5903250188964475,126
representation_level,A8,channel_dropout,0.2,42,2,0.3333333333333333,0.16666666666666666,0.6607142857142857,126
representation_level,A8,channel_dropout,0.2,42,3,0.3412698412698412,0.18316854662767487,0.6594860166288737,126
representation_level,A8,channel_dropout,0.2,42,4,0.3333333333333333,0.16666666666666666,0.6056311413454271,126
representation_level,A8,channel_dropout,0.2,43,0,0.3333333333333333,0.16666666666666666,0.5950964485307373,129
representation_level,A8,channel_dropout,0.2,43,1,0.3333333333333333,0.16666666666666666,0.628968253968254,126
representation_level,A8,channel_dropout,0.2,43,2,0.3333333333333333,0.16666666666666666,0.5759637188208616,126
representation_level,A8,channel_dropout,0.2,43,3,0.3333333333333333,0.16666666666666666,0.594198790627362,126
representation_level,A8,channel_dropout,0.2,43,4,0.3333333333333333,0.16666666666666666,0.6412509448223734,126
representation_level,A8,channel_dropout,0.2,44,0,0.3333333333333333,0.16666666666666666,0.6158283756985757,129
representation_level,A8,channel_dropout,0.2,44,1,0.3333333333333333,0.16666666666666666,0.6421957671957672,126
representation_level,A8,channel_dropout,0.2,44,2,0.3333333333333333,0.16666666666666666,0.6166855631141346,126
representation_level,A8,channel_dropout,0.2,44,3,0.3333333333333333,0.16666666666666666,0.5756802721088435,126
representation_level,A8,channel_dropout,0.2,44,4,0.3333333333333333,0.16666666666666666,0.6123393801965231,126
representation_level,A8,channel_dropout,0.2,45,0,0.3333333333333333,0.16666666666666666,0.6396250225347035,129
representation_level,A8,channel_dropout,0.2,45,1,0.3333333333333333,0.16666666666666666,0.6014739229024944,126
representation_level,A8,channel_dropout,0.2,45,2,0.3333333333333333,0.16666666666666666,0.5761526832955405,126
representation_level,A8,channel_dropout,0.2,45,3,0.3333333333333333,0.16666666666666666,0.6109221466364323,126
representation_level,A8,channel_dropout,0.2,45,4,0.3333333333333333,0.16666666666666666,0.6412509448223734,126
representation_level,A8,channel_dropout,0.2,46,0,0.3333333333333333,0.16666666666666666,0.6761312421128537,129
representation_level,A8,channel_dropout,0.2,46,1,0.3333333333333333,0.16666666666666666,0.5388321995464852,126
representation_level,A8,channel_dropout,0.2,46,2,0.3333333333333333,0.16666666666666666,0.6354402872260015,126
representation_level,A8,channel_dropout,0.2,46,3,0.3333333333333333,0.16666666666666666,0.5855064247921391,126
representation_level,A8,channel_dropout,0.2,46,4,0.3412698412698412,0.18522446094026157,0.6184807256235827,126
representation_level,A8,channel_dropout,0.3,42,0,0.3333333333333333,0.16666666666666666,0.6081665765278528,129
representation_level,A8,channel_dropout,0.3,42,1,0.3333333333333333,0.20521476032273375,0.6429516250944821,126
representation_level,A8,channel_dropout,0.3,42,2,0.3333333333333333,0.16666666666666666,0.6186696900982616,126
representation_level,A8,channel_dropout,0.3,42,3,0.3333333333333333,0.16666666666666666,0.6239606953892668,126
representation_level,A8,channel_dropout,0.3,42,4,0.3333333333333333,0.16666666666666666,0.5768140589569161,126
representation_level,A8,channel_dropout,0.3,43,0,0.3333333333333333,0.18085106382978722,0.598792139895439,129
representation_level,A8,channel_dropout,0.3,43,1,0.3333333333333333,0.16666666666666666,0.5712396069538928,126
representation_level,A8,channel_dropout,0.3,43,2,0.3333333333333333,0.16666666666666666,0.5803099017384732,126
representation_level,A8,channel_dropout,0.3,43,3,0.4761904761904762,0.3819904926272444,0.6674225245653815,126
representation_level,A8,channel_dropout,0.3,43,4,0.3333333333333333,0.16666666666666666,0.640400604686319,126
representation_level,A8,channel_dropout,0.3,44,0,0.3333333333333333,0.16666666666666666,0.5796827113755184,129
representation_level,A8,channel_dropout,0.3,44,1,0.3412698412698412,0.20627572016460904,0.6199924414210128,126
representation_level,A8,channel_dropout,0.3,44,2,0.3333333333333333,0.16666666666666666,0.5784202569916855,126
representation_level,A8,channel_dropout,0.3,44,3,0.3333333333333333,0.16666666666666666,0.5965136054421769,126
representation_level,A8,channel_dropout,0.3,44,4,0.3333333333333333,0.16666666666666666,0.6159769463340892,126
representation_level,A8,channel_dropout,0.3,45,0,0.3333333333333333,0.16666666666666666,0.6389039120245178,129
representation_level,A8,channel_dropout,0.3,45,1,0.3412698412698412,0.21580959427796276,0.632180650037793,126
representation_level,A8,channel_dropout,0.3,45,2,0.3333333333333333,0.16666666666666666,0.5515873015873015,126
representation_level,A8,channel_dropout,0.3,45,3,0.3333333333333333,0.16666666666666666,0.6397392290249433,126
representation_level,A8,channel_dropout,0.3,45,4,0.3333333333333333,0.16666666666666666,0.6153628117913832,126
representation_level,A8,channel_dropout,0.3,46,0,0.3333333333333333,0.16666666666666666,0.6425545339823328,129
representation_level,A8,channel_dropout,0.3,46,1,0.3333333333333333,0.16666666666666666,0.5362811791383221,126
representation_level,A8,channel_dropout,0.3,46,2,0.3333333333333333,0.16666666666666666,0.6479591836734695,126
representation_level,A8,channel_dropout,0.3,46,3,0.3333333333333333,0.16666666666666666,0.6214096749811036,126
representation_level,A8,channel_dropout,0.3,46,4,0.3333333333333333,0.16666666666666666,0.6534391534391536,126
representation_level,A8,graph_perturbation,0.1,42,0,0.4728682170542635,0.4711030560669032,0.6297998918334234,129
representation_level,A8,graph_perturbation,0.1,42,1,0.4920634920634921,0.4912673951620435,0.6532501889644747,126
representation_level,A8,graph_perturbation,0.1,42,2,0.4761904761904762,0.4681056108776052,0.6620370370370371,126
representation_level,A8,graph_perturbation,0.1,42,3,0.4761904761904762,0.46809706257982125,0.6858465608465609,126
representation_level,A8,graph_perturbation,0.1,42,4,0.5238095238095238,0.5203139772105289,0.6386999244142101,126
representation_level,A8,graph_perturbation,0.1,43,0,0.46511627906976744,0.4643612201751737,0.6206958716423292,129
representation_level,A8,graph_perturbation,0.1,43,1,0.4523809523809524,0.4516233766233766,0.6363378684807257,126
representation_level,A8,graph_perturbation,0.1,43,2,0.4920634920634921,0.4704462673729639,0.6623204837490552,126
representation_level,A8,graph_perturbation,0.1,43,3,0.5476190476190476,0.5459302325581395,0.6977513227513228,126
representation_level,A8,graph_perturbation,0.1,43,4,0.49999999999999994,0.49335269993164726,0.6795162509448224,126
representation_level,A8,graph_perturbation,0.1,44,0,0.434108527131783,0.4249226162886719,0.6390841896520641,129
representation_level,A8,graph_perturbation,0.1,44,1,0.5317460317460317,0.5315199682948222,0.6602418745275888,126
representation_level,A8,graph_perturbation,0.1,44,2,0.5158730158730159,0.5178191079569658,0.6697845804988662,126
representation_level,A8,graph_perturbation,0.1,44,3,0.4761904761904761,0.4764913380176952,0.6661942554799697,126
representation_level,A8,graph_perturbation,0.1,44,4,0.5,0.49445613074980477,0.6830120937263794,126
representation_level,A8,graph_perturbation,0.1,45,0,0.48062015503875966,0.47991967871485947,0.6660356949702542,129
representation_level,A8,graph_perturbation,0.1,45,1,0.5,0.4960881184790103,0.6709183673469387,126
representation_level,A8,graph_perturbation,0.1,45,2,0.4365079365079365,0.4313589913061162,0.5878684807256236,126
representation_level,A8,graph_perturbation,0.1,45,3,0.4920634920634921,0.48635953026196926,0.6823507180650038,126
representation_level,A8,graph_perturbation,0.1,45,4,0.5,0.4997906646652166,0.6553287981859409,126
representation_level,A8,graph_perturbation,0.1,46,0,0.48062015503875966,0.4735576485357172,0.6974941409771048,129
representation_level,A8,graph_perturbation,0.1,46,1,0.42857142857142855,0.4144328944328945,0.6054421768707482,126
representation_level,A8,graph_perturbation,0.1,46,2,0.4523809523809524,0.44726738934056004,0.6729969765684052,126
representation_level,A8,graph_perturbation,0.1,46,3,0.4603174603174603,0.4559092323798206,0.645880574452003,126
representation_level,A8,graph_perturbation,0.1,46,4,0.4603174603174603,0.45967427079786627,0.639172335600907,126
representation_level,A8,graph_perturbation,0.2,42,0,0.46511627906976744,0.4611302681992337,0.6287182260681449,129
representation_level,A8,graph_perturbation,0.2,42,1,0.48412698412698413,0.48118483583599864,0.6525888133030989,126
representation_level,A8,graph_perturbation,0.2,42,2,0.4682539682539682,0.4586608837083221,0.6621315192743764,126
representation_level,A8,graph_perturbation,0.2,42,3,0.507936507936508,0.49240855762594893,0.6866024187452758,126
representation_level,A8,graph_perturbation,0.2,42,4,0.5079365079365079,0.50347776478629,0.6396447467876039,126
representation_level,A8,graph_perturbation,0.2,43,0,0.4728682170542636,0.469484938064849,0.6247521182621236,129
representation_level,A8,graph_perturbation,0.2,43,1,0.4444444444444444,0.44253510716925354,0.6378495842781557,126
representation_level,A8,graph_perturbation,0.2,43,2,0.4920634920634921,0.4713718910406041,0.6641156462585034,126
representation_level,A8,graph_perturbation,0.2,43,3,0.5317460317460317,0.529795347367946,0.6969009826152682,126
representation_level,A8,graph_perturbation,0.2,43,4,0.49206349206349204,0.48514209899952737,0.6795162509448224,126
representation_level,A8,graph_perturbation,0.2,44,0,0.434108527131783,0.4249226162886719,0.636470164052641,129
representation_level,A8,graph_perturbation,0.2,44,1,0.5476190476190476,0.5422887783419093,0.6584467120181405,126
representation_level,A8,graph_perturbation,0.2,44,2,0.5238095238095238,0.5248917748917749,0.6708238851095993,126
representation_level,A8,graph_perturbation,0.2,44,3,0.4761904761904762,0.4729299252303947,0.667233560090703,126
representation_level,A8,graph_perturbation,0.2,44,4,0.4920634920634921,0.48283206067217294,0.6835789871504158,126
representation_level,A8,graph_perturbation,0.2,45,0,0.48062015503875966,0.4779329744410495,0.6666666666666666,129
representation_level,A8,graph_perturbation,0.2,45,1,0.5158730158730158,0.5100821165261663,0.6693121693121693,126
representation_level,A8,graph_perturbation,0.2,45,2,0.41269841269841273,0.4013976890689219,0.590230536659108,126
representation_level,A8,graph_perturbation,0.2,45,3,0.5079365079365079,0.5023606023606023,0.6822562358276644,126
representation_level,A8,graph_perturbation,0.2,45,4,0.49206349206349204,0.4917327803925742,0.6543839758125473,126
representation_level,A8,graph_perturbation,0.2,46,0,0.45736434108527124,0.444735270545976,0.695871642329187,129
representation_level,A8,graph_perturbation,0.2,46,1,0.4603174603174603,0.44681820294705527,0.6078987150415722,126
representation_level,A8,graph_perturbation,0.2,46,2,0.4682539682539683,0.45819000819000816,0.6764928193499622,126
representation_level,A8,graph_perturbation,0.2,46,3,0.4682539682539682,0.45728965295038204,0.645880574452003,126
representation_level,A8,graph_perturbation,0.2,46,4,0.4603174603174603,0.4582409460458241,0.6379440665154951,126
representation_level,A8,graph_perturbation,0.3,42,0,0.434108527131783,0.42940673715121025,0.627005588606454,129
representation_level,A8,graph_perturbation,0.3,42,1,0.48412698412698413,0.4800637958532696,0.6546674225245654,126
representation_level,A8,graph_perturbation,0.3,42,2,0.4761904761904762,0.46638154257950015,0.6641156462585033,126
representation_level,A8,graph_perturbation,0.3,42,3,0.5,0.47805062652426206,0.6877362055933484,126
representation_level,A8,graph_perturbation,0.3,42,4,0.5079365079365079,0.50347776478629,0.6412509448223734,126
representation_level,A8,graph_perturbation,0.3,43,0,0.4651162790697674,0.459222870531279,0.6197944835045971,129
representation_level,A8,graph_perturbation,0.3,43,1,0.4523809523809524,0.4461301775684206,0.6379440665154951,126
representation_level,A8,graph_perturbation,0.3,43,2,0.5,0.4780509295973214,0.664493575207861,126
representation_level,A8,graph_perturbation,0.3,43,3,0.5238095238095238,0.5211528575705707,0.6941609977324262,126
representation_level,A8,graph_perturbation,0.3,43,4,0.5238095238095237,0.5175106098151471,0.6801776266061981,126
representation_level,A8,graph_perturbation,0.3,44,0,0.42635658914728686,0.4172640382317801,0.6342166937083108,129
representation_level,A8,graph_perturbation,0.3,44,1,0.5396825396825397,0.5281787133458035,0.6601473922902494,126
representation_level,A8,graph_perturbation,0.3,44,2,0.5079365079365079,0.5068245865182904,0.6706349206349206,126
representation_level,A8,graph_perturbation,0.3,44,3,0.4841269841269842,0.480273966126535,0.6624149659863946,126
representation_level,A8,graph_perturbation,0.3,44,4,0.4920634920634921,0.48284893153478886,0.6845238095238094,126
representation_level,A8,graph_perturbation,0.3,45,0,0.44961240310077527,0.43846260951524113,0.6663061114115738,129
representation_level,A8,graph_perturbation,0.3,45,1,0.5238095238095238,0.5147268209609425,0.6710128495842781,126
representation_level,A8,graph_perturbation,0.3,45,2,0.41269841269841273,0.40081979212413993,0.5904195011337868,126
representation_level,A8,graph_perturbation,0.3,45,3,0.5238095238095238,0.5153171371573798,0.6805555555555555,126
representation_level,A8,graph_perturbation,0.3,45,4,0.4920634920634921,0.4893949394939494,0.6539115646258503,126
representation_level,A8,graph_perturbation,0.3,46,0,0.46511627906976744,0.4491593567251462,0.6974040021633315,129
representation_level,A8,graph_perturbation,0.3,46,1,0.4603174603174603,0.44369747899159667,0.6070483749055178,126
representation_level,A8,graph_perturbation,0.3,46,2,0.4682539682539682,0.45523002909572785,0.6783824640967498,126
representation_level,A8,graph_perturbation,0.3,46,3,0.4761904761904763,0.4607120316207764,0.6452191987906274,126
representation_level,A8,graph_perturbation,0.3,46,4,0.4761904761904761,0.4725783548141676,0.6402116402116401,126
representation_level,A9,amplitude_noise,20,42,0,0.4108527131782946,0.41067800614221595,0.5827474310438074,129
representation_level,A9,amplitude_noise,20,42,1,0.373015873015873,0.37345987345987347,0.543745275888133,126
representation_level,A9,amplitude_noise,20,42,2,0.38888888888888884,0.38702380751324356,0.5774754346182916,126
representation_level,A9,amplitude_noise,20,42,3,0.4603174603174603,0.45549676660787775,0.6204648526077098,126
representation_level,A9,amplitude_noise,20,42,4,0.4047619047619047,0.4057139952213919,0.54572940287226,126
representation_level,A9,amplitude_noise,20,43,0,0.4108527131782946,0.41061894953116235,0.5813052100234362,129
representation_level,A9,amplitude_noise,20,43,1,0.35714285714285715,0.3572692011056504,0.5458238851095994,126
representation_level,A9,amplitude_noise,20,43,2,0.4444444444444445,0.44457831325301206,0.592214663643235,126
representation_level,A9,amplitude_noise,20,43,3,0.38095238095238093,0.3820596994720455,0.5601851851851852,126
representation_level,A9,amplitude_noise,20,43,4,0.43650793650793646,0.43711142993782887,0.5926870748299321,126
representation_level,A9,amplitude_noise,20,44,0,0.4108527131782946,0.40460751033702397,0.5850910402019108,129
representation_level,A9,amplitude_noise,20,44,1,0.4761904761904762,0.4761949778966228,0.660525321239607,126
representation_level,A9,amplitude_noise,20,44,2,0.373015873015873,0.37494872869705537,0.5554610733182161,126
representation_level,A9,amplitude_noise,20,44,3,0.3650793650793651,0.3622488622488622,0.5458238851095993,126
representation_level,A9,amplitude_noise,20,44,4,0.38095238095238093,0.37875457875457874,0.5664210128495842,126
representation_level,A9,amplitude_noise,20,45,0,0.4186046511627907,0.41442886615300406,0.5969893636199748,129
representation_level,A9,amplitude_noise,20,45,1,0.3650793650793651,0.3624972710418229,0.5357142857142857,126
representation_level,A9,amplitude_noise,20,45,2,0.3650793650793651,0.3656968987500944,0.5393990929705216,126
representation_level,A9,amplitude_noise,20,45,3,0.42063492063492064,0.422221087277267,0.6314247921390779,126
representation_level,A9,amplitude_noise,20,45,4,0.4047619047619048,0.4011296356834115,0.5753023431594859,126
representation_level,A9,amplitude_noise,20,46,0,0.40310077519379844,0.40333495152772264,0.6122228231476474,129
representation_level,A9,amplitude_noise,20,46,1,0.34920634920634924,0.3462327341964097,0.48809523809523814,126
representation_level,A9,amplitude_noise,20,46,2,0.3888888888888889,0.3849996941210057,0.5642479213907785,126
representation_level,A9,amplitude_noise,20,46,3,0.42063492063492064,0.42098757473873255,0.590702947845805,126
representation_level,A9,amplitude_noise,20,46,4,0.3968253968253968,0.3979193114190278,0.5223922902494331,126
representation_level,A9,amplitude_noise,10,42,0,0.3488372093023256,0.3482012478428249,0.5351090679646656,129
representation_level,A9,amplitude_noise,10,42,1,0.3095238095238095,0.30761875340188594,0.49513416477702193,126
representation_level,A9,amplitude_noise,10,42,2,0.3333333333333333,0.3323222804309472,0.5238095238095238,126
representation_level,A9,amplitude_noise,10,42,3,0.3968253968253968,0.3978227516808808,0.5589569160997733,126
representation_level,A9,amplitude_noise,10,42,4,0.34920634920634924,0.34879584017515053,0.5016534391534392,126
representation_level,A9,amplitude_noise,10,43,0,0.3643410852713178,0.3644669284204168,0.5415539931494502,129
representation_level,A9,amplitude_noise,10,43,1,0.29365079365079366,0.29386453376531335,0.4996693121693121,126
representation_level,A9,amplitude_noise,10,43,2,0.3650793650793651,0.3646607064077285,0.5397297808012094,126
representation_level,A9,amplitude_noise,10,43,3,0.3253968253968254,0.3257129642164162,0.5004251700680272,126
representation_level,A9,amplitude_noise,10,43,4,0.4047619047619047,0.4036896297422213,0.5447845804988662,126
representation_level,A9,amplitude_noise,10,44,0,0.37209302325581395,0.36676954732510286,0.5399314945015323,129
representation_level,A9,amplitude_noise,10,44,1,0.41269841269841273,0.41264554014376836,0.6129062736205593,126
representation_level,A9,amplitude_noise,10,44,2,0.31746031746031744,0.3180535148311406,0.4920634920634921,126
representation_level,A9,amplitude_noise,10,44,3,0.3333333333333333,0.3316408899742233,0.49678760393046106,126
representation_level,A9,amplitude_noise,10,44,4,0.3333333333333333,0.33227342294496726,0.5111489040060468,126
representation_level,A9,amplitude_noise,10,45,0,0.35658914728682173,0.3548917039557993,0.5365963583919235,129
representation_level,A9,amplitude_noise,10,45,1,0.3253968253968254,0.32402257359296355,0.4856386999244142,126
representation_level,A9,amplitude_noise,10,45,2,0.35714285714285715,0.35717435568604944,0.5042989417989417,126
representation_level,A9,amplitude_noise,10,45,3,0.373015873015873,0.36832076793144647,0.5894274376417233,126
representation_level,A9,amplitude_noise,10,45,4,0.3412698412698412,0.33784941690928966,0.51677059712774,126
representation_level,A9,amplitude_noise,10,46,0,0.37984496124031003,0.3784869168791132,0.5625563367586083,129
representation_level,A9,amplitude_noise,10,46,1,0.30952380952380953,0.3085398605111867,0.4432161753590325,126
representation_level,A9,amplitude_noise,10,46,2,0.3412698412698412,0.3398791131349271,0.504724111866969,126
representation_level,A9,amplitude_noise,10,46,3,0.42063492063492064,0.4216622653831956,0.5588624338624338,126
representation_level,A9,amplitude_noise,10,46,4,0.25396825396825395,0.25489858303355795,0.45034958427815575,126
representation_level,A9,amplitude_noise,5,42,0,0.34108527131782945,0.3400558756766195,0.5221741481882098,129
representation_level,A9,amplitude_noise,5,42,1,0.30952380952380953,0.3060772491735602,0.48696145124716556,126
representation_level,A9,amplitude_noise,5,42,2,0.3412698412698412,0.33587847567466067,0.5125661375661377,126
representation_level,A9,amplitude_noise,5,42,3,0.38095238095238093,0.38192640692640695,0.5440759637188209,126
representation_level,A9,amplitude_noise,5,42,4,0.30952380952380953,0.3095402115522314,0.4891345427059713,126
representation_level,A9,amplitude_noise,5,43,0,0.3798449612403101,0.38013136288998356,0.5294753921038399,129
representation_level,A9,amplitude_noise,5,43,1,0.28571428571428575,0.28507504344146434,0.49031557067271353,126
representation_level,A9,amplitude_noise,5,43,2,0.35714285714285715,0.3571788554779342,0.5271164021164021,126
representation_level,A9,amplitude_noise,5,43,3,0.30158730158730157,0.3011825572801183,0.48908730158730157,126
representation_level,A9,amplitude_noise,5,43,4,0.38095238095238093,0.37984755417705607,0.5332105064247922,126
representation_level,A9,amplitude_noise,5,44,0,0.3643410852713178,0.36135616675315685,0.5298810167658193,129
representation_level,A9,amplitude_noise,5,44,1,0.41269841269841273,0.41286047411969135,0.6044028722600151,126
representation_level,A9,amplitude_noise,5,44,2,0.31746031746031744,0.31787111629032894,0.4777966742252457,126
representation_level,A9,amplitude_noise,5,44,3,0.3015873015873016,0.29971483094033396,0.4793556311413454,126
representation_level,A9,amplitude_noise,5,44,4,0.30952380952380953,0.3079128343098705,0.497260015117158,126
representation_level,A9,amplitude_noise,5,45,0,0.35658914728682173,0.35535454251698545,0.5233459527672616,129
representation_level,A9,amplitude_noise,5,45,1,0.30158730158730157,0.3009379509379509,0.4763794406651549,126
representation_level,A9,amplitude_noise,5,45,2,0.36507936507936506,0.36480153036824486,0.49896069538926685,126
representation_level,A9,amplitude_noise,5,45,3,0.36507936507936506,0.3590062111801242,0.576058201058201,126
representation_level,A9,amplitude_noise,5,45,4,0.3253968253968254,0.3240066493078541,0.505479969765684,126
representation_level,A9,amplitude_noise,5,46,0,0.37984496124031003,0.3788085608358611,0.5475932936722553,129
representation_level,A9,amplitude_noise,5,46,1,0.30158730158730157,0.2991589379887252,0.4339569160997733,126
representation_level,A9,amplitude_noise,5,46,2,0.3333333333333333,0.33238791859481515,0.49097694633408917,126
representation_level,A9,amplitude_noise,5,46,3,0.42063492063492064,0.4214644137224783,0.5500283446712019,126
representation_level,A9,amplitude_noise,5,46,4,0.2698412698412698,0.2709055525147479,0.4386337868480725,126
representation_level,A9,channel_dropout,0.1,42,0,0.4573643410852713,0.3736780976832324,0.6122228231476473,129
representation_level,A9,channel_dropout,0.1,42,1,0.3333333333333333,0.16666666666666666,0.603221844293273,126
representation_level,A9,channel_dropout,0.1,42,2,0.4761904761904762,0.43138219380226267,0.6558956916099773,126
representation_level,A9,channel_dropout,0.1,42,3,0.3333333333333333,0.16666666666666666,0.6792328042328042,126
representation_level,A9,channel_dropout,0.1,42,4,0.3333333333333333,0.16666666666666666,0.5976001511715797,126
representation_level,A9,channel_dropout,0.1,43,0,0.44961240310077516,0.35772075820619503,0.617180457905174,129
representation_level,A9,channel_dropout,0.1,43,1,0.3174603174603175,0.17509612540668443,0.6147014361300075,126
representation_level,A9,channel_dropout,0.1,43,2,0.3333333333333333,0.16666666666666666,0.5876795162509448,126
representation_level,A9,channel_dropout,0.1,43,3,0.4047619047619047,0.2922115664051148,0.6840513983371127,126
representation_level,A9,channel_dropout,0.1,43,4,0.3333333333333333,0.16666666666666666,0.6293461829176114,126
representation_level,A9,channel_dropout,0.1,44,0,0.3875968992248062,0.3075291622481442,0.5876149269875609,129
representation_level,A9,channel_dropout,0.1,44,1,0.3650793650793651,0.29081632653061223,0.5979780801209373,126
representation_level,A9,channel_dropout,0.1,44,2,0.3412698412698412,0.2721771127938448,0.6311413454270598,126
representation_level,A9,channel_dropout,0.1,44,3,0.3333333333333333,0.16666666666666666,0.6040249433106576,126
representation_level,A9,channel_dropout,0.1,44,4,0.48412698412698413,0.38707334785766156,0.7016250944822374,126
representation_level,A9,channel_dropout,0.1,45,0,0.441860465116279,0.3574754901960784,0.6633315305570578,129
representation_level,A9,channel_dropout,0.1,45,1,0.3333333333333333,0.16666666666666666,0.63718820861678,126
representation_level,A9,channel_dropout,0.1,45,2,0.3333333333333333,0.19158713326263696,0.5376984126984127,126
representation_level,A9,channel_dropout,0.1,45,3,0.3333333333333333,0.16666666666666666,0.6504629629629629,126
representation_level,A9,channel_dropout,0.1,45,4,0.3333333333333333,0.16666666666666666,0.6661942554799697,126
representation_level,A9,channel_dropout,0.1,46,0,0.3488372093023256,0.19825708061002179,0.6809987380566072,129
representation_level,A9,channel_dropout,0.1,46,1,0.3333333333333333,0.16666666666666666,0.5573507180650038,126
representation_level,A9,channel_dropout,0.1,46,2,0.3333333333333333,0.16666666666666666,0.6129062736205594,126
representation_level,A9,channel_dropout,0.1,46,3,0.3333333333333333,0.18115942028985507,0.6038359788359787,126
representation_level,A9,channel_dropout,0.1,46,4,0.3333333333333333,0.16666666666666666,0.64025888133031,126
representation_level,A9,channel_dropout,0.2,42,0,0.3333333333333333,0.16666666666666666,0.5996033892193979,129
representation_level,A9,channel_dropout,0.2,42,1,0.3333333333333333,0.16666666666666666,0.5921201814058956,126
representation_level,A9,channel_dropout,0.2,42,2,0.3333333333333333,0.16666666666666666,0.6576908541194256,126
representation_level,A9,channel_dropout,0.2,42,3,0.3412698412698412,0.18316854662767487,0.6581632653061225,126
representation_level,A9,channel_dropout,0.2,42,4,0.3333333333333333,0.16666666666666666,0.604119425547997,126
representation_level,A9,channel_dropout,0.2,43,0,0.3333333333333333,0.16666666666666666,0.5948260320894178,129
representation_level,A9,channel_dropout,0.2,43,1,0.3333333333333333,0.16666666666666666,0.6304327286470143,126
representation_level,A9,channel_dropout,0.2,43,2,0.3333333333333333,0.16666666666666666,0.5761999244142101,126
representation_level,A9,channel_dropout,0.2,43,3,0.3333333333333333,0.16666666666666666,0.5936318972033258,126
representation_level,A9,channel_dropout,0.2,43,4,0.3333333333333333,0.16666666666666666,0.6421485260770975,126
representation_level,A9,channel_dropout,0.2,44,0,0.3333333333333333,0.16666666666666666,0.6235803136830719,129
representation_level,A9,channel_dropout,0.2,44,1,0.3333333333333333,0.16666666666666666,0.6410619803476947,126
representation_level,A9,channel_dropout,0.2,44,2,0.3333333333333333,0.16666666666666666,0.6165910808767952,126
representation_level,A9,channel_dropout,0.2,44,3,0.3333333333333333,0.16666666666666666,0.5754913076341648,126
representation_level,A9,channel_dropout,0.2,44,4,0.3333333333333333,0.16666666666666666,0.6131897203325775,126
representation_level,A9,channel_dropout,0.2,45,0,0.3333333333333333,0.16666666666666666,0.6398053001622499,129
representation_level,A9,channel_dropout,0.2,45,1,0.3333333333333333,0.16666666666666666,0.6029383975812547,126
representation_level,A9,channel_dropout,0.2,45,2,0.3333333333333333,0.16666666666666666,0.5734126984126985,126
representation_level,A9,channel_dropout,0.2,45,3,0.3333333333333333,0.16666666666666666,0.6104497354497355,126
representation_level,A9,channel_dropout,0.2,45,4,0.3333333333333333,0.16666666666666666,0.6385109599395314,126
representation_level,A9,channel_dropout,0.2,46,0,0.3333333333333333,0.16666666666666666,0.6752298539751217,129
representation_level,A9,channel_dropout,0.2,46,1,0.3333333333333333,0.16666666666666666,0.5387377173091459,126
representation_level,A9,channel_dropout,0.2,46,2,0.3333333333333333,0.16666666666666666,0.635062358276644,126
representation_level,A9,channel_dropout,0.2,46,3,0.3333333333333333,0.16666666666666666,0.585506424792139,126
representation_level,A9,channel_dropout,0.2,46,4,0.3412698412698412,0.18522446094026157,0.6182917611489039,126
representation_level,A9,channel_dropout,0.3,42,0,0.3333333333333333,0.16666666666666666,0.6074454660176672,129
representation_level,A9,channel_dropout,0.3,42,1,0.3253968253968254,0.20149968309687483,0.6387944066515495,126
representation_level,A9,channel_dropout,0.3,42,2,0.3333333333333333,0.16666666666666666,0.6169690098261525,126
representation_level,A9,channel_dropout,0.3,42,3,0.3333333333333333,0.16666666666666666,0.6232993197278911,126
representation_level,A9,channel_dropout,0.3,42,4,0.3333333333333333,0.16666666666666666,0.5756802721088435,126
representation_level,A9,channel_dropout,0.3,43,0,0.3333333333333333,0.18085106382978722,0.5987020010816657,129
representation_level,A9,channel_dropout,0.3,43,1,0.3333333333333333,0.16666666666666666,0.5696334089191232,126
representation_level,A9,channel_dropout,0.3,43,2,0.3333333333333333,0.16666666666666666,0.5796485260770975,126
representation_level,A9,channel_dropout,0.3,43,3,0.4682539682539682,0.37575757575757573,0.6662887377173091,126
representation_level,A9,channel_dropout,0.3,43,4,0.3333333333333333,0.16666666666666666,0.6400226757369614,126
representation_level,A9,channel_dropout,0.3,44,0,0.3333333333333333,0.16666666666666666,0.5778799351000541,129
representation_level,A9,channel_dropout,0.3,44,1,0.3412698412698412,0.20627572016460904,0.6202758881330309,126
representation_level,A9,channel_dropout,0.3,44,2,0.3333333333333333,0.16666666666666666,0.5778533635676494,126
representation_level,A9,channel_dropout,0.3,44,3,0.3333333333333333,0.16666666666666666,0.5953325774754347,126
representation_level,A9,channel_dropout,0.3,44,4,0.3333333333333333,0.16666666666666666,0.6153628117913832,126
representation_level,A9,channel_dropout,0.3,45,0,0.3333333333333333,0.16666666666666666,0.6380926627005589,129
representation_level,A9,channel_dropout,0.3,45,1,0.3333333333333333,0.20249999999999999,0.6313303099017384,126
representation_level,A9,channel_dropout,0.3,45,2,0.3333333333333333,0.16666666666666666,0.5494142101284959,126
representation_level,A9,channel_dropout,0.3,45,3,0.3333333333333333,0.16666666666666666,0.641912320483749,126
representation_level,A9,channel_dropout,0.3,45,4,0.3333333333333333,0.16666666666666666,0.6145124716553289,126
representation_level,A9,channel_dropout,0.3,46,0,0.3333333333333333,0.16666666666666666,0.6419235622859203,129
representation_level,A9,channel_dropout,0.3,46,1,0.3333333333333333,0.16666666666666666,0.5367535903250189,126
representation_level,A9,channel_dropout,0.3,46,2,0.3333333333333333,0.16666666666666666,0.6472978080120937,126
representation_level,A9,channel_dropout,0.3,46,3,0.3333333333333333,0.16666666666666666,0.620275888133031,126
representation_level,A9,channel_dropout,0.3,46,4,0.3333333333333333,0.16666666666666666,0.6521164021164022,126
representation_level,A9,graph_perturbation,0.1,42,0,0.4728682170542635,0.4711030560669032,0.6287182260681449,129
representation_level,A9,graph_perturbation,0.1,42,1,0.5,0.49855491492181225,0.6504157218442933,126
representation_level,A9,graph_perturbation,0.1,42,2,0.4682539682539683,0.46185935841108255,0.6614701436130007,126
representation_level,A9,graph_perturbation,0.1,42,3,0.4841269841269842,0.4748295093122679,0.6851851851851851,126
representation_level,A9,graph_perturbation,0.1,42,4,0.5238095238095238,0.5203139772105289,0.6378495842781557,126
representation_level,A9,graph_perturbation,0.1,43,0,0.46511627906976744,0.4643612201751737,0.6204254552010094,129
representation_level,A9,graph_perturbation,0.1,43,1,0.4523809523809524,0.45126849356855975,0.63567649281935,126
representation_level,A9,graph_perturbation,0.1,43,2,0.4920634920634921,0.47002946274032703,0.6621315192743764,126
representation_level,A9,graph_perturbation,0.1,43,3,0.5476190476190476,0.5459302325581395,0.6977513227513228,126
representation_level,A9,graph_perturbation,0.1,43,4,0.49999999999999994,0.49335269993164726,0.6787603930461074,126
representation_level,A9,graph_perturbation,0.1,44,0,0.44961240310077516,0.44034944034944035,0.6396250225347034,129
representation_level,A9,graph_perturbation,0.1,44,1,0.5238095238095238,0.5239562902773887,0.6592025699168557,126
representation_level,A9,graph_perturbation,0.1,44,2,0.5238095238095238,0.525874557674496,0.6693121693121693,126
representation_level,A9,graph_perturbation,0.1,44,3,0.4761904761904761,0.4764913380176952,0.6648715041572184,126
representation_level,A9,graph_perturbation,0.1,44,4,0.4920634920634921,0.48680315118671286,0.682161753590325,126
representation_level,A9,graph_perturbation,0.1,45,0,0.48062015503875966,0.47991967871485947,0.6654047232738417,129
representation_level,A9,graph_perturbation,0.1,45,1,0.5,0.4960881184790103,0.6712962962962964,126
representation_level,A9,graph_perturbation,0.1,45,2,0.4365079365079365,0.43113553113553116,0.5863567649281934,126
representation_level,A9,graph_perturbation,0.1,45,3,0.4920634920634921,0.48635953026196926,0.6815003779289492,126
representation_level,A9,graph_perturbation,0.1,45,4,0.4920634920634921,0.4917732861485414,0.6547619047619048,126
representation_level,A9,graph_perturbation,0.1,46,0,0.4883720930232558,0.4826454609604272,0.6971335857220119,129
representation_level,A9,graph_perturbation,0.1,46,1,0.42063492063492064,0.4081429681429682,0.6052532123960696,126
representation_level,A9,graph_perturbation,0.1,46,2,0.4603174603174603,0.4549076757098718,0.6724300831443687,126
representation_level,A9,graph_perturbation,0.1,46,3,0.4603174603174603,0.45559940575420455,0.6461640211640212,126
representation_level,A9,graph_perturbation,0.1,46,4,0.4603174603174603,0.45967427079786627,0.6389833711262283,126
representation_level,A9,graph_perturbation,0.2,42,0,0.44961240310077527,0.4466533279978659,0.6289886425094645,129
representation_level,A9,graph_perturbation,0.2,42,1,0.48412698412698413,0.48118483583599864,0.651360544217687,126
representation_level,A9,graph_perturbation,0.2,42,2,0.4761904761904762,0.46873409173549424,0.6606198034769464,126
representation_level,A9,graph_perturbation,0.2,42,3,0.5,0.48206379325923915,0.6863189720332578,126
representation_level,A9,graph_perturbation,0.2,42,4,0.5079365079365079,0.50347776478629,0.639644746787604,126
representation_level,A9,graph_perturbation,0.2,43,0,0.4728682170542636,0.469484938064849,0.6248422570758968,129
representation_level,A9,graph_perturbation,0.2,43,1,0.4444444444444444,0.44253510716925354,0.6355820105820106,126
representation_level,A9,graph_perturbation,0.2,43,2,0.4920634920634921,0.4713718910406041,0.6634542705971277,126
representation_level,A9,graph_perturbation,0.2,43,3,0.5317460317460317,0.529795347367946,0.6964285714285715,126
representation_level,A9,graph_perturbation,0.2,43,4,0.49206349206349204,0.48514209899952737,0.6793272864701435,126
representation_level,A9,graph_perturbation,0.2,44,0,0.44186046511627913,0.4313743095103723,0.6372814133765999,129
representation_level,A9,graph_perturbation,0.2,44,1,0.5476190476190476,0.5422887783419093,0.6586356764928193,126
representation_level,A9,graph_perturbation,0.2,44,2,0.5238095238095238,0.5248917748917749,0.6705404383975813,126
representation_level,A9,graph_perturbation,0.2,44,3,0.4761904761904762,0.4729299252303947,0.6662887377173091,126
representation_level,A9,graph_perturbation,0.2,44,4,0.4920634920634921,0.48283206067217294,0.6825396825396824,126
representation_level,A9,graph_perturbation,0.2,45,0,0.4728682170542635,0.4691142191142191,0.6645033351361097,129
representation_level,A9,graph_perturbation,0.2,45,1,0.5158730158730158,0.5100821165261663,0.6696900982615267,126
representation_level,A9,graph_perturbation,0.2,45,2,0.41269841269841273,0.4013976890689219,0.5892857142857143,126
representation_level,A9,graph_perturbation,0.2,45,3,0.5079365079365079,0.5023606023606023,0.682161753590325,126
representation_level,A9,graph_perturbation,0.2,45,4,0.48412698412698413,0.4836116264687693,0.6537226001511716,126
representation_level,A9,graph_perturbation,0.2,46,0,0.45736434108527124,0.445515764208717,0.695511087074094,129
representation_level,A9,graph_perturbation,0.2,46,1,0.4603174603174603,0.44681820294705527,0.608087679516251,126
representation_level,A9,graph_perturbation,0.2,46,2,0.4682539682539683,0.4573497278976731,0.6758314436885865,126
representation_level,A9,graph_perturbation,0.2,46,3,0.4761904761904762,0.46694186446508423,0.646636432350718,126
representation_level,A9,graph_perturbation,0.2,46,4,0.4682539682539682,0.4651942524419002,0.6381330309901738,126
representation_level,A9,graph_perturbation,0.3,42,0,0.434108527131783,0.42950513538748836,0.627005588606454,129
representation_level,A9,graph_perturbation,0.3,42,1,0.4761904761904761,0.4721015699522602,0.6524943310657596,126
representation_level,A9,graph_perturbation,0.3,42,2,0.4761904761904762,0.46638154257950015,0.6626984126984127,126
representation_level,A9,graph_perturbation,0.3,42,3,0.5,0.47805062652426206,0.6877362055933484,126
representation_level,A9,graph_perturbation,0.3,42,4,0.5158730158730159,0.5118789521228545,0.641912320483749,126
representation_level,A9,graph_perturbation,0.3,43,0,0.4651162790697674,0.459222870531279,0.6204254552010094,129
representation_level,A9,graph_perturbation,0.3,43,1,0.4603174603174603,0.45538139240778386,0.636432350718065,126
representation_level,A9,graph_perturbation,0.3,43,2,0.4920634920634921,0.4711780773636443,0.663265306122449,126
representation_level,A9,graph_perturbation,0.3,43,3,0.5238095238095238,0.5211528575705707,0.6945389266817839,126
representation_level,A9,graph_perturbation,0.3,43,4,0.5238095238095237,0.5175106098151471,0.6799886621315192,126
representation_level,A9,graph_perturbation,0.3,44,0,0.44186046511627913,0.4330352554219344,0.6361096087975483,129
representation_level,A9,graph_perturbation,0.3,44,1,0.5396825396825397,0.5281787133458035,0.6593915343915343,126
representation_level,A9,graph_perturbation,0.3,44,2,0.5,0.4980122339652977,0.67072940287226,126
representation_level,A9,graph_perturbation,0.3,44,3,0.4841269841269842,0.480273966126535,0.6616591080876795,126
representation_level,A9,graph_perturbation,0.3,44,4,0.4841269841269842,0.4754757155136662,0.6838624338624338,126
representation_level,A9,graph_perturbation,0.3,45,0,0.44186046511627913,0.43184154813417414,0.6645033351361097,129
representation_level,A9,graph_perturbation,0.3,45,1,0.5238095238095238,0.5147268209609425,0.6706349206349206,126
representation_level,A9,graph_perturbation,0.3,45,2,0.41269841269841273,0.40081979212413993,0.5876795162509448,126
representation_level,A9,graph_perturbation,0.3,45,3,0.5238095238095238,0.5159042507879718,0.6804610733182161,126
representation_level,A9,graph_perturbation,0.3,45,4,0.5,0.49647058823529405,0.6534391534391534,126
representation_level,A9,graph_perturbation,0.3,46,0,0.4573643410852713,0.4386415919024615,0.6969533080944655,129
representation_level,A9,graph_perturbation,0.3,46,1,0.4523809523809524,0.4373920989982596,0.6082766439909296,126
representation_level,A9,graph_perturbation,0.3,46,2,0.4682539682539683,0.4557409625560466,0.6763983371126229,126
representation_level,A9,graph_perturbation,0.3,46,3,0.4761904761904763,0.4607120316207764,0.6440854119425548,126
representation_level,A9,graph_perturbation,0.3,46,4,0.4761904761904761,0.4725783548141676,0.640400604686319,126
raw_signal,E_reservoir_recomputed,temporal_jitter,clean,42,0,0.4259259259259259,0.4188859188859189,0.6631808278867103,52
raw_signal,E_reservoir_recomputed,temporal_jitter,10,42,0,0.40631808278867104,0.4078718216649251,0.6345004668534081,52
raw_signal,E_reservoir_recomputed,temporal_jitter,25,42,0,0.38779956427015244,0.3878787878787879,0.6062247121070651,52
raw_signal,E_reservoir_recomputed,temporal_jitter,50,42,0,0.36710239651416127,0.36095679012345677,0.5608621226268286,52
raw_signal,E_reservoir_recomputed,amplitude_noise,clean,42,0,0.4259259259259259,0.4188859188859189,0.6631808278867103,52
raw_signal,E_reservoir_recomputed,amplitude_noise,20,42,0,0.42483660130718953,0.4208576998050682,0.629474011826953,52
raw_signal,E_reservoir_recomputed,amplitude_noise,10,42,0,0.4989106753812636,0.5008403361344538,0.6805010893246188,52
raw_signal,E_reservoir_recomputed,amplitude_noise,5,42,0,0.46187363834422657,0.464774840326623,0.6609088079676315,52
raw_signal,E_reservoir_recomputed,channel_dropout,clean,42,0,0.4259259259259259,0.4188859188859189,0.6631808278867103,52
raw_signal,E_reservoir_recomputed,channel_dropout,0.1,42,0,0.3888888888888889,0.2640398550724638,0.6982259570494865,52
raw_signal,E_reservoir_recomputed,channel_dropout,0.2,42,0,0.3333333333333333,0.1642512077294686,0.649766573295985,52
raw_signal,E_reservoir_recomputed,channel_dropout,0.3,42,0,0.3333333333333333,0.1642512077294686,0.560924369747899,52
raw_signal,E_reservoir_recomputed,temporal_jitter,clean,42,1,0.4080882352941176,0.4104575163398693,0.5892008318478906,49
raw_signal,E_reservoir_recomputed,temporal_jitter,10,42,1,0.3860294117647059,0.3862030642216401,0.5780228758169935,49
raw_signal,E_reservoir_recomputed,temporal_jitter,25,42,1,0.34436274509803927,0.334684881375668,0.568218954248366,49
raw_signal,E_reservoir_recomputed,temporal_jitter,50,42,1,0.3002450980392157,0.2597100142739088,0.5402740641711229,49
raw_signal,E_reservoir_recomputed,amplitude_noise,clean,42,1,0.4080882352941176,0.4104575163398693,0.5892008318478906,49
raw_signal,E_reservoir_recomputed,amplitude_noise,20,42,1,0.42892156862745096,0.4292066777835279,0.5806224004753416,49
raw_signal,E_reservoir_recomputed,amplitude_noise,10,42,1,0.36764705882352944,0.3686274509803922,0.5663435828877006,49
raw_signal,E_reservoir_recomputed,amplitude_noise,5,42,1,0.411764705882353,0.4022556390977443,0.5360219845513964,49
raw_signal,E_reservoir_recomputed,channel_dropout,clean,42,1,0.4080882352941176,0.4104575163398693,0.5892008318478906,49
raw_signal,E_reservoir_recomputed,channel_dropout,0.1,42,1,0.33578431372549017,0.2272727272727273,0.5372474747474748,49
raw_signal,E_reservoir_recomputed,channel_dropout,0.2,42,1,0.38725490196078427,0.30740037950664134,0.5534016636957814,49
raw_signal,E_reservoir_recomputed,channel_dropout,0.3,42,1,0.3333333333333333,0.1641025641025641,0.5520833333333334,49
raw_signal,E_reservoir_recomputed,temporal_jitter,clean,42,2,0.44607843137254904,0.4432900432900433,0.6367535650623887,49
raw_signal,E_reservoir_recomputed,temporal_jitter,10,42,2,0.46813725490196073,0.46682166037004746,0.6249257278669044,49
raw_signal,E_reservoir_recomputed,temporal_jitter,25,42,2,0.43014705882352944,0.4223416965352449,0.6249628639334522,49
raw_signal,E_reservoir_recomputed,temporal_jitter,50,42,2,0.4338235294117647,0.3987841945288754,0.6153074866310161,49
raw_signal,E_reservoir_recomputed,amplitude_noise,clean,42,2,0.44607843137254904,0.4432900432900433,0.6367535650623887,49
raw_signal,E_reservoir_recomputed,amplitude_noise,20,42,2,0.4044117647058824,0.41088709677419355,0.6145647653000594,49
raw_signal,E_reservoir_recomputed,amplitude_noise,10,42,2,0.44607843137254904,0.449074074074074,0.6194667260843731,49
raw_signal,E_reservoir_recomputed,amplitude_noise,5,42,2,0.4889705882352941,0.4916666666666667,0.6347296494355318,49
raw_signal,E_reservoir_recomputed,channel_dropout,clean,42,2,0.44607843137254904,0.4432900432900433,0.6367535650623887,49
raw_signal,E_reservoir_recomputed,channel_dropout,0.1,42,2,0.43014705882352944,0.3390804597701149,0.6260398098633393,49
raw_signal,E_reservoir_recomputed,channel_dropout,0.2,42,2,0.41911764705882354,0.3266102797657775,0.6027554961378491,49
raw_signal,E_reservoir_recomputed,channel_dropout,0.3,42,2,0.4473039215686274,0.36348302761964996,0.6583110516934046,49
raw_signal,E_reservoir_recomputed,temporal_jitter,clean,43,0,0.4052287581699347,0.398895790200138,0.5925770308123249,52
raw_signal,E_reservoir_recomputed,temporal_jitter,10,43,0,0.36601307189542487,0.3682359307359307,0.5713818860877685,52
raw_signal,E_reservoir_recomputed,temporal_jitter,25,43,0,0.36601307189542487,0.37354497354497357,0.5584811702458762,52
raw_signal,E_reservoir_recomputed,temporal_jitter,50,43,0,0.3300653594771242,0.31262939958592134,0.5368347338935574,52
raw_signal,E_reservoir_recomputed,amplitude_noise,clean,43,0,0.4052287581699347,0.398895790200138,0.5925770308123249,52
raw_signal,E_reservoir_recomputed,amplitude_noise,20,43,0,0.3845315904139433,0.3875,0.6341736694677871,52
raw_signal,E_reservoir_recomputed,amplitude_noise,10,43,0,0.4422657952069717,0.4467904855001629,0.6213507625272331,52
raw_signal,E_reservoir_recomputed,amplitude_noise,5,43,0,0.3681917211328976,0.3583245863947619,0.6353096794273264,52
raw_signal,E_reservoir_recomputed,channel_dropout,clean,43,0,0.4052287581699347,0.398895790200138,0.5925770308123249,52
raw_signal,E_reservoir_recomputed,channel_dropout,0.1,43,0,0.440087145969499,0.3922162804515746,0.6106131341425459,52
raw_signal,E_reservoir_recomputed,channel_dropout,0.2,43,0,0.29411764705882354,0.17713365539452494,0.5448646125116714,52
raw_signal,E_reservoir_recomputed,channel_dropout,0.3,43,0,0.43246187363834426,0.3314132104454685,0.6682384064737006,52
raw_signal,E_reservoir_recomputed,temporal_jitter,clean,43,1,0.36642156862745096,0.3547008547008547,0.5682560903149139,49
raw_signal,E_reservoir_recomputed,temporal_jitter,10,43,1,0.3860294117647059,0.37229229229229227,0.5525103980986333,49
raw_signal,E_reservoir_recomputed,temporal_jitter,25,43,1,0.4264705882352941,0.4182828282828283,0.533886660724896,49
raw_signal,E_reservoir_recomputed,temporal_jitter,50,43,1,0.38725490196078427,0.3890571606088848,0.5072601010101011,49
raw_signal,E_reservoir_recomputed,amplitude_noise,clean,43,1,0.36642156862745096,0.3547008547008547,0.5682560903149139,49
raw_signal,E_reservoir_recomputed,amplitude_noise,20,43,1,0.3272058823529412,0.3153235653235653,0.567754753416518,49
raw_signal,E_reservoir_recomputed,amplitude_noise,10,43,1,0.46936274509803927,0.46622235100936926,0.5961824123588829,49
raw_signal,E_reservoir_recomputed,amplitude_noise,5,43,1,0.4852941176470589,0.4750891104970163,0.6004159239453358,49
raw_signal,E_reservoir_recomputed,channel_dropout,clean,43,1,0.36642156862745096,0.3547008547008547,0.5682560903149139,49
raw_signal,E_reservoir_recomputed,channel_dropout,0.1,43,1,0.3333333333333333,0.22222222222222224,0.5410910576351754,49
raw_signal,E_reservoir_recomputed,channel_dropout,0.2,43,1,0.3333333333333333,0.1641025641025641,0.6430295603089721,49
raw_signal,E_reservoir_recomputed,channel_dropout,0.3,43,1,0.3333333333333333,0.1641025641025641,0.49394682115270355,49
raw_signal,E_reservoir_recomputed,temporal_jitter,clean,43,2,0.4718137254901961,0.47411496367853107,0.6997363339275103,49
raw_signal,E_reservoir_recomputed,temporal_jitter,10,43,2,0.5330882352941176,0.5334958783234646,0.6934974747474746,49
raw_signal,E_reservoir_recomputed,temporal_jitter,25,43,2,0.511029411764706,0.5165784832451499,0.6885026737967914,49
raw_signal,E_reservoir_recomputed,temporal_jitter,50,43,2,0.44607843137254904,0.4447840642089285,0.663732917409388,49
raw_signal,E_reservoir_recomputed,amplitude_noise,clean,43,2,0.4718137254901961,0.47411496367853107,0.6997363339275103,49
raw_signal,E_reservoir_recomputed,amplitude_noise,20,43,2,0.5134803921568628,0.5013888888888888,0.6845848187759952,49
raw_signal,E_reservoir_recomputed,amplitude_noise,10,43,2,0.5539215686274509,0.5457757296466974,0.6686720142602495,49
raw_signal,E_reservoir_recomputed,amplitude_noise,5,43,2,0.5355392156862745,0.5158434296365331,0.6494726678550208,49
raw_signal,E_reservoir_recomputed,channel_dropout,clean,43,2,0.4718137254901961,0.47411496367853107,0.6997363339275103,49
raw_signal,E_reservoir_recomputed,channel_dropout,0.1,43,2,0.411764705882353,0.2950191570881226,0.7030785799168152,49
raw_signal,E_reservoir_recomputed,channel_dropout,0.2,43,2,0.3995098039215686,0.3178451178451178,0.6672051396316102,49
raw_signal,E_reservoir_recomputed,channel_dropout,0.3,43,2,0.3333333333333333,0.1717171717171717,0.6396501782531194,49
raw_signal,E_reservoir_recomputed,temporal_jitter,clean,44,0,0.5294117647058824,0.5171717171717172,0.6718569780853518,51
raw_signal,E_reservoir_recomputed,temporal_jitter,10,44,0,0.5490196078431372,0.5333333333333333,0.6747404844290656,51
raw_signal,E_reservoir_recomputed,temporal_jitter,25,44,0,0.6078431372549019,0.5925631654218974,0.6839677047289504,51
raw_signal,E_reservoir_recomputed,temporal_jitter,50,44,0,0.45098039215686275,0.4164970831637498,0.6551326412918109,51
raw_signal,E_reservoir_recomputed,amplitude_noise,clean,44,0,0.5294117647058824,0.5171717171717172,0.6718569780853518,51
raw_signal,E_reservoir_recomputed,amplitude_noise,20,44,0,0.5098039215686274,0.49481787524056714,0.6643598615916956,51
raw_signal,E_reservoir_recomputed,amplitude_noise,10,44,0,0.5882352941176471,0.577640178878569,0.698961937716263,51
raw_signal,E_reservoir_recomputed,amplitude_noise,5,44,0,0.4313725490196078,0.4276094276094276,0.6389850057670127,51
raw_signal,E_reservoir_recomputed,channel_dropout,clean,44,0,0.5294117647058824,0.5171717171717172,0.6718569780853518,51
raw_signal,E_reservoir_recomputed,channel_dropout,0.1,44,0,0.37254901960784315,0.27540854771976053,0.6891580161476355,51
raw_signal,E_reservoir_recomputed,channel_dropout,0.2,44,0,0.3333333333333333,0.16666666666666666,0.6758938869665513,51
raw_signal,E_reservoir_recomputed,channel_dropout,0.3,44,0,0.3333333333333333,0.16666666666666666,0.7029988465974625,51
raw_signal,E_reservoir_recomputed,temporal_jitter,clean,44,1,0.4375,0.4418541610192464,0.5986705288175876,50
raw_signal,E_reservoir_recomputed,temporal_jitter,10,44,1,0.4178921568627451,0.4288815909505564,0.5783013963161022,50
raw_signal,E_reservoir_recomputed,temporal_jitter,25,44,1,0.3799019607843137,0.38404558404558403,0.5628527926322043,50
raw_signal,E_reservoir_recomputed,temporal_jitter,50,44,1,0.3198529411764706,0.25201288244766507,0.5437648544266191,50
raw_signal,E_reservoir_recomputed,amplitude_noise,clean,44,1,0.4375,0.4418541610192464,0.5986705288175876,50
raw_signal,E_reservoir_recomputed,amplitude_noise,20,44,1,0.3995098039215686,0.40392156862745093,0.5943256090314913,50
raw_signal,E_reservoir_recomputed,amplitude_noise,10,44,1,0.47671568627450983,0.47118830989798727,0.6187425727866904,50
raw_signal,E_reservoir_recomputed,amplitude_noise,5,44,1,0.45588235294117646,0.45588235294117646,0.5952725787284612,50
raw_signal,E_reservoir_recomputed,channel_dropout,clean,44,1,0.4375,0.4418541610192464,0.5986705288175876,50
raw_signal,E_reservoir_recomputed,channel_dropout,0.1,44,1,0.3406862745098039,0.2984990619136961,0.5901663695781343,50
raw_signal,E_reservoir_recomputed,channel_dropout,0.2,44,1,0.3333333333333333,0.1691542288557214,0.6047979797979798,50
raw_signal,E_reservoir_recomputed,channel_dropout,0.3,44,1,0.2965686274509804,0.20332883490778228,0.46908422459893045,50
raw_signal,E_reservoir_recomputed,temporal_jitter,clean,44,2,0.30269607843137253,0.29510593135488006,0.5436905822935235,49
raw_signal,E_reservoir_recomputed,temporal_jitter,10,44,2,0.3811274509803922,0.35251661918328586,0.5398841354723708,49
raw_signal,E_reservoir_recomputed,temporal_jitter,25,44,2,0.3799019607843137,0.34131519274376415,0.5442847593582888,49
raw_signal,E_reservoir_recomputed,temporal_jitter,50,44,2,0.3370098039215686,0.25343018563357544,0.5793412061794415,49
raw_signal,E_reservoir_recomputed,amplitude_noise,clean,44,2,0.30269607843137253,0.29510593135488006,0.5436905822935235,49
raw_signal,E_reservoir_recomputed,amplitude_noise,20,44,2,0.3811274509803922,0.3517512274959083,0.5630199049316696,49
raw_signal,E_reservoir_recomputed,amplitude_noise,10,44,2,0.2647058823529412,0.2662620603797074,0.5048091206179441,49
raw_signal,E_reservoir_recomputed,amplitude_noise,5,44,2,0.2647058823529412,0.240530303030303,0.527722073677956,49
raw_signal,E_reservoir_recomputed,channel_dropout,clean,44,2,0.30269607843137253,0.29510593135488006,0.5436905822935235,49
raw_signal,E_reservoir_recomputed,channel_dropout,0.1,44,2,0.4044117647058824,0.32597893063009337,0.5987262329174093,49
raw_signal,E_reservoir_recomputed,channel_dropout,0.2,44,2,0.3333333333333333,0.1641025641025641,0.564895276292335,49
raw_signal,E_reservoir_recomputed,channel_dropout,0.3,44,2,0.3333333333333333,0.1641025641025641,0.6294748960190137,49
raw_signal,E_reservoir_recomputed,temporal_jitter,clean,45,0,0.47794117647058826,0.45834051105368934,0.6727941176470589,50
raw_signal,E_reservoir_recomputed,temporal_jitter,10,45,0,0.45955882352941185,0.439720716651611,0.6651255199049316,50
raw_signal,E_reservoir_recomputed,temporal_jitter,25,45,0,0.4583333333333333,0.43308772963945374,0.6405785799168151,50
raw_signal,E_reservoir_recomputed,temporal_jitter,50,45,0,0.42156862745098045,0.36638655462184877,0.5438762626262627,50
raw_signal,E_reservoir_recomputed,amplitude_noise,clean,45,0,0.47794117647058826,0.45834051105368934,0.6727941176470589,50
raw_signal,E_reservoir_recomputed,amplitude_noise,20,45,0,0.42034313725490197,0.396017316017316,0.6334484551396317,50
raw_signal,E_reservoir_recomputed,amplitude_noise,10,45,0,0.5392156862745098,0.5276173715375166,0.6654411764705882,50
raw_signal,E_reservoir_recomputed,amplitude_noise,5,45,0,0.42034313725490197,0.39666666666666667,0.6482286096256684,50
raw_signal,E_reservoir_recomputed,channel_dropout,clean,45,0,0.47794117647058826,0.45834051105368934,0.6727941176470589,50
raw_signal,E_reservoir_recomputed,channel_dropout,0.1,45,0,0.3125,0.15384615384615385,0.6338012477718361,50
raw_signal,E_reservoir_recomputed,channel_dropout,0.2,45,0,0.3333333333333333,0.1691542288557214,0.7179701426024955,50
raw_signal,E_reservoir_recomputed,channel_dropout,0.3,45,0,0.43137254901960786,0.33187042842215253,0.7427398989898989,50
raw_signal,E_reservoir_recomputed,temporal_jitter,clean,45,1,0.44975490196078427,0.454320987654321,0.6372734699940582,49
raw_signal,E_reservoir_recomputed,temporal_jitter,10,45,1,0.4705882352941176,0.4705882352941176,0.6192996137849079,49
raw_signal,E_reservoir_recomputed,temporal_jitter,25,45,1,0.4080882352941176,0.3895622895622896,0.5881238859180036,49
raw_signal,E_reservoir_recomputed,temporal_jitter,50,45,1,0.3700980392156863,0.2704093567251462,0.5351121509209744,49
raw_signal,E_reservoir_recomputed,amplitude_noise,clean,45,1,0.44975490196078427,0.454320987654321,0.6372734699940582,49
raw_signal,E_reservoir_recomputed,amplitude_noise,20,45,1,0.44975490196078427,0.4544962812711291,0.6234588532382651,49
raw_signal,E_reservoir_recomputed,amplitude_noise,10,45,1,0.45098039215686275,0.4496732026143791,0.6109997029114677,49
raw_signal,E_reservoir_recomputed,amplitude_noise,5,45,1,0.5098039215686274,0.5105817023920473,0.6567327688651218,49
raw_signal,E_reservoir_recomputed,channel_dropout,clean,45,1,0.44975490196078427,0.454320987654321,0.6372734699940582,49
raw_signal,E_reservoir_recomputed,channel_dropout,0.1,45,1,0.48284313725490197,0.4342717959739237,0.6269682115270351,49
raw_signal,E_reservoir_recomputed,channel_dropout,0.2,45,1,0.3553921568627451,0.24139702105803798,0.6139334521687463,49
raw_signal,E_reservoir_recomputed,channel_dropout,0.3,45,1,0.3700980392156863,0.2692307692307692,0.6166258169934641,49
raw_signal,E_reservoir_recomputed,temporal_jitter,clean,45,2,0.3333333333333333,0.33264735641645654,0.5686274509803922,51
raw_signal,E_reservoir_recomputed,temporal_jitter,10,45,2,0.35294117647058826,0.35422602089268757,0.5755478662053056,51
raw_signal,E_reservoir_recomputed,temporal_jitter,25,45,2,0.3333333333333333,0.3220986406021795,0.5720876585928489,51
raw_signal,E_reservoir_recomputed,temporal_jitter,50,45,2,0.3333333333333333,0.30879869678367805,0.5605536332179931,51
raw_signal,E_reservoir_recomputed,amplitude_noise,clean,45,2,0.3333333333333333,0.33264735641645654,0.5686274509803922,51
raw_signal,E_reservoir_recomputed,amplitude_noise,20,45,2,0.3137254901960784,0.3082892416225749,0.580161476355248,51
raw_signal,E_reservoir_recomputed,amplitude_noise,10,45,2,0.37254901960784315,0.37515356265356264,0.5674740484429066,51
raw_signal,E_reservoir_recomputed,amplitude_noise,5,45,2,0.392156862745098,0.38983855650522314,0.5542099192618224,51
raw_signal,E_reservoir_recomputed,channel_dropout,clean,45,2,0.3333333333333333,0.33264735641645654,0.5686274509803922,51
raw_signal,E_reservoir_recomputed,channel_dropout,0.1,45,2,0.35294117647058826,0.3009259259259259,0.5841983852364476,51
raw_signal,E_reservoir_recomputed,channel_dropout,0.2,45,2,0.35294117647058826,0.24963924963924963,0.5046136101499423,51
raw_signal,E_reservoir_recomputed,channel_dropout,0.3,45,2,0.35294117647058826,0.2061912658927584,0.5922722029988466,51
raw_signal,E_reservoir_recomputed,temporal_jitter,clean,46,0,0.42401960784313725,0.38865788865788864,0.6078431372549019,50
raw_signal,E_reservoir_recomputed,temporal_jitter,10,46,0,0.44362745098039214,0.4214848332495391,0.6026255199049317,50
raw_signal,E_reservoir_recomputed,temporal_jitter,25,46,0,0.48284313725490197,0.47276688453159044,0.6141562685680333,50
raw_signal,E_reservoir_recomputed,temporal_jitter,50,46,0,0.4424019607843137,0.43995098039215685,0.6085115864527629,50
raw_signal,E_reservoir_recomputed,amplitude_noise,clean,46,0,0.42401960784313725,0.38865788865788864,0.6078431372549019,50
raw_signal,E_reservoir_recomputed,amplitude_noise,20,46,0,0.44362745098039214,0.4173635307781649,0.6436051693404634,50
raw_signal,E_reservoir_recomputed,amplitude_noise,10,46,0,0.4448529411764706,0.4181929181929182,0.6113710635769459,50
raw_signal,E_reservoir_recomputed,amplitude_noise,5,46,0,0.42524509803921573,0.4033631332481907,0.5848559120617943,50
raw_signal,E_reservoir_recomputed,channel_dropout,clean,46,0,0.42401960784313725,0.38865788865788864,0.6078431372549019,50
raw_signal,E_reservoir_recomputed,channel_dropout,0.1,46,0,0.3946078431372549,0.3435087719298246,0.6187982768865122,50
raw_signal,E_reservoir_recomputed,channel_dropout,0.2,46,0,0.3333333333333333,0.1691542288557214,0.6074903446226975,50
raw_signal,E_reservoir_recomputed,channel_dropout,0.3,46,0,0.29411764705882354,0.15384615384615385,0.6214535056446822,50
raw_signal,E_reservoir_recomputed,temporal_jitter,clean,46,1,0.5710784313725491,0.570852534562212,0.7016859774212715,49
raw_signal,E_reservoir_recomputed,temporal_jitter,10,46,1,0.44485294117647056,0.4226810554550558,0.6865715983363042,49
raw_signal,E_reservoir_recomputed,temporal_jitter,25,46,1,0.4436274509803922,0.4069264069264069,0.6789587046939989,49
raw_signal,E_reservoir_recomputed,temporal_jitter,50,46,1,0.42034313725490197,0.335042735042735,0.6323343731431967,49
raw_signal,E_reservoir_recomputed,amplitude_noise,clean,46,1,0.5710784313725491,0.570852534562212,0.7016859774212715,49
raw_signal,E_reservoir_recomputed,amplitude_noise,20,46,1,0.43014705882352944,0.4275668888244953,0.6995135175282234,49
raw_signal,E_reservoir_recomputed,amplitude_noise,10,46,1,0.4522058823529412,0.4424816973836581,0.6630273321449792,49
raw_signal,E_reservoir_recomputed,amplitude_noise,5,46,1,0.38848039215686275,0.3856017480305905,0.6255199049316696,49
raw_signal,E_reservoir_recomputed,channel_dropout,clean,46,1,0.5710784313725491,0.570852534562212,0.7016859774212715,49
raw_signal,E_reservoir_recomputed,channel_dropout,0.1,46,1,0.4166666666666667,0.31432748538011696,0.672107100415924,49
raw_signal,E_reservoir_recomputed,channel_dropout,0.2,46,1,0.4166666666666667,0.3238709677419355,0.631610219845514,49
raw_signal,E_reservoir_recomputed,channel_dropout,0.3,46,1,0.3958333333333333,0.3126016260162601,0.6480986333927511,49
raw_signal,E_reservoir_recomputed,temporal_jitter,clean,46,2,0.45098039215686275,0.43669467787114846,0.615916955017301,51
raw_signal,E_reservoir_recomputed,temporal_jitter,10,46,2,0.4313725490196078,0.43014705882352944,0.6245674740484429,51
raw_signal,E_reservoir_recomputed,temporal_jitter,25,46,2,0.45098039215686275,0.4505376344086021,0.6280276816608996,51
raw_signal,E_reservoir_recomputed,temporal_jitter,50,46,2,0.4705882352941176,0.46484268125855,0.6372549019607843,51
raw_signal,E_reservoir_recomputed,amplitude_noise,clean,46,2,0.45098039215686275,0.43669467787114846,0.615916955017301,51
raw_signal,E_reservoir_recomputed,amplitude_noise,20,46,2,0.43137254901960786,0.42910052910052904,0.5778546712802769,51
raw_signal,E_reservoir_recomputed,amplitude_noise,10,46,2,0.39215686274509803,0.36543848308554194,0.6193771626297578,51
raw_signal,E_reservoir_recomputed,amplitude_noise,5,46,2,0.39215686274509803,0.36054347029956785,0.6164936562860438,51
raw_signal,E_reservoir_recomputed,channel_dropout,clean,46,2,0.45098039215686275,0.43669467787114846,0.615916955017301,51
raw_signal,E_reservoir_recomputed,channel_dropout,0.1,46,2,0.3333333333333333,0.19743589743589743,0.5674740484429065,51
raw_signal,E_reservoir_recomputed,channel_dropout,0.2,46,2,0.411764705882353,0.2987377279102384,0.6320645905420991,51
raw_signal,E_reservoir_recomputed,channel_dropout,0.3,46,2,0.411764705882353,0.32193396226415094,0.6683967704728951,51
