router,seed,fold,ptype,level,balanced_accuracy,macro_f1
fixed_A0,42,0,clean,clean,0.49612403100775193,0.4935265156784145
fixed_A1,42,0,clean,clean,0.42635658914728686,0.42495491746428077
fixed_A2,42,0,clean,clean,0.35658914728682173,0.3553755250888612
fixed_A3,42,0,clean,clean,0.3875968992248062,0.3843198882486467
fixed_A5,42,0,clean,clean,0.42635658914728686,0.4252422067033534
fixed_A6,42,0,clean,clean,0.45736434108527124,0.4567786902200676
fixed_A7,42,0,clean,clean,0.44961240310077527,0.4462291241113607
fixed_A8,42,0,clean,clean,0.4573643410852713,0.45629540103989624
fixed_A9,42,0,clean,clean,0.4573643410852713,0.45629540103989624
oracle,42,0,clean,clean,0.8759689922480619,0.8757525998905309
perturbation_label,42,0,clean,clean,0.49612403100775193,0.4935265156784145
fixed_A0,42,0,amplitude_noise,20,0.4651162790697674,0.46252879995082546
fixed_A1,42,0,amplitude_noise,20,0.434108527131783,0.43349513696609265
fixed_A2,42,0,amplitude_noise,20,0.3488372093023256,0.34650274679962956
fixed_A3,42,0,amplitude_noise,20,0.310077519379845,0.3090217077460167
fixed_A5,42,0,amplitude_noise,20,0.31007751937984496,0.3060376656838526
fixed_A6,42,0,amplitude_noise,20,0.34108527131782945,0.3402296741924397
fixed_A7,42,0,amplitude_noise,20,0.4883720930232558,0.48504035823279423
fixed_A8,42,0,amplitude_noise,20,0.3875968992248062,0.3886455921339642
fixed_A9,42,0,amplitude_noise,20,0.4883720930232558,0.4883592017738359
oracle,42,0,amplitude_noise,20,0.945736434108527,0.945736434108527
perturbation_label,42,0,amplitude_noise,20,0.4651162790697674,0.46252879995082546
fixed_A0,42,0,amplitude_noise,10,0.44961240310077527,0.45025860531478507
fixed_A1,42,0,amplitude_noise,10,0.44186046511627913,0.4414340448823208
fixed_A2,42,0,amplitude_noise,10,0.3255813953488372,0.3225904328450197
fixed_A3,42,0,amplitude_noise,10,0.3023255813953489,0.3023478036420719
fixed_A5,42,0,amplitude_noise,10,0.40310077519379844,0.39610589502847465
fixed_A6,42,0,amplitude_noise,10,0.4108527131782946,0.41169091292430954
fixed_A7,42,0,amplitude_noise,10,0.4651162790697674,0.463233037827295
fixed_A8,42,0,amplitude_noise,10,0.4108527131782946,0.4087861661035858
fixed_A9,42,0,amplitude_noise,10,0.37209302325581395,0.36465373437204424
oracle,42,0,amplitude_noise,10,0.9689922480620154,0.9688948306595365
perturbation_label,42,0,amplitude_noise,10,0.4651162790697674,0.463233037827295
fixed_A0,42,0,amplitude_noise,5,0.37209302325581395,0.37008545924032
fixed_A1,42,0,amplitude_noise,5,0.4108527131782946,0.4119872560732776
fixed_A2,42,0,amplitude_noise,5,0.31007751937984496,0.31108273023981836
fixed_A3,42,0,amplitude_noise,5,0.3333333333333333,0.3310912445012062
fixed_A5,42,0,amplitude_noise,5,0.3100775193798449,0.30715791693021294
fixed_A6,42,0,amplitude_noise,5,0.31782945736434104,0.31926652707401576
fixed_A7,42,0,amplitude_noise,5,0.38759689922480617,0.38530219780219777
fixed_A8,42,0,amplitude_noise,5,0.31782945736434104,0.31595949013445085
fixed_A9,42,0,amplitude_noise,5,0.36434108527131787,0.36330353986769687
oracle,42,0,amplitude_noise,5,0.9767441860465116,0.9767379679144385
perturbation_label,42,0,amplitude_noise,5,0.4108527131782946,0.4119872560732776
fixed_A0,42,0,channel_dropout,0.1,0.40310077519379844,0.397989619295897
fixed_A1,42,0,channel_dropout,0.1,0.44961240310077516,0.4496480441949568
fixed_A2,42,0,channel_dropout,0.1,0.3333333333333333,0.16666666666666666
fixed_A3,42,0,channel_dropout,0.1,0.31007751937984496,0.17214202754272442
fixed_A5,42,0,channel_dropout,0.1,0.3333333333333333,0.16666666666666666
fixed_A6,42,0,channel_dropout,0.1,0.34108527131782945,0.1827928406875775
fixed_A7,42,0,channel_dropout,0.1,0.44186046511627913,0.4307296146626201
fixed_A8,42,0,channel_dropout,0.1,0.3333333333333333,0.16666666666666666
fixed_A9,42,0,channel_dropout,0.1,0.3333333333333333,0.16666666666666666
oracle,42,0,channel_dropout,0.1,0.937984496124031,0.9362609924407677
perturbation_label,42,0,channel_dropout,0.1,0.44961240310077516,0.4496480441949568
fixed_A0,42,0,channel_dropout,0.2,0.4573643410852713,0.3880652680652681
fixed_A1,42,0,channel_dropout,0.2,0.4728682170542635,0.4727456940222898
fixed_A2,42,0,channel_dropout,0.2,0.3333333333333333,0.16666666666666666
fixed_A3,42,0,channel_dropout,0.2,0.3333333333333333,0.16666666666666666
fixed_A5,42,0,channel_dropout,0.2,0.3333333333333333,0.16666666666666666
fixed_A6,42,0,channel_dropout,0.2,0.3333333333333333,0.16666666666666666
fixed_A7,42,0,channel_dropout,0.2,0.44961240310077527,0.4361344537815126
fixed_A8,42,0,channel_dropout,0.2,0.3333333333333333,0.16666666666666666
fixed_A9,42,0,channel_dropout,0.2,0.3333333333333333,0.16666666666666666
oracle,42,0,channel_dropout,0.2,1.0,1.0
perturbation_label,42,0,channel_dropout,0.2,0.4728682170542635,0.4727456940222898
fixed_A0,42,0,channel_dropout,0.3,0.4573643410852714,0.44387537345283823
fixed_A1,42,0,channel_dropout,0.3,0.3875968992248062,0.3782488370723665
fixed_A2,42,0,channel_dropout,0.3,0.3333333333333333,0.16666666666666666
fixed_A3,42,0,channel_dropout,0.3,0.3333333333333333,0.16666666666666666
fixed_A5,42,0,channel_dropout,0.3,0.3333333333333333,0.16666666666666666
fixed_A6,42,0,channel_dropout,0.3,0.3333333333333333,0.16666666666666666
fixed_A7,42,0,channel_dropout,0.3,0.4573643410852713,0.45095508326842476
fixed_A8,42,0,channel_dropout,0.3,0.3333333333333333,0.16666666666666666
fixed_A9,42,0,channel_dropout,0.3,0.3333333333333333,0.16666666666666666
oracle,42,0,channel_dropout,0.3,1.0,1.0
perturbation_label,42,0,channel_dropout,0.3,0.3875968992248062,0.3782488370723665
fixed_A0,42,0,graph_perturbation,0.1,0.49612403100775193,0.4935265156784145
fixed_A1,42,0,graph_perturbation,0.1,0.42635658914728686,0.42495491746428077
fixed_A2,42,0,graph_perturbation,0.1,0.35658914728682173,0.3553755250888612
fixed_A3,42,0,graph_perturbation,0.1,0.3333333333333333,0.16666666666666666
fixed_A5,42,0,graph_perturbation,0.1,0.4108527131782946,0.30203676105315447
fixed_A6,42,0,graph_perturbation,0.1,0.45736434108527124,0.4567786902200676
fixed_A7,42,0,graph_perturbation,0.1,0.44186046511627913,0.44226299982703593
fixed_A8,42,0,graph_perturbation,0.1,0.441860465116279,0.4402311440117838
fixed_A9,42,0,graph_perturbation,0.1,0.441860465116279,0.4402311440117838
oracle,42,0,graph_perturbation,0.1,0.8449612403100776,0.8416520071633465
perturbation_label,42,0,graph_perturbation,0.1,0.49612403100775193,0.4935265156784145
fixed_A0,42,0,graph_perturbation,0.2,0.49612403100775193,0.4935265156784145
fixed_A1,42,0,graph_perturbation,0.2,0.42635658914728686,0.42495491746428077
fixed_A2,42,0,graph_perturbation,0.2,0.35658914728682173,0.3553755250888612
fixed_A3,42,0,graph_perturbation,0.2,0.3333333333333333,0.16666666666666666
fixed_A5,42,0,graph_perturbation,0.2,0.39534883720930236,0.2882080254961611
fixed_A6,42,0,graph_perturbation,0.2,0.45736434108527124,0.4567786902200676
fixed_A7,42,0,graph_perturbation,0.2,0.434108527131783,0.4346001645779937
fixed_A8,42,0,graph_perturbation,0.2,0.441860465116279,0.44127029052733097
fixed_A9,42,0,graph_perturbation,0.2,0.44961240310077516,0.4489331257763731
oracle,42,0,graph_perturbation,0.2,0.8527131782945737,0.8497820884641595
perturbation_label,42,0,graph_perturbation,0.2,0.49612403100775193,0.4935265156784145
fixed_A0,42,0,graph_perturbation,0.3,0.49612403100775193,0.4935265156784145
fixed_A1,42,0,graph_perturbation,0.3,0.42635658914728686,0.42495491746428077
fixed_A2,42,0,graph_perturbation,0.3,0.35658914728682173,0.3553755250888612
fixed_A3,42,0,graph_perturbation,0.3,0.3333333333333333,0.16666666666666666
fixed_A5,42,0,graph_perturbation,0.3,0.4186046511627907,0.30902701515484293
fixed_A6,42,0,graph_perturbation,0.3,0.45736434108527124,0.4567786902200676
fixed_A7,42,0,graph_perturbation,0.3,0.42635658914728686,0.4268270944741533
fixed_A8,42,0,graph_perturbation,0.3,0.441860465116279,0.441860465116279
fixed_A9,42,0,graph_perturbation,0.3,0.441860465116279,0.441860465116279
oracle,42,0,graph_perturbation,0.3,0.8449612403100776,0.8416520071633465
perturbation_label,42,0,graph_perturbation,0.3,0.49612403100775193,0.4935265156784145
fixed_A0,42,1,clean,clean,0.4841269841269842,0.479605039155601
fixed_A1,42,1,clean,clean,0.4761904761904761,0.47826086956521735
fixed_A2,42,1,clean,clean,0.4603174603174603,0.4583694083694083
fixed_A3,42,1,clean,clean,0.36507936507936506,0.3650072591987659
fixed_A5,42,1,clean,clean,0.4444444444444444,0.44503389330975535
fixed_A6,42,1,clean,clean,0.5,0.4985083750931913
fixed_A7,42,1,clean,clean,0.4761904761904761,0.4784957579057212
fixed_A8,42,1,clean,clean,0.4761904761904762,0.4760401721664275
fixed_A9,42,1,clean,clean,0.48412698412698413,0.48337519920049693
oracle,42,1,clean,clean,0.9126984126984127,0.9126623990492396
perturbation_label,42,1,clean,clean,0.4841269841269842,0.479605039155601
fixed_A0,42,1,amplitude_noise,20,0.4761904761904762,0.46947473689223296
fixed_A1,42,1,amplitude_noise,20,0.4682539682539682,0.4707818930041152
fixed_A2,42,1,amplitude_noise,20,0.4047619047619048,0.40156644099296424
fixed_A3,42,1,amplitude_noise,20,0.35714285714285715,0.3588479554891894
fixed_A5,42,1,amplitude_noise,20,0.4365079365079365,0.43701507831942615
fixed_A6,42,1,amplitude_noise,20,0.4603174603174603,0.45745633676668157
fixed_A7,42,1,amplitude_noise,20,0.4523809523809524,0.45782163742690063
fixed_A8,42,1,amplitude_noise,20,0.3888888888888889,0.38912938912938916
fixed_A9,42,1,amplitude_noise,20,0.3968253968253968,0.39407431650768326
oracle,42,1,amplitude_noise,20,0.9761904761904762,0.9761836441893831
perturbation_label,42,1,amplitude_noise,20,0.4761904761904762,0.46947473689223296
fixed_A0,42,1,amplitude_noise,10,0.4523809523809524,0.4504962130806743
fixed_A1,42,1,amplitude_noise,10,0.4523809523809524,0.4576972292111286
fixed_A2,42,1,amplitude_noise,10,0.30158730158730157,0.3016934573167917
fixed_A3,42,1,amplitude_noise,10,0.4603174603174603,0.4599693981983443
fixed_A5,42,1,amplitude_noise,10,0.3333333333333333,0.3293090790439677
fixed_A6,42,1,amplitude_noise,10,0.25396825396825395,0.2532759445241511
fixed_A7,42,1,amplitude_noise,10,0.4523809523809524,0.45402281244575154
fixed_A8,42,1,amplitude_noise,10,0.3412698412698412,0.3421007298608278
fixed_A9,42,1,amplitude_noise,10,0.30952380952380953,0.30794909596190667
oracle,42,1,amplitude_noise,10,0.9761904761904762,0.9763596015685957
perturbation_label,42,1,amplitude_noise,10,0.4523809523809524,0.45402281244575154
fixed_A0,42,1,amplitude_noise,5,0.41269841269841273,0.41300813008130083
fixed_A1,42,1,amplitude_noise,5,0.4523809523809524,0.452958152958153
fixed_A2,42,1,amplitude_noise,5,0.2698412698412698,0.27032745410510584
fixed_A3,42,1,amplitude_noise,5,0.3253968253968254,0.3257268424611224
fixed_A5,42,1,amplitude_noise,5,0.3253968253968254,0.3241729969114964
fixed_A6,42,1,amplitude_noise,5,0.373015873015873,0.37336015333455236
fixed_A7,42,1,amplitude_noise,5,0.4841269841269842,0.48590198217857794
fixed_A8,42,1,amplitude_noise,5,0.3650793650793651,0.3649948631736248
fixed_A9,42,1,amplitude_noise,5,0.373015873015873,0.3664535630827766
oracle,42,1,amplitude_noise,5,0.9523809523809524,0.9521552864614119
perturbation_label,42,1,amplitude_noise,5,0.4523809523809524,0.452958152958153
fixed_A0,42,1,channel_dropout,0.1,0.42857142857142855,0.3464665196471532
fixed_A1,42,1,channel_dropout,0.1,0.48412698412698413,0.48416748225394574
fixed_A2,42,1,channel_dropout,0.1,0.3333333333333333,0.16666666666666666
fixed_A3,42,1,channel_dropout,0.1,0.3412698412698412,0.19528619528619529
fixed_A5,42,1,channel_dropout,0.1,0.3333333333333333,0.16666666666666666
fixed_A6,42,1,channel_dropout,0.1,0.3333333333333333,0.16666666666666666
fixed_A7,42,1,channel_dropout,0.1,0.4365079365079365,0.43982683982683984
fixed_A8,42,1,channel_dropout,0.1,0.38095238095238093,0.27869805289160127
fixed_A9,42,1,channel_dropout,0.1,0.34920634920634924,0.19999999999999998
oracle,42,1,channel_dropout,0.1,1.0,1.0
perturbation_label,42,1,channel_dropout,0.1,0.4365079365079365,0.43982683982683984
fixed_A0,42,1,channel_dropout,0.2,0.3968253968253968,0.3681612647129889
fixed_A1,42,1,channel_dropout,0.2,0.4444444444444444,0.4386724386724386
fixed_A2,42,1,channel_dropout,0.2,0.34920634920634924,0.2607407407407407
fixed_A3,42,1,channel_dropout,0.2,0.3333333333333333,0.16666666666666666
fixed_A5,42,1,channel_dropout,0.2,0.3333333333333333,0.16666666666666666
fixed_A6,42,1,channel_dropout,0.2,0.3333333333333333,0.16666666666666666
fixed_A7,42,1,channel_dropout,0.2,0.4761904761904762,0.43222523152192904
fixed_A8,42,1,channel_dropout,0.2,0.3333333333333333,0.16666666666666666
fixed_A9,42,1,channel_dropout,0.2,0.3333333333333333,0.16666666666666666
oracle,42,1,channel_dropout,0.2,0.9126984126984127,0.9088228755151949
perturbation_label,42,1,channel_dropout,0.2,0.4444444444444444,0.4386724386724386
fixed_A0,42,1,channel_dropout,0.3,0.45238095238095233,0.37145493269869195
fixed_A1,42,1,channel_dropout,0.3,0.4682539682539682,0.4656204906204906
fixed_A2,42,1,channel_dropout,0.3,0.3333333333333333,0.16666666666666666
fixed_A3,42,1,channel_dropout,0.3,0.3333333333333333,0.16666666666666666
fixed_A5,42,1,channel_dropout,0.3,0.3333333333333333,0.16666666666666666
fixed_A6,42,1,channel_dropout,0.3,0.3333333333333333,0.16666666666666666
fixed_A7,42,1,channel_dropout,0.3,0.4761904761904762,0.46629082012551853
fixed_A8,42,1,channel_dropout,0.3,0.3333333333333333,0.16666666666666666
fixed_A9,42,1,channel_dropout,0.3,0.3333333333333333,0.16666666666666666
oracle,42,1,channel_dropout,0.3,1.0,1.0
perturbation_label,42,1,channel_dropout,0.3,0.4682539682539682,0.4656204906204906
fixed_A0,42,1,graph_perturbation,0.1,0.4841269841269842,0.479605039155601
fixed_A1,42,1,graph_perturbation,0.1,0.4761904761904761,0.47826086956521735
fixed_A2,42,1,graph_perturbation,0.1,0.4603174603174603,0.4583694083694083
fixed_A3,42,1,graph_perturbation,0.1,0.3333333333333333,0.16666666666666666
fixed_A5,42,1,graph_perturbation,0.1,0.35714285714285715,0.2425281724644782
fixed_A6,42,1,graph_perturbation,0.1,0.5,0.4985083750931913
fixed_A7,42,1,graph_perturbation,0.1,0.5,0.5010043311413175
fixed_A8,42,1,graph_perturbation,0.1,0.4365079365079365,0.43564993564993565
fixed_A9,42,1,graph_perturbation,0.1,0.4365079365079365,0.4360779586096042
oracle,42,1,graph_perturbation,0.1,0.8968253968253967,0.8954088118847844
perturbation_label,42,1,graph_perturbation,0.1,0.4841269841269842,0.479605039155601
fixed_A0,42,1,graph_perturbation,0.2,0.4841269841269842,0.479605039155601
fixed_A1,42,1,graph_perturbation,0.2,0.4761904761904761,0.47826086956521735
fixed_A2,42,1,graph_perturbation,0.2,0.4603174603174603,0.4583694083694083
fixed_A3,42,1,graph_perturbation,0.2,0.3412698412698412,0.2064477965099083
fixed_A5,42,1,graph_perturbation,0.2,0.35714285714285715,0.23438155136268346
fixed_A6,42,1,graph_perturbation,0.2,0.5,0.4985083750931913
fixed_A7,42,1,graph_perturbation,0.2,0.4920634920634921,0.4942594543964407
fixed_A8,42,1,graph_perturbation,0.2,0.4523809523809524,0.45200617283950617
fixed_A9,42,1,graph_perturbation,0.2,0.4523809523809524,0.4524122807017544
oracle,42,1,graph_perturbation,0.2,0.8968253968253967,0.8954088118847844
perturbation_label,42,1,graph_perturbation,0.2,0.4841269841269842,0.479605039155601
fixed_A0,42,1,graph_perturbation,0.3,0.4841269841269842,0.479605039155601
fixed_A1,42,1,graph_perturbation,0.3,0.4761904761904761,0.47826086956521735
fixed_A2,42,1,graph_perturbation,0.3,0.4603174603174603,0.4583694083694083
fixed_A3,42,1,graph_perturbation,0.3,0.34920634920634924,0.19971721456344996
fixed_A5,42,1,graph_perturbation,0.3,0.35714285714285715,0.23438155136268346
fixed_A6,42,1,graph_perturbation,0.3,0.5,0.4985083750931913
fixed_A7,42,1,graph_perturbation,0.3,0.4682539682539682,0.4703172071593124
fixed_A8,42,1,graph_perturbation,0.3,0.4682539682539682,0.4685342675886411
fixed_A9,42,1,graph_perturbation,0.3,0.4682539682539682,0.4692353155119113
oracle,42,1,graph_perturbation,0.3,0.8968253968253967,0.8954088118847844
perturbation_label,42,1,graph_perturbation,0.3,0.4841269841269842,0.479605039155601
fixed_A0,42,2,clean,clean,0.4603174603174603,0.45430494585894055
fixed_A1,42,2,clean,clean,0.4920634920634921,0.4883894671128714
fixed_A2,42,2,clean,clean,0.42063492063492064,0.42254310854402055
fixed_A3,42,2,clean,clean,0.3333333333333333,0.3328663491173998
fixed_A5,42,2,clean,clean,0.3968253968253968,0.39399224806201555
fixed_A6,42,2,clean,clean,0.5079365079365079,0.5028985507246376
fixed_A7,42,2,clean,clean,0.4603174603174603,0.4524572649572649
fixed_A8,42,2,clean,clean,0.4682539682539682,0.4617973322444535
fixed_A9,42,2,clean,clean,0.4761904761904761,0.47065217391304354
oracle,42,2,clean,clean,0.888888888888889,0.8891734880106973
perturbation_label,42,2,clean,clean,0.4603174603174603,0.45430494585894055
fixed_A0,42,2,amplitude_noise,20,0.4603174603174603,0.45399180511540066
fixed_A1,42,2,amplitude_noise,20,0.4920634920634921,0.4865885515040374
fixed_A2,42,2,amplitude_noise,20,0.373015873015873,0.37373193284855016
fixed_A3,42,2,amplitude_noise,20,0.32539682539682535,0.3257084359848357
fixed_A5,42,2,amplitude_noise,20,0.31746031746031744,0.3161531279178338
fixed_A6,42,2,amplitude_noise,20,0.4047619047619048,0.4006864884524459
fixed_A7,42,2,amplitude_noise,20,0.4523809523809524,0.44600053864799355
fixed_A8,42,2,amplitude_noise,20,0.3333333333333333,0.3333333333333333
fixed_A9,42,2,amplitude_noise,20,0.3968253968253968,0.39849039849039847
oracle,42,2,amplitude_noise,20,0.9603174603174603,0.9605607249285409
perturbation_label,42,2,amplitude_noise,20,0.4603174603174603,0.45399180511540066
fixed_A0,42,2,amplitude_noise,10,0.4603174603174603,0.4555296555296556
fixed_A1,42,2,amplitude_noise,10,0.4603174603174603,0.4572463768115942
fixed_A2,42,2,amplitude_noise,10,0.38888888888888884,0.3870343393488606
fixed_A3,42,2,amplitude_noise,10,0.3333333333333333,0.33168618425505997
fixed_A5,42,2,amplitude_noise,10,0.3968253968253968,0.3953344900713322
fixed_A6,42,2,amplitude_noise,10,0.3888888888888889,0.38360268842029654
fixed_A7,42,2,amplitude_noise,10,0.484126984126984,0.4767032804341265
fixed_A8,42,2,amplitude_noise,10,0.4047619047619048,0.4048001529929241
fixed_A9,42,2,amplitude_noise,10,0.35714285714285715,0.3519736842105263
oracle,42,2,amplitude_noise,10,0.9841269841269842,0.9842159335014475
perturbation_label,42,2,amplitude_noise,10,0.484126984126984,0.4767032804341265
fixed_A0,42,2,amplitude_noise,5,0.41269841269841273,0.4076117896551333
fixed_A1,42,2,amplitude_noise,5,0.4444444444444445,0.44057548876825986
fixed_A2,42,2,amplitude_noise,5,0.28571428571428575,0.28399122807017546
fixed_A3,42,2,amplitude_noise,5,0.3650793650793651,0.36065793268240437
fixed_A5,42,2,amplitude_noise,5,0.373015873015873,0.37175456389452327
fixed_A6,42,2,amplitude_noise,5,0.36507936507936506,0.36364312468730137
fixed_A7,42,2,amplitude_noise,5,0.4523809523809524,0.4493827160493827
fixed_A8,42,2,amplitude_noise,5,0.3333333333333333,0.32826534490221676
fixed_A9,42,2,amplitude_noise,5,0.29365079365079366,0.2912681743102428
oracle,42,2,amplitude_noise,5,0.9761904761904763,0.9759808143757072
perturbation_label,42,2,amplitude_noise,5,0.4444444444444445,0.44057548876825986
fixed_A0,42,2,channel_dropout,0.1,0.42857142857142855,0.3481804344818043
fixed_A1,42,2,channel_dropout,0.1,0.4523809523809524,0.44936539224899835
fixed_A2,42,2,channel_dropout,0.1,0.3333333333333333,0.16666666666666666
fixed_A3,42,2,channel_dropout,0.1,0.3333333333333333,0.2030185004868549
fixed_A5,42,2,channel_dropout,0.1,0.3412698412698412,0.18316854662767487
fixed_A6,42,2,channel_dropout,0.1,0.3888888888888889,0.30247364575722785
fixed_A7,42,2,channel_dropout,0.1,0.4603174603174603,0.4487021681291338
fixed_A8,42,2,channel_dropout,0.1,0.3333333333333333,0.16666666666666666
fixed_A9,42,2,channel_dropout,0.1,0.3333333333333333,0.16666666666666666
oracle,42,2,channel_dropout,0.1,0.9920634920634921,0.9920623671155209
perturbation_label,42,2,channel_dropout,0.1,0.4523809523809524,0.44936539224899835
fixed_A0,42,2,channel_dropout,0.2,0.3650793650793651,0.28685762294723555
fixed_A1,42,2,channel_dropout,0.2,0.4444444444444444,0.43785672156435734
fixed_A2,42,2,channel_dropout,0.2,0.3333333333333333,0.16666666666666666
fixed_A3,42,2,channel_dropout,0.2,0.31746031746031744,0.217687074829932
fixed_A5,42,2,channel_dropout,0.2,0.3333333333333333,0.16666666666666666
fixed_A6,42,2,channel_dropout,0.2,0.3333333333333333,0.16666666666666666
fixed_A7,42,2,channel_dropout,0.2,0.42063492063492064,0.41739849297988835
fixed_A8,42,2,channel_dropout,0.2,0.3333333333333333,0.16666666666666666
fixed_A9,42,2,channel_dropout,0.2,0.3333333333333333,0.16666666666666666
oracle,42,2,channel_dropout,0.2,0.9841269841269842,0.9841179807146908
perturbation_label,42,2,channel_dropout,0.2,0.4444444444444444,0.43785672156435734
fixed_A0,42,2,channel_dropout,0.3,0.3333333333333333,0.22756410256410256
fixed_A1,42,2,channel_dropout,0.3,0.5,0.49602122015915123
fixed_A2,42,2,channel_dropout,0.3,0.3333333333333333,0.16666666666666666
fixed_A3,42,2,channel_dropout,0.3,0.3333333333333333,0.16666666666666666
fixed_A5,42,2,channel_dropout,0.3,0.3333333333333333,0.16666666666666666
fixed_A6,42,2,channel_dropout,0.3,0.3333333333333333,0.16666666666666666
fixed_A7,42,2,channel_dropout,0.3,0.4523809523809524,0.4354479941118378
fixed_A8,42,2,channel_dropout,0.3,0.3333333333333333,0.16666666666666666
fixed_A9,42,2,channel_dropout,0.3,0.3333333333333333,0.16666666666666666
oracle,42,2,channel_dropout,0.3,1.0,1.0
perturbation_label,42,2,channel_dropout,0.3,0.5,0.49602122015915123
fixed_A0,42,2,graph_perturbation,0.1,0.4603174603174603,0.45430494585894055
fixed_A1,42,2,graph_perturbation,0.1,0.4920634920634921,0.4883894671128714
fixed_A2,42,2,graph_perturbation,0.1,0.42063492063492064,0.42254310854402055
fixed_A3,42,2,graph_perturbation,0.1,0.31746031746031744,0.19725371347326673
fixed_A5,42,2,graph_perturbation,0.1,0.36507936507936506,0.23699074630453074
fixed_A6,42,2,graph_perturbation,0.1,0.5079365079365079,0.5028985507246376
fixed_A7,42,2,graph_perturbation,0.1,0.48412698412698413,0.4747614988024195
fixed_A8,42,2,graph_perturbation,0.1,0.5079365079365079,0.4962100782341922
fixed_A9,42,2,graph_perturbation,0.1,0.5079365079365079,0.4962100782341922
oracle,42,2,graph_perturbation,0.1,0.8412698412698413,0.8366308243727598
perturbation_label,42,2,graph_perturbation,0.1,0.4603174603174603,0.45430494585894055
fixed_A0,42,2,graph_perturbation,0.2,0.4603174603174603,0.45430494585894055
fixed_A1,42,2,graph_perturbation,0.2,0.4920634920634921,0.4883894671128714
fixed_A2,42,2,graph_perturbation,0.2,0.42063492063492064,0.42254310854402055
fixed_A3,42,2,graph_perturbation,0.2,0.3253968253968254,0.20779220779220778
fixed_A5,42,2,graph_perturbation,0.2,0.373015873015873,0.2413177539759818
fixed_A6,42,2,graph_perturbation,0.2,0.5079365079365079,0.5028985507246376
fixed_A7,42,2,graph_perturbation,0.2,0.48412698412698413,0.47479280371942584
fixed_A8,42,2,graph_perturbation,0.2,0.49206349206349204,0.48140589569161
fixed_A9,42,2,graph_perturbation,0.2,0.5079365079365079,0.5001180521171443
oracle,42,2,graph_perturbation,0.2,0.8492063492063492,0.8446894712549362
perturbation_label,42,2,graph_perturbation,0.2,0.4603174603174603,0.45430494585894055
fixed_A0,42,2,graph_perturbation,0.3,0.4603174603174603,0.45430494585894055
fixed_A1,42,2,graph_perturbation,0.3,0.4920634920634921,0.4883894671128714
fixed_A2,42,2,graph_perturbation,0.3,0.42063492063492064,0.42254310854402055
fixed_A3,42,2,graph_perturbation,0.3,0.3412698412698412,0.19698314108251994
fixed_A5,42,2,graph_perturbation,0.3,0.35714285714285715,0.21433233259365617
fixed_A6,42,2,graph_perturbation,0.3,0.5079365079365079,0.5028985507246376
fixed_A7,42,2,graph_perturbation,0.3,0.4841269841269842,0.4771825396825397
fixed_A8,42,2,graph_perturbation,0.3,0.5158730158730158,0.5090135867574892
fixed_A9,42,2,graph_perturbation,0.3,0.5,0.49236609947286486
oracle,42,2,graph_perturbation,0.3,0.8412698412698413,0.8366308243727598
perturbation_label,42,2,graph_perturbation,0.3,0.4603174603174603,0.45430494585894055
fixed_A0,42,3,clean,clean,0.4603174603174603,0.46171257167820734
fixed_A1,42,3,clean,clean,0.4761904761904762,0.4703425229741019
fixed_A2,42,3,clean,clean,0.4285714285714286,0.42458226704802043
fixed_A3,42,3,clean,clean,0.3412698412698412,0.3400277656542691
fixed_A5,42,3,clean,clean,0.42857142857142855,0.42239760006054894
fixed_A6,42,3,clean,clean,0.4523809523809524,0.4470629771834591
fixed_A7,42,3,clean,clean,0.4523809523809524,0.4464363523187052
fixed_A8,42,3,clean,clean,0.4761904761904762,0.4676214833759591
fixed_A9,42,3,clean,clean,0.4761904761904762,0.4676214833759591
oracle,42,3,clean,clean,0.8809523809523809,0.8810739238224025
perturbation_label,42,3,clean,clean,0.4603174603174603,0.46171257167820734
fixed_A0,42,3,amplitude_noise,20,0.41269841269841273,0.4125189517002383
fixed_A1,42,3,amplitude_noise,20,0.4682539682539682,0.46497483931703815
fixed_A2,42,3,amplitude_noise,20,0.3888888888888889,0.3883978661392969
fixed_A3,42,3,amplitude_noise,20,0.42857142857142855,0.42798009882894467
fixed_A5,42,3,amplitude_noise,20,0.3412698412698412,0.3360740142801512
fixed_A6,42,3,amplitude_noise,20,0.4047619047619047,0.40245281633252555
fixed_A7,42,3,amplitude_noise,20,0.4523809523809524,0.44584523323813413
fixed_A8,42,3,amplitude_noise,20,0.3968253968253968,0.3967848814700772
fixed_A9,42,3,amplitude_noise,20,0.3253968253968254,0.32509274463297455
oracle,42,3,amplitude_noise,20,0.9523809523809524,0.9520874194452228
perturbation_label,42,3,amplitude_noise,20,0.41269841269841273,0.4125189517002383
fixed_A0,42,3,amplitude_noise,10,0.34920634920634924,0.3385714285714286
fixed_A1,42,3,amplitude_noise,10,0.4444444444444444,0.44028059499661937
fixed_A2,42,3,amplitude_noise,10,0.32539682539682535,0.314434669273379
fixed_A3,42,3,amplitude_noise,10,0.31746031746031744,0.31701779057870083
fixed_A5,42,3,amplitude_noise,10,0.3650793650793651,0.3650884744141559
fixed_A6,42,3,amplitude_noise,10,0.4047619047619047,0.40595382954292275
fixed_A7,42,3,amplitude_noise,10,0.4603174603174603,0.45467584624211127
fixed_A8,42,3,amplitude_noise,10,0.3095238095238095,0.30820399113082037
fixed_A9,42,3,amplitude_noise,10,0.38095238095238093,0.38023947030980915
oracle,42,3,amplitude_noise,10,0.9761904761904762,0.9761836441893831
perturbation_label,42,3,amplitude_noise,10,0.4603174603174603,0.45467584624211127
fixed_A0,42,3,amplitude_noise,5,0.3968253968253968,0.39792663476874
fixed_A1,42,3,amplitude_noise,5,0.42857142857142855,0.4277746265834752
fixed_A2,42,3,amplitude_noise,5,0.36507936507936506,0.3644671330434235
fixed_A3,42,3,amplitude_noise,5,0.34920634920634924,0.349139977276051
fixed_A5,42,3,amplitude_noise,5,0.3333333333333333,0.3332820486520676
fixed_A6,42,3,amplitude_noise,5,0.3571428571428572,0.35614385614385613
fixed_A7,42,3,amplitude_noise,5,0.4365079365079365,0.43296667343577244
fixed_A8,42,3,amplitude_noise,5,0.32539682539682535,0.32641206278581136
fixed_A9,42,3,amplitude_noise,5,0.3412698412698412,0.34120571923548537
oracle,42,3,amplitude_noise,5,0.9761904761904763,0.9759808143757072
perturbation_label,42,3,amplitude_noise,5,0.42857142857142855,0.4277746265834752
fixed_A0,42,3,channel_dropout,0.1,0.4444444444444444,0.4025537634408602
fixed_A1,42,3,channel_dropout,0.1,0.5,0.49240701802371634
fixed_A2,42,3,channel_dropout,0.1,0.3333333333333333,0.16666666666666666
fixed_A3,42,3,channel_dropout,0.1,0.36507936507936506,0.2886268730041759
fixed_A5,42,3,channel_dropout,0.1,0.3333333333333333,0.16666666666666666
fixed_A6,42,3,channel_dropout,0.1,0.3333333333333333,0.16666666666666666
fixed_A7,42,3,channel_dropout,0.1,0.5158730158730158,0.4911976911976912
fixed_A8,42,3,channel_dropout,0.1,0.3333333333333333,0.16666666666666666
fixed_A9,42,3,channel_dropout,0.1,0.3333333333333333,0.16666666666666666
oracle,42,3,channel_dropout,0.1,1.0,1.0
perturbation_label,42,3,channel_dropout,0.1,0.5,0.49240701802371634
fixed_A0,42,3,channel_dropout,0.2,0.3888888888888889,0.35454391268344754
fixed_A1,42,3,channel_dropout,0.2,0.4682539682539682,0.4616664400018133
fixed_A2,42,3,channel_dropout,0.2,0.3333333333333333,0.16666666666666666
fixed_A3,42,3,channel_dropout,0.2,0.3333333333333333,0.16666666666666666
fixed_A5,42,3,channel_dropout,0.2,0.3333333333333333,0.16666666666666666
fixed_A6,42,3,channel_dropout,0.2,0.3333333333333333,0.16666666666666666
fixed_A7,42,3,channel_dropout,0.2,0.4603174603174603,0.4484683989634484
fixed_A8,42,3,channel_dropout,0.2,0.3333333333333333,0.16666666666666666
fixed_A9,42,3,channel_dropout,0.2,0.3253968253968254,0.16367265469061876
oracle,42,3,channel_dropout,0.2,0.9285714285714285,0.9270929241261722
perturbation_label,42,3,channel_dropout,0.2,0.4682539682539682,0.4616664400018133
fixed_A0,42,3,channel_dropout,0.3,0.3333333333333333,0.2923076923076923
fixed_A1,42,3,channel_dropout,0.3,0.4682539682539682,0.45186949492857426
fixed_A2,42,3,channel_dropout,0.3,0.3333333333333333,0.16666666666666666
fixed_A3,42,3,channel_dropout,0.3,0.3333333333333333,0.16666666666666666
fixed_A5,42,3,channel_dropout,0.3,0.41269841269841273,0.3289412204466872
fixed_A6,42,3,channel_dropout,0.3,0.3253968253968254,0.16565656565656564
fixed_A7,42,3,channel_dropout,0.3,0.4761904761904762,0.4330533258190791
fixed_A8,42,3,channel_dropout,0.3,0.3333333333333333,0.16666666666666666
fixed_A9,42,3,channel_dropout,0.3,0.3333333333333333,0.16666666666666666
oracle,42,3,channel_dropout,0.3,0.9603174603174603,0.9596567627284386
perturbation_label,42,3,channel_dropout,0.3,0.4682539682539682,0.45186949492857426
fixed_A0,42,3,graph_perturbation,0.1,0.4603174603174603,0.46171257167820734
fixed_A1,42,3,graph_perturbation,0.1,0.4761904761904762,0.4703425229741019
fixed_A2,42,3,graph_perturbation,0.1,0.4285714285714286,0.42458226704802043
fixed_A3,42,3,graph_perturbation,0.1,0.31746031746031744,0.16359918200409
fixed_A5,42,3,graph_perturbation,0.1,0.38888888888888884,0.3221230592134917
fixed_A6,42,3,graph_perturbation,0.1,0.4523809523809524,0.4470629771834591
fixed_A7,42,3,graph_perturbation,0.1,0.4761904761904761,0.4750899079586322
fixed_A8,42,3,graph_perturbation,0.1,0.4603174603174603,0.4575881340869988
fixed_A9,42,3,graph_perturbation,0.1,0.4523809523809524,0.4488767635895881
oracle,42,3,graph_perturbation,0.1,0.9047619047619048,0.9029966017917825
perturbation_label,42,3,graph_perturbation,0.1,0.4603174603174603,0.46171257167820734
fixed_A0,42,3,graph_perturbation,0.2,0.4603174603174603,0.46171257167820734
fixed_A1,42,3,graph_perturbation,0.2,0.4761904761904762,0.4703425229741019
fixed_A2,42,3,graph_perturbation,0.2,0.4285714285714286,0.42458226704802043
fixed_A3,42,3,graph_perturbation,0.2,0.3253968253968254,0.16565656565656564
fixed_A5,42,3,graph_perturbation,0.2,0.4047619047619047,0.3345514950166113
fixed_A6,42,3,graph_perturbation,0.2,0.4523809523809524,0.4470629771834591
fixed_A7,42,3,graph_perturbation,0.2,0.4682539682539682,0.4658167036215817
fixed_A8,42,3,graph_perturbation,0.2,0.4444444444444444,0.44005350815386657
fixed_A9,42,3,graph_perturbation,0.2,0.4444444444444444,0.44005350815386657
oracle,42,3,graph_perturbation,0.2,0.9047619047619048,0.9029966017917825
perturbation_label,42,3,graph_perturbation,0.2,0.4603174603174603,0.46171257167820734
fixed_A0,42,3,graph_perturbation,0.3,0.4603174603174603,0.46171257167820734
fixed_A1,42,3,graph_perturbation,0.3,0.4761904761904762,0.4703425229741019
fixed_A2,42,3,graph_perturbation,0.3,0.4285714285714286,0.42458226704802043
fixed_A3,42,3,graph_perturbation,0.3,0.3333333333333333,0.16666666666666666
fixed_A5,42,3,graph_perturbation,0.3,0.43650793650793646,0.3595405732166987
fixed_A6,42,3,graph_perturbation,0.3,0.4523809523809524,0.4470629771834591
fixed_A7,42,3,graph_perturbation,0.3,0.4761904761904762,0.47176458643563013
fixed_A8,42,3,graph_perturbation,0.3,0.4523809523809524,0.44788235560999956
fixed_A9,42,3,graph_perturbation,0.3,0.4523809523809524,0.44788235560999956
oracle,42,3,graph_perturbation,0.3,0.9047619047619048,0.9029966017917825
perturbation_label,42,3,graph_perturbation,0.3,0.4603174603174603,0.46171257167820734
fixed_A0,42,4,clean,clean,0.5158730158730159,0.5133894866388965
fixed_A1,42,4,clean,clean,0.5158730158730158,0.5125322381021524
fixed_A2,42,4,clean,clean,0.4444444444444444,0.4419644373781229
fixed_A3,42,4,clean,clean,0.3650793650793651,0.3645183809307923
fixed_A5,42,4,clean,clean,0.4365079365079365,0.435299752084742
fixed_A6,42,4,clean,clean,0.5,0.4973076019587648
fixed_A7,42,4,clean,clean,0.4920634920634921,0.4881705634835423
fixed_A8,42,4,clean,clean,0.5396825396825397,0.5366717869943677
fixed_A9,42,4,clean,clean,0.5238095238095238,0.5215425441431634
oracle,42,4,clean,clean,0.9285714285714285,0.9282268037057309
perturbation_label,42,4,clean,clean,0.5158730158730159,0.5133894866388965
fixed_A0,42,4,amplitude_noise,20,0.5396825396825397,0.5349840791017261
fixed_A1,42,4,amplitude_noise,20,0.5,0.49604089058303735
fixed_A2,42,4,amplitude_noise,20,0.38095238095238093,0.382347874550337
fixed_A3,42,4,amplitude_noise,20,0.3253968253968254,0.3242910722864904
fixed_A5,42,4,amplitude_noise,20,0.3253968253968254,0.3249037783921505
fixed_A6,42,4,amplitude_noise,20,0.4285714285714286,0.42472394290331267
fixed_A7,42,4,amplitude_noise,20,0.4841269841269842,0.4808667653107755
fixed_A8,42,4,amplitude_noise,20,0.4047619047619047,0.40459512468478565
fixed_A9,42,4,amplitude_noise,20,0.3968253968253968,0.3946360153256705
oracle,42,4,amplitude_noise,20,0.9920634920634921,0.9920623671155209
perturbation_label,42,4,amplitude_noise,20,0.5396825396825397,0.5349840791017261
fixed_A0,42,4,amplitude_noise,10,0.4365079365079365,0.4369808924512178
fixed_A1,42,4,amplitude_noise,10,0.4761904761904762,0.4753788920043249
fixed_A2,42,4,amplitude_noise,10,0.3333333333333333,0.32416890976734614
fixed_A3,42,4,amplitude_noise,10,0.35714285714285715,0.35688974384934696
fixed_A5,42,4,amplitude_noise,10,0.29365079365079366,0.2924051274256473
fixed_A6,42,4,amplitude_noise,10,0.31746031746031744,0.3164728682170543
fixed_A7,42,4,amplitude_noise,10,0.4761904761904762,0.4712437687966053
fixed_A8,42,4,amplitude_noise,10,0.3412698412698412,0.3388199353389227
fixed_A9,42,4,amplitude_noise,10,0.35714285714285715,0.3556145932042778
oracle,42,4,amplitude_noise,10,0.9761904761904762,0.9761838049873913
perturbation_label,42,4,amplitude_noise,10,0.4761904761904762,0.4712437687966053
fixed_A0,42,4,amplitude_noise,5,0.3888888888888889,0.38962129784443206
fixed_A1,42,4,amplitude_noise,5,0.4523809523809524,0.4507187417087888
fixed_A2,42,4,amplitude_noise,5,0.30952380952380953,0.308592434964224
fixed_A3,42,4,amplitude_noise,5,0.30952380952380953,0.30761875340188594
fixed_A5,42,4,amplitude_noise,5,0.35714285714285715,0.3562104787714544
fixed_A6,42,4,amplitude_noise,5,0.30158730158730157,0.3003584229390681
fixed_A7,42,4,amplitude_noise,5,0.4365079365079365,0.43329850226401945
fixed_A8,42,4,amplitude_noise,5,0.38095238095238093,0.3804214055099952
fixed_A9,42,4,amplitude_noise,5,0.30952380952380953,0.3083557860132513
oracle,42,4,amplitude_noise,5,0.9682539682539683,0.9682505934100547
perturbation_label,42,4,amplitude_noise,5,0.4523809523809524,0.4507187417087888
fixed_A0,42,4,channel_dropout,0.1,0.4761904761904762,0.47536378410104874
fixed_A1,42,4,channel_dropout,0.1,0.4603174603174603,0.4585326953748006
fixed_A2,42,4,channel_dropout,0.1,0.3333333333333333,0.16666666666666666
fixed_A3,42,4,channel_dropout,0.1,0.3412698412698412,0.18316854662767487
fixed_A5,42,4,channel_dropout,0.1,0.34920634920634924,0.19932659932659932
fixed_A6,42,4,channel_dropout,0.1,0.34920634920634924,0.24471200297287252
fixed_A7,42,4,channel_dropout,0.1,0.5,0.4879925756710451
fixed_A8,42,4,channel_dropout,0.1,0.42063492063492064,0.32953027032583
fixed_A9,42,4,channel_dropout,0.1,0.3412698412698412,0.21580959427796276
oracle,42,4,channel_dropout,0.1,1.0,1.0
perturbation_label,42,4,channel_dropout,0.1,0.4603174603174603,0.4585326953748006
fixed_A0,42,4,channel_dropout,0.2,0.4047619047619048,0.32037037037037036
fixed_A1,42,4,channel_dropout,0.2,0.4523809523809524,0.4515822687865698
fixed_A2,42,4,channel_dropout,0.2,0.3333333333333333,0.16666666666666666
fixed_A3,42,4,channel_dropout,0.2,0.3333333333333333,0.16666666666666666
fixed_A5,42,4,channel_dropout,0.2,0.3333333333333333,0.16666666666666666
fixed_A6,42,4,channel_dropout,0.2,0.3333333333333333,0.16666666666666666
fixed_A7,42,4,channel_dropout,0.2,0.4047619047619048,0.4022468702566459
fixed_A8,42,4,channel_dropout,0.2,0.3333333333333333,0.16666666666666666
fixed_A9,42,4,channel_dropout,0.2,0.3333333333333333,0.16666666666666666
oracle,42,4,channel_dropout,0.2,0.9285714285714285,0.927741935483871
perturbation_label,42,4,channel_dropout,0.2,0.4523809523809524,0.4515822687865698
fixed_A0,42,4,channel_dropout,0.3,0.42063492063492064,0.3958542490993917
fixed_A1,42,4,channel_dropout,0.3,0.43650793650793646,0.43283937573512316
fixed_A2,42,4,channel_dropout,0.3,0.3333333333333333,0.16666666666666666
fixed_A3,42,4,channel_dropout,0.3,0.31746031746031744,0.19515669515669512
fixed_A5,42,4,channel_dropout,0.3,0.3333333333333333,0.16666666666666666
fixed_A6,42,4,channel_dropout,0.3,0.3333333333333333,0.16666666666666666
fixed_A7,42,4,channel_dropout,0.3,0.42857142857142855,0.42559139784946237
fixed_A8,42,4,channel_dropout,0.3,0.36507936507936506,0.2900725181295324
fixed_A9,42,4,channel_dropout,0.3,0.3333333333333333,0.16666666666666666
oracle,42,4,channel_dropout,0.3,0.8809523809523809,0.8788020399455473
perturbation_label,42,4,channel_dropout,0.3,0.43650793650793646,0.43283937573512316
fixed_A0,42,4,graph_perturbation,0.1,0.5158730158730159,0.5133894866388965
fixed_A1,42,4,graph_perturbation,0.1,0.5158730158730158,0.5125322381021524
fixed_A2,42,4,graph_perturbation,0.1,0.4444444444444444,0.4419644373781229
fixed_A3,42,4,graph_perturbation,0.1,0.3333333333333333,0.24368686868686865
fixed_A5,42,4,graph_perturbation,0.1,0.35714285714285715,0.2553094313770267
fixed_A6,42,4,graph_perturbation,0.1,0.5,0.4973076019587648
fixed_A7,42,4,graph_perturbation,0.1,0.5,0.4899728997289972
fixed_A8,42,4,graph_perturbation,0.1,0.5317460317460317,0.5285651739377601
fixed_A9,42,4,graph_perturbation,0.1,0.5238095238095238,0.5191812780270354
oracle,42,4,graph_perturbation,0.1,0.9523809523809524,0.9519867325526299
perturbation_label,42,4,graph_perturbation,0.1,0.5158730158730159,0.5133894866388965
fixed_A0,42,4,graph_perturbation,0.2,0.5158730158730159,0.5133894866388965
fixed_A1,42,4,graph_perturbation,0.2,0.5158730158730158,0.5125322381021524
fixed_A2,42,4,graph_perturbation,0.2,0.4444444444444444,0.4419644373781229
fixed_A3,42,4,graph_perturbation,0.2,0.3412698412698412,0.24297082228116715
fixed_A5,42,4,graph_perturbation,0.2,0.35714285714285715,0.2341358484321999
fixed_A6,42,4,graph_perturbation,0.2,0.5,0.4973076019587648
fixed_A7,42,4,graph_perturbation,0.2,0.4920634920634921,0.4831170837194934
fixed_A8,42,4,graph_perturbation,0.2,0.5238095238095238,0.5195455360962752
fixed_A9,42,4,graph_perturbation,0.2,0.5238095238095238,0.5207061164507972
oracle,42,4,graph_perturbation,0.2,0.9523809523809524,0.9519867325526299
perturbation_label,42,4,graph_perturbation,0.2,0.5158730158730159,0.5133894866388965
fixed_A0,42,4,graph_perturbation,0.3,0.5158730158730159,0.5133894866388965
fixed_A1,42,4,graph_perturbation,0.3,0.5158730158730158,0.5125322381021524
fixed_A2,42,4,graph_perturbation,0.3,0.4444444444444444,0.4419644373781229
fixed_A3,42,4,graph_perturbation,0.3,0.3333333333333333,0.22666666666666666
fixed_A5,42,4,graph_perturbation,0.3,0.3412698412698412,0.20748299319727892
fixed_A6,42,4,graph_perturbation,0.3,0.5,0.4973076019587648
fixed_A7,42,4,graph_perturbation,0.3,0.507936507936508,0.49710278933579904
fixed_A8,42,4,graph_perturbation,0.3,0.5238095238095238,0.5201087235242833
fixed_A9,42,4,graph_perturbation,0.3,0.5238095238095238,0.5201087235242833
oracle,42,4,graph_perturbation,0.3,0.9603174603174603,0.9596567627284386
perturbation_label,42,4,graph_perturbation,0.3,0.5158730158730159,0.5133894866388965
fixed_A0,43,0,clean,clean,0.44961240310077516,0.4512538599884624
fixed_A1,43,0,clean,clean,0.441860465116279,0.44315455557656347
fixed_A2,43,0,clean,clean,0.44961240310077516,0.4503565062388592
fixed_A3,43,0,clean,clean,0.3798449612403101,0.3781691986305222
fixed_A5,43,0,clean,clean,0.42635658914728686,0.4256922426548298
fixed_A6,43,0,clean,clean,0.441860465116279,0.44365971107544144
fixed_A7,43,0,clean,clean,0.441860465116279,0.4436387288997996
fixed_A8,43,0,clean,clean,0.434108527131783,0.43582743511964955
fixed_A9,43,0,clean,clean,0.434108527131783,0.43582743511964955
oracle,43,0,clean,clean,0.9302325581395349,0.9301361175317494
perturbation_label,43,0,clean,clean,0.44961240310077516,0.4512538599884624
fixed_A0,43,0,amplitude_noise,20,0.4186046511627907,0.4114760384487788
fixed_A1,43,0,amplitude_noise,20,0.44186046511627913,0.4450151296715832
fixed_A2,43,0,amplitude_noise,20,0.35658914728682173,0.35504718570947086
fixed_A3,43,0,amplitude_noise,20,0.3488372093023256,0.34378120365489945
fixed_A5,43,0,amplitude_noise,20,0.31007751937984496,0.3071467695307461
fixed_A6,43,0,amplitude_noise,20,0.34108527131782945,0.34136593220034966
fixed_A7,43,0,amplitude_noise,20,0.441860465116279,0.4443027010000788
fixed_A8,43,0,amplitude_noise,20,0.3100775193798449,0.3106965954574408
fixed_A9,43,0,amplitude_noise,20,0.38759689922480617,0.38551137677230063
oracle,43,0,amplitude_noise,20,0.9224806201550387,0.922296576043346
perturbation_label,43,0,amplitude_noise,20,0.4186046511627907,0.4114760384487788
fixed_A0,43,0,amplitude_noise,10,0.4186046511627907,0.41924778177590843
fixed_A1,43,0,amplitude_noise,10,0.434108527131783,0.43725956457408577
fixed_A2,43,0,amplitude_noise,10,0.29457364341085274,0.2947598551615768
fixed_A3,43,0,amplitude_noise,10,0.42635658914728686,0.4241041071671427
fixed_A5,43,0,amplitude_noise,10,0.29457364341085274,0.2925793515681156
fixed_A6,43,0,amplitude_noise,10,0.37209302325581395,0.3711365839533684
fixed_A7,43,0,amplitude_noise,10,0.4573643410852713,0.46017232838938266
fixed_A8,43,0,amplitude_noise,10,0.37209302325581395,0.36949026126241313
fixed_A9,43,0,amplitude_noise,10,0.3953488372093023,0.39556194487530316
oracle,43,0,amplitude_noise,10,0.9689922480620154,0.9687992885667304
perturbation_label,43,0,amplitude_noise,10,0.4573643410852713,0.46017232838938266
fixed_A0,43,0,amplitude_noise,5,0.3798449612403101,0.37637521898391463
fixed_A1,43,0,amplitude_noise,5,0.4728682170542636,0.47002626270315534
fixed_A2,43,0,amplitude_noise,5,0.36434108527131787,0.3632412000944956
fixed_A3,43,0,amplitude_noise,5,0.310077519379845,0.30998575790541355
fixed_A5,43,0,amplitude_noise,5,0.35658914728682173,0.35555555555555557
fixed_A6,43,0,amplitude_noise,5,0.3333333333333333,0.3308504875406284
fixed_A7,43,0,amplitude_noise,5,0.4108527131782946,0.40763052208835343
fixed_A8,43,0,amplitude_noise,5,0.34108527131782945,0.33893767765474525
fixed_A9,43,0,amplitude_noise,5,0.29457364341085274,0.2937444678592466
oracle,43,0,amplitude_noise,5,0.9922480620155039,0.9922470137480279
perturbation_label,43,0,amplitude_noise,5,0.4728682170542636,0.47002626270315534
fixed_A0,43,0,channel_dropout,0.1,0.38759689922480617,0.3406816705062319
fixed_A1,43,0,channel_dropout,0.1,0.4573643410852713,0.45908641096919683
fixed_A2,43,0,channel_dropout,0.1,0.3333333333333333,0.16666666666666666
fixed_A3,43,0,channel_dropout,0.1,0.3333333333333333,0.17952069716775598
fixed_A5,43,0,channel_dropout,0.1,0.3333333333333333,0.16666666666666666
fixed_A6,43,0,channel_dropout,0.1,0.3333333333333333,0.16764132553606237
fixed_A7,43,0,channel_dropout,0.1,0.4108527131782946,0.4036700947771728
fixed_A8,43,0,channel_dropout,0.1,0.3333333333333333,0.16666666666666666
fixed_A9,43,0,channel_dropout,0.1,0.3333333333333333,0.16666666666666666
oracle,43,0,channel_dropout,0.1,1.0,1.0
perturbation_label,43,0,channel_dropout,0.1,0.4108527131782946,0.4036700947771728
fixed_A0,43,0,channel_dropout,0.2,0.3643410852713178,0.25279010975459365
fixed_A1,43,0,channel_dropout,0.2,0.44961240310077516,0.44889447901496093
fixed_A2,43,0,channel_dropout,0.2,0.3333333333333333,0.16666666666666666
fixed_A3,43,0,channel_dropout,0.2,0.3333333333333333,0.16666666666666666
fixed_A5,43,0,channel_dropout,0.2,0.3333333333333333,0.16666666666666666
fixed_A6,43,0,channel_dropout,0.2,0.3333333333333333,0.16666666666666666
fixed_A7,43,0,channel_dropout,0.2,0.40310077519379844,0.36118483889720226
fixed_A8,43,0,channel_dropout,0.2,0.3333333333333333,0.16666666666666666
fixed_A9,43,0,channel_dropout,0.2,0.3333333333333333,0.16666666666666666
oracle,43,0,channel_dropout,0.2,1.0,1.0
perturbation_label,43,0,channel_dropout,0.2,0.44961240310077516,0.44889447901496093
fixed_A0,43,0,channel_dropout,0.3,0.40310077519379844,0.3352429910400925
fixed_A1,43,0,channel_dropout,0.3,0.36434108527131787,0.36103354966404066
fixed_A2,43,0,channel_dropout,0.3,0.3333333333333333,0.16666666666666666
fixed_A3,43,0,channel_dropout,0.3,0.3333333333333333,0.16666666666666666
fixed_A5,43,0,channel_dropout,0.3,0.3333333333333333,0.16666666666666666
fixed_A6,43,0,channel_dropout,0.3,0.3333333333333333,0.16666666666666666
fixed_A7,43,0,channel_dropout,0.3,0.434108527131783,0.3842224187051773
fixed_A8,43,0,channel_dropout,0.3,0.3333333333333333,0.16666666666666666
fixed_A9,43,0,channel_dropout,0.3,0.3333333333333333,0.16666666666666666
oracle,43,0,channel_dropout,0.3,0.9302325581395349,0.92946001367054
perturbation_label,43,0,channel_dropout,0.3,0.36434108527131787,0.36103354966404066
fixed_A0,43,0,graph_perturbation,0.1,0.44961240310077516,0.4512538599884624
fixed_A1,43,0,graph_perturbation,0.1,0.441860465116279,0.44315455557656347
fixed_A2,43,0,graph_perturbation,0.1,0.44961240310077516,0.4503565062388592
fixed_A3,43,0,graph_perturbation,0.1,0.3333333333333333,0.16666666666666666
fixed_A5,43,0,graph_perturbation,0.1,0.34108527131782945,0.23625516914107517
fixed_A6,43,0,graph_perturbation,0.1,0.441860465116279,0.44365971107544144
fixed_A7,43,0,graph_perturbation,0.1,0.42635658914728686,0.4241812352764051
fixed_A8,43,0,graph_perturbation,0.1,0.4108527131782946,0.40520540533407234
fixed_A9,43,0,graph_perturbation,0.1,0.4108527131782946,0.40520540533407234
oracle,43,0,graph_perturbation,0.1,0.9069767441860465,0.9066800429983659
perturbation_label,43,0,graph_perturbation,0.1,0.44961240310077516,0.4512538599884624
fixed_A0,43,0,graph_perturbation,0.2,0.44961240310077516,0.4512538599884624
fixed_A1,43,0,graph_perturbation,0.2,0.441860465116279,0.44315455557656347
fixed_A2,43,0,graph_perturbation,0.2,0.44961240310077516,0.4503565062388592
fixed_A3,43,0,graph_perturbation,0.2,0.3333333333333333,0.16666666666666666
fixed_A5,43,0,graph_perturbation,0.2,0.34108527131782945,0.23015873015873015
fixed_A6,43,0,graph_perturbation,0.2,0.441860465116279,0.44365971107544144
fixed_A7,43,0,graph_perturbation,0.2,0.42635658914728686,0.429171233362233
fixed_A8,43,0,graph_perturbation,0.2,0.42635658914728686,0.4236063015168512
fixed_A9,43,0,graph_perturbation,0.2,0.42635658914728686,0.4236063015168512
oracle,43,0,graph_perturbation,0.2,0.9069767441860465,0.9066800429983659
perturbation_label,43,0,graph_perturbation,0.2,0.44961240310077516,0.4512538599884624
fixed_A0,43,0,graph_perturbation,0.3,0.44961240310077516,0.4512538599884624
fixed_A1,43,0,graph_perturbation,0.3,0.441860465116279,0.44315455557656347
fixed_A2,43,0,graph_perturbation,0.3,0.44961240310077516,0.4503565062388592
fixed_A3,43,0,graph_perturbation,0.3,0.3333333333333333,0.16666666666666666
fixed_A5,43,0,graph_perturbation,0.3,0.3643410852713178,0.23581521341240208
fixed_A6,43,0,graph_perturbation,0.3,0.441860465116279,0.44365971107544144
fixed_A7,43,0,graph_perturbation,0.3,0.441860465116279,0.44630026696596264
fixed_A8,43,0,graph_perturbation,0.3,0.42635658914728686,0.4232507689817064
fixed_A9,43,0,graph_perturbation,0.3,0.42635658914728686,0.4236063015168512
oracle,43,0,graph_perturbation,0.3,0.9069767441860465,0.9066800429983659
perturbation_label,43,0,graph_perturbation,0.3,0.44961240310077516,0.4512538599884624
fixed_A0,43,1,clean,clean,0.5158730158730159,0.5151122275342354
fixed_A1,43,1,clean,clean,0.4761904761904762,0.4779627738054704
fixed_A2,43,1,clean,clean,0.35714285714285715,0.3471677559912854
fixed_A3,43,1,clean,clean,0.35714285714285715,0.3553743062136185
fixed_A5,43,1,clean,clean,0.3650793650793651,0.36274836274836275
fixed_A6,43,1,clean,clean,0.4761904761904762,0.4773136773136773
fixed_A7,43,1,clean,clean,0.4523809523809524,0.4534617116731939
fixed_A8,43,1,clean,clean,0.49206349206349204,0.49259035465932016
fixed_A9,43,1,clean,clean,0.49206349206349204,0.49259035465932016
oracle,43,1,clean,clean,0.9206349206349206,0.9207226665766708
perturbation_label,43,1,clean,clean,0.5158730158730159,0.5151122275342354
fixed_A0,43,1,amplitude_noise,20,0.4761904761904762,0.4746643978067688
fixed_A1,43,1,amplitude_noise,20,0.4682539682539682,0.4707966393359652
fixed_A2,43,1,amplitude_noise,20,0.3412698412698412,0.3386101367495298
fixed_A3,43,1,amplitude_noise,20,0.30158730158730157,0.29941902760718553
fixed_A5,43,1,amplitude_noise,20,0.31746031746031744,0.3156866452385454
fixed_A6,43,1,amplitude_noise,20,0.36507936507936506,0.36270664735781016
fixed_A7,43,1,amplitude_noise,20,0.4523809523809524,0.4542682996401342
fixed_A8,43,1,amplitude_noise,20,0.35714285714285715,0.35446810908271353
fixed_A9,43,1,amplitude_noise,20,0.35714285714285715,0.3522528657360118
oracle,43,1,amplitude_noise,20,0.9603174603174603,0.9602453102453102
perturbation_label,43,1,amplitude_noise,20,0.4761904761904762,0.4746643978067688
fixed_A0,43,1,amplitude_noise,10,0.4682539682539683,0.4625850340136055
fixed_A1,43,1,amplitude_noise,10,0.4761904761904761,0.4742070657563615
fixed_A2,43,1,amplitude_noise,10,0.4682539682539683,0.46522649970925833
fixed_A3,43,1,amplitude_noise,10,0.38095238095238093,0.37198121027908265
fixed_A5,43,1,amplitude_noise,10,0.373015873015873,0.3713434331991033
fixed_A6,43,1,amplitude_noise,10,0.35714285714285715,0.3603575989782886
fixed_A7,43,1,amplitude_noise,10,0.4444444444444444,0.4444444444444444
fixed_A8,43,1,amplitude_noise,10,0.3333333333333333,0.3316128316128316
fixed_A9,43,1,amplitude_noise,10,0.30952380952380953,0.3054853385822653
oracle,43,1,amplitude_noise,10,0.9761904761904762,0.976282721924111
perturbation_label,43,1,amplitude_noise,10,0.4444444444444444,0.4444444444444444
fixed_A0,43,1,amplitude_noise,5,0.35714285714285715,0.3569801089881411
fixed_A1,43,1,amplitude_noise,5,0.4365079365079365,0.43676017942358425
fixed_A2,43,1,amplitude_noise,5,0.2619047619047619,0.2608956109537042
fixed_A3,43,1,amplitude_noise,5,0.29365079365079366,0.28995930427531696
fixed_A5,43,1,amplitude_noise,5,0.373015873015873,0.36830696110821304
fixed_A6,43,1,amplitude_noise,5,0.25396825396825395,0.2522140910131532
fixed_A7,43,1,amplitude_noise,5,0.4523809523809524,0.4515454585372609
fixed_A8,43,1,amplitude_noise,5,0.3412698412698412,0.33703609052446265
fixed_A9,43,1,amplitude_noise,5,0.35714285714285715,0.3566971882343408
oracle,43,1,amplitude_noise,5,0.9523809523809522,0.9524709482186449
perturbation_label,43,1,amplitude_noise,5,0.4365079365079365,0.43676017942358425
fixed_A0,43,1,channel_dropout,0.1,0.4603174603174603,0.45863338788870706
fixed_A1,43,1,channel_dropout,0.1,0.5079365079365079,0.5090682101918057
fixed_A2,43,1,channel_dropout,0.1,0.3333333333333333,0.16666666666666666
fixed_A3,43,1,channel_dropout,0.1,0.3333333333333333,0.16666666666666666
fixed_A5,43,1,channel_dropout,0.1,0.3333333333333333,0.16666666666666666
fixed_A6,43,1,channel_dropout,0.1,0.3333333333333333,0.16666666666666666
fixed_A7,43,1,channel_dropout,0.1,0.4682539682539682,0.4584482441625299
fixed_A8,43,1,channel_dropout,0.1,0.3333333333333333,0.16666666666666666
fixed_A9,43,1,channel_dropout,0.1,0.3333333333333333,0.16666666666666666
oracle,43,1,channel_dropout,0.1,1.0,1.0
perturbation_label,43,1,channel_dropout,0.1,0.4682539682539682,0.4584482441625299
fixed_A0,43,1,channel_dropout,0.2,0.38095238095238093,0.31059960215970445
fixed_A1,43,1,channel_dropout,0.2,0.48412698412698413,0.48412698412698413
fixed_A2,43,1,channel_dropout,0.2,0.3333333333333333,0.16666666666666666
fixed_A3,43,1,channel_dropout,0.2,0.31746031746031744,0.27986465774638175
fixed_A5,43,1,channel_dropout,0.2,0.31746031746031744,0.1606425702811245
fixed_A6,43,1,channel_dropout,0.2,0.3333333333333333,0.16666666666666666
fixed_A7,43,1,channel_dropout,0.2,0.373015873015873,0.3624722182815529
fixed_A8,43,1,channel_dropout,0.2,0.3333333333333333,0.16666666666666666
fixed_A9,43,1,channel_dropout,0.2,0.3333333333333333,0.16666666666666666
oracle,43,1,channel_dropout,0.2,0.8809523809523809,0.8743753123438281
perturbation_label,43,1,channel_dropout,0.2,0.48412698412698413,0.48412698412698413
fixed_A0,43,1,channel_dropout,0.3,0.41269841269841273,0.3760672345599661
fixed_A1,43,1,channel_dropout,0.3,0.5079365079365079,0.5019300976884349
fixed_A2,43,1,channel_dropout,0.3,0.3333333333333333,0.16666666666666666
fixed_A3,43,1,channel_dropout,0.3,0.3333333333333333,0.16666666666666666
fixed_A5,43,1,channel_dropout,0.3,0.3333333333333333,0.16666666666666666
fixed_A6,43,1,channel_dropout,0.3,0.3333333333333333,0.16666666666666666
fixed_A7,43,1,channel_dropout,0.3,0.42857142857142855,0.41882352941176465
fixed_A8,43,1,channel_dropout,0.3,0.3412698412698412,0.18316854662767487
fixed_A9,43,1,channel_dropout,0.3,0.3333333333333333,0.16666666666666666
oracle,43,1,channel_dropout,0.3,1.0,1.0
perturbation_label,43,1,channel_dropout,0.3,0.5079365079365079,0.5019300976884349
fixed_A0,43,1,graph_perturbation,0.1,0.5158730158730159,0.5151122275342354
fixed_A1,43,1,graph_perturbation,0.1,0.4761904761904762,0.4779627738054704
fixed_A2,43,1,graph_perturbation,0.1,0.35714285714285715,0.3471677559912854
fixed_A3,43,1,graph_perturbation,0.1,0.3253968253968254,0.16565656565656564
fixed_A5,43,1,graph_perturbation,0.1,0.38095238095238093,0.2740363314133806
fixed_A6,43,1,graph_perturbation,0.1,0.4761904761904762,0.4773136773136773
fixed_A7,43,1,graph_perturbation,0.1,0.4761904761904762,0.4778947639065654
fixed_A8,43,1,graph_perturbation,0.1,0.4761904761904762,0.4781325863678805
fixed_A9,43,1,graph_perturbation,0.1,0.4841269841269842,0.4854030501089324
oracle,43,1,graph_perturbation,0.1,0.8809523809523809,0.8788562471798039
perturbation_label,43,1,graph_perturbation,0.1,0.5158730158730159,0.5151122275342354
fixed_A0,43,1,graph_perturbation,0.2,0.5158730158730159,0.5151122275342354
fixed_A1,43,1,graph_perturbation,0.2,0.4761904761904762,0.4779627738054704
fixed_A2,43,1,graph_perturbation,0.2,0.35714285714285715,0.3471677559912854
fixed_A3,43,1,graph_perturbation,0.2,0.3253968253968254,0.16367265469061876
fixed_A5,43,1,graph_perturbation,0.2,0.36507936507936506,0.24458874458874458
fixed_A6,43,1,graph_perturbation,0.2,0.4761904761904762,0.4773136773136773
fixed_A7,43,1,graph_perturbation,0.2,0.4682539682539682,0.4690050807929369
fixed_A8,43,1,graph_perturbation,0.2,0.5,0.5018583006968197
fixed_A9,43,1,graph_perturbation,0.2,0.48412698412698413,0.4849657805157998
oracle,43,1,graph_perturbation,0.2,0.8809523809523809,0.8788562471798039
perturbation_label,43,1,graph_perturbation,0.2,0.5158730158730159,0.5151122275342354
fixed_A0,43,1,graph_perturbation,0.3,0.5158730158730159,0.5151122275342354
fixed_A1,43,1,graph_perturbation,0.3,0.4761904761904762,0.4779627738054704
fixed_A2,43,1,graph_perturbation,0.3,0.35714285714285715,0.3471677559912854
fixed_A3,43,1,graph_perturbation,0.3,0.3253968253968254,0.16367265469061876
fixed_A5,43,1,graph_perturbation,0.3,0.35714285714285715,0.2242778318727686
fixed_A6,43,1,graph_perturbation,0.3,0.4761904761904762,0.4773136773136773
fixed_A7,43,1,graph_perturbation,0.3,0.4761904761904761,0.4779911577783918
fixed_A8,43,1,graph_perturbation,0.3,0.49206349206349204,0.49420144195246424
fixed_A9,43,1,graph_perturbation,0.3,0.5,0.5018583006968197
oracle,43,1,graph_perturbation,0.3,0.8809523809523809,0.8788562471798039
perturbation_label,43,1,graph_perturbation,0.3,0.5158730158730159,0.5151122275342354
fixed_A0,43,2,clean,clean,0.5873015873015873,0.583911032618441
fixed_A1,43,2,clean,clean,0.4603174603174603,0.453934953934954
fixed_A2,43,2,clean,clean,0.48412698412698413,0.46724612232952883
fixed_A3,43,2,clean,clean,0.3412698412698412,0.3406578051825709
fixed_A5,43,2,clean,clean,0.4523809523809524,0.43355919442875973
fixed_A6,43,2,clean,clean,0.4761904761904761,0.46501242727992786
fixed_A7,43,2,clean,clean,0.4603174603174603,0.44977294367538273
fixed_A8,43,2,clean,clean,0.4761904761904762,0.4629724997425069
fixed_A9,43,2,clean,clean,0.4761904761904762,0.4599867724867725
oracle,43,2,clean,clean,0.9206349206349206,0.9197691197691197
perturbation_label,43,2,clean,clean,0.4761904761904762,0.4629724997425069
fixed_A0,43,2,amplitude_noise,20,0.5396825396825397,0.5371212121212121
fixed_A1,43,2,amplitude_noise,20,0.4603174603174603,0.4512981183363903
fixed_A2,43,2,amplitude_noise,20,0.30952380952380953,0.3073516163403804
fixed_A3,43,2,amplitude_noise,20,0.3650793650793651,0.36269197860721114
fixed_A5,43,2,amplitude_noise,20,0.30952380952380953,0.297687731855429
fixed_A6,43,2,amplitude_noise,20,0.31746031746031744,0.31196559431853554
fixed_A7,43,2,amplitude_noise,20,0.4603174603174603,0.45250776135980847
fixed_A8,43,2,amplitude_noise,20,0.38888888888888884,0.3913748081701154
fixed_A9,43,2,amplitude_noise,20,0.4682539682539682,0.4559872914275112
oracle,43,2,amplitude_noise,20,0.9365079365079364,0.9360547667342799
perturbation_label,43,2,amplitude_noise,20,0.5396825396825397,0.5371212121212121
fixed_A0,43,2,amplitude_noise,10,0.4761904761904762,0.4749574183257854
fixed_A1,43,2,amplitude_noise,10,0.4841269841269842,0.4750455684666211
fixed_A2,43,2,amplitude_noise,10,0.3174603174603175,0.31679997652121106
fixed_A3,43,2,amplitude_noise,10,0.38888888888888884,0.3878047017581901
fixed_A5,43,2,amplitude_noise,10,0.3412698412698412,0.3399636761705727
fixed_A6,43,2,amplitude_noise,10,0.3333333333333333,0.3326408305514604
fixed_A7,43,2,amplitude_noise,10,0.49206349206349204,0.4855013915073166
fixed_A8,43,2,amplitude_noise,10,0.3888888888888889,0.38804399808703977
fixed_A9,43,2,amplitude_noise,10,0.34920634920634924,0.34895382395382396
oracle,43,2,amplitude_noise,10,0.9841269841269842,0.984026781444285
perturbation_label,43,2,amplitude_noise,10,0.49206349206349204,0.4855013915073166
fixed_A0,43,2,amplitude_noise,5,0.373015873015873,0.37282275168088086
fixed_A1,43,2,amplitude_noise,5,0.49206349206349204,0.4846320523675562
fixed_A2,43,2,amplitude_noise,5,0.3888888888888889,0.3881010903132287
fixed_A3,43,2,amplitude_noise,5,0.41269841269841273,0.41323278570787325
fixed_A5,43,2,amplitude_noise,5,0.34920634920634924,0.341991341991342
fixed_A6,43,2,amplitude_noise,5,0.3333333333333333,0.33212184672892986
fixed_A7,43,2,amplitude_noise,5,0.4444444444444445,0.4372435470370181
fixed_A8,43,2,amplitude_noise,5,0.3650793650793651,0.3614690320572673
fixed_A9,43,2,amplitude_noise,5,0.3412698412698412,0.32580495385373437
oracle,43,2,amplitude_noise,5,0.9761904761904763,0.9761814727781829
perturbation_label,43,2,amplitude_noise,5,0.49206349206349204,0.4846320523675562
fixed_A0,43,2,channel_dropout,0.1,0.5317460317460317,0.5302359672766822
fixed_A1,43,2,channel_dropout,0.1,0.4682539682539682,0.46181544792655904
fixed_A2,43,2,channel_dropout,0.1,0.3333333333333333,0.16666666666666666
fixed_A3,43,2,channel_dropout,0.1,0.3174603174603175,0.2880599394229236
fixed_A5,43,2,channel_dropout,0.1,0.3333333333333333,0.16666666666666666
fixed_A6,43,2,channel_dropout,0.1,0.3333333333333333,0.16666666666666666
fixed_A7,43,2,channel_dropout,0.1,0.4365079365079365,0.42548446279096436
fixed_A8,43,2,channel_dropout,0.1,0.3333333333333333,0.16666666666666666
fixed_A9,43,2,channel_dropout,0.1,0.3253968253968254,0.17778357916721055
oracle,43,2,channel_dropout,0.1,1.0,1.0
perturbation_label,43,2,channel_dropout,0.1,0.4365079365079365,0.42548446279096436
fixed_A0,43,2,channel_dropout,0.2,0.35714285714285715,0.22870945479641128
fixed_A1,43,2,channel_dropout,0.2,0.4682539682539682,0.46554782927873734
fixed_A2,43,2,channel_dropout,0.2,0.3333333333333333,0.16666666666666666
fixed_A3,43,2,channel_dropout,0.2,0.3333333333333333,0.16666666666666666
fixed_A5,43,2,channel_dropout,0.2,0.3333333333333333,0.16666666666666666
fixed_A6,43,2,channel_dropout,0.2,0.3333333333333333,0.16666666666666666
fixed_A7,43,2,channel_dropout,0.2,0.4761904761904762,0.44935009130948544
fixed_A8,43,2,channel_dropout,0.2,0.3333333333333333,0.16666666666666666
fixed_A9,43,2,channel_dropout,0.2,0.3333333333333333,0.16666666666666666
oracle,43,2,channel_dropout,0.2,1.0,1.0
perturbation_label,43,2,channel_dropout,0.2,0.4682539682539682,0.46554782927873734
fixed_A0,43,2,channel_dropout,0.3,0.31746031746031744,0.22373393801965227
fixed_A1,43,2,channel_dropout,0.3,0.42857142857142855,0.41676711611956757
fixed_A2,43,2,channel_dropout,0.3,0.3333333333333333,0.16666666666666666
fixed_A3,43,2,channel_dropout,0.3,0.30952380952380953,0.24797077922077923
fixed_A5,43,2,channel_dropout,0.3,0.3333333333333333,0.16666666666666666
fixed_A6,43,2,channel_dropout,0.3,0.3333333333333333,0.16666666666666666
fixed_A7,43,2,channel_dropout,0.3,0.38888888888888884,0.37697841894475764
fixed_A8,43,2,channel_dropout,0.3,0.3333333333333333,0.16666666666666666
fixed_A9,43,2,channel_dropout,0.3,0.3333333333333333,0.16666666666666666
oracle,43,2,channel_dropout,0.3,1.0,1.0
perturbation_label,43,2,channel_dropout,0.3,0.42857142857142855,0.41676711611956757
fixed_A0,43,2,graph_perturbation,0.1,0.5873015873015873,0.583911032618441
fixed_A1,43,2,graph_perturbation,0.1,0.4603174603174603,0.453934953934954
fixed_A2,43,2,graph_perturbation,0.1,0.48412698412698413,0.46724612232952883
fixed_A3,43,2,graph_perturbation,0.1,0.34920634920634924,0.19897772909821101
fixed_A5,43,2,graph_perturbation,0.1,0.41269841269841273,0.32150537634408605
fixed_A6,43,2,graph_perturbation,0.1,0.4761904761904761,0.46501242727992786
fixed_A7,43,2,graph_perturbation,0.1,0.4682539682539682,0.46008192524321556
fixed_A8,43,2,graph_perturbation,0.1,0.5,0.4931832173211484
fixed_A9,43,2,graph_perturbation,0.1,0.507936507936508,0.49981326118838765
oracle,43,2,graph_perturbation,0.1,0.873015873015873,0.8707261658789909
perturbation_label,43,2,graph_perturbation,0.1,0.5873015873015873,0.583911032618441
fixed_A0,43,2,graph_perturbation,0.2,0.5873015873015873,0.583911032618441
fixed_A1,43,2,graph_perturbation,0.2,0.4603174603174603,0.453934953934954
fixed_A2,43,2,graph_perturbation,0.2,0.48412698412698413,0.46724612232952883
fixed_A3,43,2,graph_perturbation,0.2,0.3253968253968254,0.16367265469061876
fixed_A5,43,2,graph_perturbation,0.2,0.4365079365079365,0.33583959899749366
fixed_A6,43,2,graph_perturbation,0.2,0.4761904761904761,0.46501242727992786
fixed_A7,43,2,graph_perturbation,0.2,0.46031746031746024,0.4526247281616585
fixed_A8,43,2,graph_perturbation,0.2,0.4841269841269842,0.47577549044285555
fixed_A9,43,2,graph_perturbation,0.2,0.4920634920634921,0.484224741912971
oracle,43,2,graph_perturbation,0.2,0.8650793650793651,0.8624049451196852
perturbation_label,43,2,graph_perturbation,0.2,0.5873015873015873,0.583911032618441
fixed_A0,43,2,graph_perturbation,0.3,0.5873015873015873,0.583911032618441
fixed_A1,43,2,graph_perturbation,0.3,0.4603174603174603,0.453934953934954
fixed_A2,43,2,graph_perturbation,0.3,0.48412698412698413,0.46724612232952883
fixed_A3,43,2,graph_perturbation,0.3,0.3333333333333333,0.16666666666666666
fixed_A5,43,2,graph_perturbation,0.3,0.42857142857142855,0.334054834054834
fixed_A6,43,2,graph_perturbation,0.3,0.4761904761904761,0.46501242727992786
fixed_A7,43,2,graph_perturbation,0.3,0.45238095238095233,0.44450788989495243
fixed_A8,43,2,graph_perturbation,0.3,0.4920634920634921,0.48366320278200686
fixed_A9,43,2,graph_perturbation,0.3,0.4841269841269842,0.4743233301152923
oracle,43,2,graph_perturbation,0.3,0.8650793650793651,0.8624049451196852
perturbation_label,43,2,graph_perturbation,0.3,0.4920634920634921,0.48366320278200686
fixed_A0,43,3,clean,clean,0.4444444444444445,0.4444027170192634
fixed_A1,43,3,clean,clean,0.5,0.496804915514593
fixed_A2,43,3,clean,clean,0.4761904761904762,0.4779069767441861
fixed_A3,43,3,clean,clean,0.3174603174603175,0.31846892125961895
fixed_A5,43,3,clean,clean,0.4761904761904763,0.4741006579509528
fixed_A6,43,3,clean,clean,0.5476190476190476,0.5446794828403168
fixed_A7,43,3,clean,clean,0.4920634920634921,0.48779528005534195
fixed_A8,43,3,clean,clean,0.5476190476190476,0.5459302325581395
fixed_A9,43,3,clean,clean,0.5476190476190476,0.5459302325581395
oracle,43,3,clean,clean,0.873015873015873,0.8726104319974052
perturbation_label,43,3,clean,clean,0.4444444444444445,0.4444027170192634
fixed_A0,43,3,amplitude_noise,20,0.4523809523809524,0.45245661482983995
fixed_A1,43,3,amplitude_noise,20,0.5079365079365079,0.5024702260741775
fixed_A2,43,3,amplitude_noise,20,0.3412698412698412,0.3420464708184327
fixed_A3,43,3,amplitude_noise,20,0.30952380952380953,0.3093093398170912
fixed_A5,43,3,amplitude_noise,20,0.4365079365079365,0.4369536767526343
fixed_A6,43,3,amplitude_noise,20,0.4285714285714286,0.42751515765651654
fixed_A7,43,3,amplitude_noise,20,0.4841269841269842,0.4781528843421427
fixed_A8,43,3,amplitude_noise,20,0.42063492063492064,0.4177327978146144
fixed_A9,43,3,amplitude_noise,20,0.38095238095238093,0.3783382689005179
oracle,43,3,amplitude_noise,20,0.9841269841269842,0.9841269841269842
perturbation_label,43,3,amplitude_noise,20,0.4523809523809524,0.45245661482983995
fixed_A0,43,3,amplitude_noise,10,0.42857142857142855,0.4228836356997944
fixed_A1,43,3,amplitude_noise,10,0.4920634920634921,0.4871950602287682
fixed_A2,43,3,amplitude_noise,10,0.31746031746031744,0.31023075109148307
fixed_A3,43,3,amplitude_noise,10,0.36507936507936506,0.3633866488272619
fixed_A5,43,3,amplitude_noise,10,0.373015873015873,0.3733535009768702
fixed_A6,43,3,amplitude_noise,10,0.373015873015873,0.3727532054985714
fixed_A7,43,3,amplitude_noise,10,0.4920634920634921,0.49156175262849144
fixed_A8,43,3,amplitude_noise,10,0.34920634920634913,0.34985266784532393
fixed_A9,43,3,amplitude_noise,10,0.30952380952380953,0.3115688445921004
oracle,43,3,amplitude_noise,10,0.9920634920634921,0.9920623671155209
perturbation_label,43,3,amplitude_noise,10,0.4920634920634921,0.49156175262849144
fixed_A0,43,3,amplitude_noise,5,0.4523809523809524,0.45247206559120884
fixed_A1,43,3,amplitude_noise,5,0.4444444444444444,0.44349754831590976
fixed_A2,43,3,amplitude_noise,5,0.373015873015873,0.37230082578919793
fixed_A3,43,3,amplitude_noise,5,0.3412698412698412,0.3414131169709263
fixed_A5,43,3,amplitude_noise,5,0.3253968253968254,0.3259259259259259
fixed_A6,43,3,amplitude_noise,5,0.35714285714285715,0.3555907737389746
fixed_A7,43,3,amplitude_noise,5,0.48412698412698413,0.48018804642792096
fixed_A8,43,3,amplitude_noise,5,0.34920634920634913,0.3489288489288489
fixed_A9,43,3,amplitude_noise,5,0.27777777777777773,0.27074011353884136
oracle,43,3,amplitude_noise,5,1.0,1.0
perturbation_label,43,3,amplitude_noise,5,0.4444444444444444,0.44349754831590976
fixed_A0,43,3,channel_dropout,0.1,0.36507936507936506,0.3317235197424298
fixed_A1,43,3,channel_dropout,0.1,0.4761904761904762,0.4690590455833136
fixed_A2,43,3,channel_dropout,0.1,0.3333333333333333,0.16666666666666666
fixed_A3,43,3,channel_dropout,0.1,0.30952380952380953,0.20666666666666667
fixed_A5,43,3,channel_dropout,0.1,0.3333333333333333,0.16666666666666666
fixed_A6,43,3,channel_dropout,0.1,0.3333333333333333,0.16666666666666666
fixed_A7,43,3,channel_dropout,0.1,0.4841269841269842,0.4754933310287212
fixed_A8,43,3,channel_dropout,0.1,0.4603174603174603,0.3609914824385109
fixed_A9,43,3,channel_dropout,0.1,0.3333333333333333,0.16666666666666666
oracle,43,3,channel_dropout,0.1,1.0,1.0
perturbation_label,43,3,channel_dropout,0.1,0.4761904761904762,0.4690590455833136
fixed_A0,43,3,channel_dropout,0.2,0.3968253968253968,0.3502631470745446
fixed_A1,43,3,channel_dropout,0.2,0.4682539682539683,0.4649484618013336
fixed_A2,43,3,channel_dropout,0.2,0.3333333333333333,0.16666666666666666
fixed_A3,43,3,channel_dropout,0.2,0.34920634920634924,0.2006172839506173
fixed_A5,43,3,channel_dropout,0.2,0.3333333333333333,0.16666666666666666
fixed_A6,43,3,channel_dropout,0.2,0.4365079365079365,0.3516220935575774
fixed_A7,43,3,channel_dropout,0.2,0.4365079365079365,0.43090562047180825
fixed_A8,43,3,channel_dropout,0.2,0.3333333333333333,0.16666666666666666
fixed_A9,43,3,channel_dropout,0.2,0.3333333333333333,0.16666666666666666
oracle,43,3,channel_dropout,0.2,0.8571428571428571,0.8446444089367309
perturbation_label,43,3,channel_dropout,0.2,0.4682539682539683,0.4649484618013336
fixed_A0,43,3,channel_dropout,0.3,0.41269841269841273,0.324455658349687
fixed_A1,43,3,channel_dropout,0.3,0.48412698412698413,0.48436213991769544
fixed_A2,43,3,channel_dropout,0.3,0.3333333333333333,0.16666666666666666
fixed_A3,43,3,channel_dropout,0.3,0.3333333333333333,0.16666666666666666
fixed_A5,43,3,channel_dropout,0.3,0.3333333333333333,0.16666666666666666
fixed_A6,43,3,channel_dropout,0.3,0.3333333333333333,0.16666666666666666
fixed_A7,43,3,channel_dropout,0.3,0.4603174603174603,0.446524064171123
fixed_A8,43,3,channel_dropout,0.3,0.3333333333333333,0.16666666666666666
fixed_A9,43,3,channel_dropout,0.3,0.3253968253968254,0.16565656565656564
oracle,43,3,channel_dropout,0.3,1.0,1.0
perturbation_label,43,3,channel_dropout,0.3,0.48412698412698413,0.48436213991769544
fixed_A0,43,3,graph_perturbation,0.1,0.4444444444444445,0.4444027170192634
fixed_A1,43,3,graph_perturbation,0.1,0.5,0.496804915514593
fixed_A2,43,3,graph_perturbation,0.1,0.4761904761904762,0.4779069767441861
fixed_A3,43,3,graph_perturbation,0.1,0.3253968253968254,0.16367265469061876
fixed_A5,43,3,graph_perturbation,0.1,0.373015873015873,0.26192833828437306
fixed_A6,43,3,graph_perturbation,0.1,0.5476190476190476,0.5446794828403168
fixed_A7,43,3,graph_perturbation,0.1,0.4920634920634921,0.491358024691358
fixed_A8,43,3,graph_perturbation,0.1,0.5476190476190476,0.5459302325581395
fixed_A9,43,3,graph_perturbation,0.1,0.5555555555555556,0.5534651791751183
oracle,43,3,graph_perturbation,0.1,0.9365079365079364,0.9361071257771401
perturbation_label,43,3,graph_perturbation,0.1,0.4444444444444445,0.4444027170192634
fixed_A0,43,3,graph_perturbation,0.2,0.4444444444444445,0.4444027170192634
fixed_A1,43,3,graph_perturbation,0.2,0.5,0.496804915514593
fixed_A2,43,3,graph_perturbation,0.2,0.4761904761904762,0.4779069767441861
fixed_A3,43,3,graph_perturbation,0.2,0.34920634920634924,0.19897772909821101
fixed_A5,43,3,graph_perturbation,0.2,0.373015873015873,0.256891495601173
fixed_A6,43,3,graph_perturbation,0.2,0.5476190476190476,0.5446794828403168
fixed_A7,43,3,graph_perturbation,0.2,0.5,0.498972323972324
fixed_A8,43,3,graph_perturbation,0.2,0.5476190476190476,0.5459302325581395
fixed_A9,43,3,graph_perturbation,0.2,0.5396825396825397,0.5383198106828938
oracle,43,3,graph_perturbation,0.2,0.9444444444444443,0.9440160330569207
perturbation_label,43,3,graph_perturbation,0.2,0.4444444444444445,0.4444027170192634
fixed_A0,43,3,graph_perturbation,0.3,0.4444444444444445,0.4444027170192634
fixed_A1,43,3,graph_perturbation,0.3,0.5,0.496804915514593
fixed_A2,43,3,graph_perturbation,0.3,0.4761904761904762,0.4779069767441861
fixed_A3,43,3,graph_perturbation,0.3,0.3333333333333333,0.16666666666666666
fixed_A5,43,3,graph_perturbation,0.3,0.373015873015873,0.2564935064935065
fixed_A6,43,3,graph_perturbation,0.3,0.5476190476190476,0.5446794828403168
fixed_A7,43,3,graph_perturbation,0.3,0.5,0.498972323972324
fixed_A8,43,3,graph_perturbation,0.3,0.5476190476190476,0.5459302325581395
fixed_A9,43,3,graph_perturbation,0.3,0.5476190476190476,0.5459302325581395
oracle,43,3,graph_perturbation,0.3,0.9444444444444443,0.9440160330569207
perturbation_label,43,3,graph_perturbation,0.3,0.4444444444444445,0.4444027170192634
fixed_A0,43,4,clean,clean,0.4682539682539682,0.4666977413438447
fixed_A1,43,4,clean,clean,0.4920634920634921,0.4878454878454878
fixed_A2,43,4,clean,clean,0.4920634920634921,0.4923917706148395
fixed_A3,43,4,clean,clean,0.3333333333333333,0.33130883692681445
fixed_A5,43,4,clean,clean,0.4523809523809524,0.4525193209814046
fixed_A6,43,4,clean,clean,0.5,0.49650349650349646
fixed_A7,43,4,clean,clean,0.48412698412698413,0.4787586256941941
fixed_A8,43,4,clean,clean,0.5158730158730159,0.5110325464377392
fixed_A9,43,4,clean,clean,0.5158730158730159,0.5110325464377392
oracle,43,4,clean,clean,0.8968253968253969,0.8967030914355094
perturbation_label,43,4,clean,clean,0.4682539682539682,0.4666977413438447
fixed_A0,43,4,amplitude_noise,20,0.4761904761904762,0.46977333443498853
fixed_A1,43,4,amplitude_noise,20,0.4841269841269842,0.48063082145741903
fixed_A2,43,4,amplitude_noise,20,0.34920634920634924,0.34860244766374765
fixed_A3,43,4,amplitude_noise,20,0.4047619047619047,0.4043041606886657
fixed_A5,43,4,amplitude_noise,20,0.4365079365079365,0.43194983543298154
fixed_A6,43,4,amplitude_noise,20,0.3968253968253968,0.3918859649122807
fixed_A7,43,4,amplitude_noise,20,0.5,0.49528163588138635
fixed_A8,43,4,amplitude_noise,20,0.4920634920634921,0.488120888669656
fixed_A9,43,4,amplitude_noise,20,0.41269841269841273,0.4101174345076784
oracle,43,4,amplitude_noise,20,0.9682539682539683,0.9682505934100547
perturbation_label,43,4,amplitude_noise,20,0.4761904761904762,0.46977333443498853
fixed_A0,43,4,amplitude_noise,10,0.4682539682539682,0.45881929544662664
fixed_A1,43,4,amplitude_noise,10,0.4603174603174603,0.4573101317287364
fixed_A2,43,4,amplitude_noise,10,0.48412698412698413,0.48484848484848486
fixed_A3,43,4,amplitude_noise,10,0.29365079365079366,0.29347066167290886
fixed_A5,43,4,amplitude_noise,10,0.32539682539682535,0.32501847745750184
fixed_A6,43,4,amplitude_noise,10,0.3650793650793651,0.36190476190476195
fixed_A7,43,4,amplitude_noise,10,0.4444444444444444,0.4411924119241193
fixed_A8,43,4,amplitude_noise,10,0.3333333333333333,0.329908481611268
fixed_A9,43,4,amplitude_noise,10,0.41269841269841273,0.41241351241351243
oracle,43,4,amplitude_noise,10,0.9841269841269842,0.984125859179013
perturbation_label,43,4,amplitude_noise,10,0.4444444444444444,0.4411924119241193
fixed_A0,43,4,amplitude_noise,5,0.3650793650793651,0.35597735597735597
fixed_A1,43,4,amplitude_noise,5,0.4761904761904762,0.4718387509372381
fixed_A2,43,4,amplitude_noise,5,0.32539682539682535,0.32551850238070307
fixed_A3,43,4,amplitude_noise,5,0.373015873015873,0.3729316116690578
fixed_A5,43,4,amplitude_noise,5,0.3095238095238095,0.3078342192266243
fixed_A6,43,4,amplitude_noise,5,0.31746031746031744,0.3170836150552175
fixed_A7,43,4,amplitude_noise,5,0.4761904761904762,0.47391688770999113
fixed_A8,43,4,amplitude_noise,5,0.30952380952380953,0.30839068958212196
fixed_A9,43,4,amplitude_noise,5,0.30952380952380953,0.30781893004115224
oracle,43,4,amplitude_noise,5,0.9682539682539683,0.9678294573643411
perturbation_label,43,4,amplitude_noise,5,0.4761904761904762,0.4718387509372381
fixed_A0,43,4,channel_dropout,0.1,0.35714285714285715,0.35682813121837514
fixed_A1,43,4,channel_dropout,0.1,0.4761904761904762,0.4724336965716276
fixed_A2,43,4,channel_dropout,0.1,0.3333333333333333,0.16666666666666666
fixed_A3,43,4,channel_dropout,0.1,0.34920634920634924,0.2421832358674464
fixed_A5,43,4,channel_dropout,0.1,0.3333333333333333,0.16666666666666666
fixed_A6,43,4,channel_dropout,0.1,0.34920634920634924,0.19897772909821101
fixed_A7,43,4,channel_dropout,0.1,0.4761904761904761,0.4739177489177489
fixed_A8,43,4,channel_dropout,0.1,0.3333333333333333,0.16666666666666666
fixed_A9,43,4,channel_dropout,0.1,0.3333333333333333,0.16666666666666666
oracle,43,4,channel_dropout,0.1,0.9920634920634921,0.9920623671155209
perturbation_label,43,4,channel_dropout,0.1,0.4761904761904762,0.4724336965716276
fixed_A0,43,4,channel_dropout,0.2,0.42063492063492064,0.3180650684931507
fixed_A1,43,4,channel_dropout,0.2,0.4761904761904762,0.4736254478649655
fixed_A2,43,4,channel_dropout,0.2,0.3333333333333333,0.16666666666666666
fixed_A3,43,4,channel_dropout,0.2,0.3333333333333333,0.16666666666666666
fixed_A5,43,4,channel_dropout,0.2,0.3333333333333333,0.18047138047138045
fixed_A6,43,4,channel_dropout,0.2,0.34920634920634924,0.19971721456344996
fixed_A7,43,4,channel_dropout,0.2,0.4603174603174603,0.45021645021645024
fixed_A8,43,4,channel_dropout,0.2,0.3333333333333333,0.16666666666666666
fixed_A9,43,4,channel_dropout,0.2,0.3333333333333333,0.16666666666666666
oracle,43,4,channel_dropout,0.2,1.0,1.0
perturbation_label,43,4,channel_dropout,0.2,0.4761904761904762,0.4736254478649655
fixed_A0,43,4,channel_dropout,0.3,0.3333333333333333,0.2466528640441684
fixed_A1,43,4,channel_dropout,0.3,0.4682539682539683,0.45864966089685194
fixed_A2,43,4,channel_dropout,0.3,0.3333333333333333,0.16666666666666666
fixed_A3,43,4,channel_dropout,0.3,0.3333333333333333,0.16666666666666666
fixed_A5,43,4,channel_dropout,0.3,0.3333333333333333,0.16666666666666666
fixed_A6,43,4,channel_dropout,0.3,0.3333333333333333,0.16666666666666666
fixed_A7,43,4,channel_dropout,0.3,0.4682539682539682,0.4369939086489499
fixed_A8,43,4,channel_dropout,0.3,0.3333333333333333,0.16666666666666666
fixed_A9,43,4,channel_dropout,0.3,0.3333333333333333,0.16666666666666666
oracle,43,4,channel_dropout,0.3,0.9444444444444445,0.9435531788472966
perturbation_label,43,4,channel_dropout,0.3,0.4682539682539683,0.45864966089685194
fixed_A0,43,4,graph_perturbation,0.1,0.4682539682539682,0.4666977413438447
fixed_A1,43,4,graph_perturbation,0.1,0.4920634920634921,0.4878454878454878
fixed_A2,43,4,graph_perturbation,0.1,0.4920634920634921,0.4923917706148395
fixed_A3,43,4,graph_perturbation,0.1,0.35714285714285715,0.26944226237234875
fixed_A5,43,4,graph_perturbation,0.1,0.373015873015873,0.2561632840270611
fixed_A6,43,4,graph_perturbation,0.1,0.5,0.49650349650349646
fixed_A7,43,4,graph_perturbation,0.1,0.4761904761904762,0.47221378682052845
fixed_A8,43,4,graph_perturbation,0.1,0.4841269841269842,0.47823234501470724
fixed_A9,43,4,graph_perturbation,0.1,0.4920634920634921,0.4861940379181759
oracle,43,4,graph_perturbation,0.1,0.9285714285714285,0.9270334928229665
perturbation_label,43,4,graph_perturbation,0.1,0.4682539682539682,0.4666977413438447
fixed_A0,43,4,graph_perturbation,0.2,0.4682539682539682,0.4666977413438447
fixed_A1,43,4,graph_perturbation,0.2,0.4920634920634921,0.4878454878454878
fixed_A2,43,4,graph_perturbation,0.2,0.4920634920634921,0.4923917706148395
fixed_A3,43,4,graph_perturbation,0.2,0.34920634920634924,0.25322723253757734
fixed_A5,43,4,graph_perturbation,0.2,0.38888888888888884,0.2722164889347552
fixed_A6,43,4,graph_perturbation,0.2,0.5,0.49650349650349646
fixed_A7,43,4,graph_perturbation,0.2,0.4920634920634921,0.48807151979565777
fixed_A8,43,4,graph_perturbation,0.2,0.4920634920634921,0.48689400397840304
fixed_A9,43,4,graph_perturbation,0.2,0.4920634920634921,0.48810147540797694
oracle,43,4,graph_perturbation,0.2,0.9365079365079364,0.9346914360678915
perturbation_label,43,4,graph_perturbation,0.2,0.4682539682539682,0.4666977413438447
fixed_A0,43,4,graph_perturbation,0.3,0.4682539682539682,0.4666977413438447
fixed_A1,43,4,graph_perturbation,0.3,0.4920634920634921,0.4878454878454878
fixed_A2,43,4,graph_perturbation,0.3,0.4920634920634921,0.4923917706148395
fixed_A3,43,4,graph_perturbation,0.3,0.373015873015873,0.2616971810520197
fixed_A5,43,4,graph_perturbation,0.3,0.36507936507936506,0.24501424501424499
fixed_A6,43,4,graph_perturbation,0.3,0.5,0.49650349650349646
fixed_A7,43,4,graph_perturbation,0.3,0.5,0.4971360663055029
fixed_A8,43,4,graph_perturbation,0.3,0.5079365079365079,0.5047736734483722
fixed_A9,43,4,graph_perturbation,0.3,0.4920634920634921,0.4878454878454878
oracle,43,4,graph_perturbation,0.3,0.9365079365079364,0.9346914360678915
perturbation_label,43,4,graph_perturbation,0.3,0.4682539682539682,0.4666977413438447
fixed_A0,44,0,clean,clean,0.4728682170542635,0.4728682170542635
fixed_A1,44,0,clean,clean,0.4573643410852713,0.4514495760322577
fixed_A2,44,0,clean,clean,0.3333333333333333,0.3274346661595271
fixed_A3,44,0,clean,clean,0.36434108527131787,0.36381461675579324
fixed_A5,44,0,clean,clean,0.3953488372093023,0.387733423144053
fixed_A6,44,0,clean,clean,0.44961240310077516,0.44316900849408586
fixed_A7,44,0,clean,clean,0.4728682170542636,0.4652520861842282
fixed_A8,44,0,clean,clean,0.44186046511627913,0.43414224664224665
fixed_A9,44,0,clean,clean,0.46511627906976744,0.4568925050852761
oracle,44,0,clean,clean,0.8604651162790699,0.8610803494524425
perturbation_label,44,0,clean,clean,0.4728682170542635,0.4728682170542635
fixed_A0,44,0,amplitude_noise,20,0.434108527131783,0.43445249840598676
fixed_A1,44,0,amplitude_noise,20,0.44961240310077516,0.44457389016212545
fixed_A2,44,0,amplitude_noise,20,0.3488372093023256,0.3486772486772487
fixed_A3,44,0,amplitude_noise,20,0.31007751937984496,0.31001567159876514
fixed_A5,44,0,amplitude_noise,20,0.2558139534883721,0.2513977213779323
fixed_A6,44,0,amplitude_noise,20,0.3255813953488372,0.31818948384108137
fixed_A7,44,0,amplitude_noise,20,0.4573643410852713,0.44994331392555864
fixed_A8,44,0,amplitude_noise,20,0.3798449612403101,0.37463634199279783
fixed_A9,44,0,amplitude_noise,20,0.3875968992248062,0.3823049184141789
oracle,44,0,amplitude_noise,20,0.9302325581395348,0.9301062747196256
perturbation_label,44,0,amplitude_noise,20,0.434108527131783,0.43445249840598676
fixed_A0,44,0,amplitude_noise,10,0.3953488372093023,0.3885782556750299
fixed_A1,44,0,amplitude_noise,10,0.42635658914728686,0.4160007728508535
fixed_A2,44,0,amplitude_noise,10,0.3798449612403101,0.380410429723788
fixed_A3,44,0,amplitude_noise,10,0.31007751937984496,0.30556696784494575
fixed_A5,44,0,amplitude_noise,10,0.35658914728682173,0.3547171557507475
fixed_A6,44,0,amplitude_noise,10,0.31782945736434104,0.3127683801841105
fixed_A7,44,0,amplitude_noise,10,0.4573643410852713,0.4478416098669263
fixed_A8,44,0,amplitude_noise,10,0.3255813953488372,0.3195290077168287
fixed_A9,44,0,amplitude_noise,10,0.3488372093023256,0.3435690235690236
oracle,44,0,amplitude_noise,10,0.9534883720930232,0.9532739106897812
perturbation_label,44,0,amplitude_noise,10,0.4573643410852713,0.4478416098669263
fixed_A0,44,0,amplitude_noise,5,0.3643410852713178,0.36287878787878797
fixed_A1,44,0,amplitude_noise,5,0.4728682170542636,0.46960734748904615
fixed_A2,44,0,amplitude_noise,5,0.3333333333333333,0.3353956936229288
fixed_A3,44,0,amplitude_noise,5,0.24806201550387597,0.24864910503208373
fixed_A5,44,0,amplitude_noise,5,0.2558139534883721,0.25583491883789067
fixed_A6,44,0,amplitude_noise,5,0.3023255813953489,0.3010631869169468
fixed_A7,44,0,amplitude_noise,5,0.4573643410852713,0.44876261949432683
fixed_A8,44,0,amplitude_noise,5,0.3875968992248062,0.38553113553113555
fixed_A9,44,0,amplitude_noise,5,0.3798449612403101,0.379826677387653
oracle,44,0,amplitude_noise,5,0.9767441860465116,0.9767441860465116
perturbation_label,44,0,amplitude_noise,5,0.4728682170542636,0.46960734748904615
fixed_A0,44,0,channel_dropout,0.1,0.441860465116279,0.38570081497945713
fixed_A1,44,0,channel_dropout,0.1,0.4728682170542636,0.46306382732592327
fixed_A2,44,0,channel_dropout,0.1,0.3333333333333333,0.16666666666666666
fixed_A3,44,0,channel_dropout,0.1,0.3333333333333333,0.16666666666666666
fixed_A5,44,0,channel_dropout,0.1,0.3255813953488372,0.16374269005847952
fixed_A6,44,0,channel_dropout,0.1,0.3333333333333333,0.16666666666666666
fixed_A7,44,0,channel_dropout,0.1,0.4573643410852713,0.45183773914424075
fixed_A8,44,0,channel_dropout,0.1,0.3333333333333333,0.16666666666666666
fixed_A9,44,0,channel_dropout,0.1,0.3255813953488372,0.1909704203425013
oracle,44,0,channel_dropout,0.1,1.0,1.0
perturbation_label,44,0,channel_dropout,0.1,0.4728682170542636,0.46306382732592327
fixed_A0,44,0,channel_dropout,0.2,0.4728682170542635,0.4628866961399026
fixed_A1,44,0,channel_dropout,0.2,0.4883720930232558,0.4848476228404544
fixed_A2,44,0,channel_dropout,0.2,0.3333333333333333,0.16666666666666666
fixed_A3,44,0,channel_dropout,0.2,0.3333333333333333,0.16666666666666666
fixed_A5,44,0,channel_dropout,0.2,0.3178294573643411,0.21033750640603266
fixed_A6,44,0,channel_dropout,0.2,0.3953488372093023,0.3253802665230852
fixed_A7,44,0,channel_dropout,0.2,0.46511627906976744,0.45501015244786797
fixed_A8,44,0,channel_dropout,0.2,0.3333333333333333,0.16666666666666666
fixed_A9,44,0,channel_dropout,0.2,0.34108527131782945,0.1841180001715119
oracle,44,0,channel_dropout,0.2,1.0,1.0
perturbation_label,44,0,channel_dropout,0.2,0.4883720930232558,0.4848476228404544
fixed_A0,44,0,channel_dropout,0.3,0.3643410852713178,0.2559561458992199
fixed_A1,44,0,channel_dropout,0.3,0.44186046511627913,0.4370269776856777
fixed_A2,44,0,channel_dropout,0.3,0.3333333333333333,0.16666666666666666
fixed_A3,44,0,channel_dropout,0.3,0.3333333333333333,0.16666666666666666
fixed_A5,44,0,channel_dropout,0.3,0.3333333333333333,0.16666666666666666
fixed_A6,44,0,channel_dropout,0.3,0.3333333333333333,0.16666666666666666
fixed_A7,44,0,channel_dropout,0.3,0.4728682170542635,0.4535245173259082
fixed_A8,44,0,channel_dropout,0.3,0.3333333333333333,0.16666666666666666
fixed_A9,44,0,channel_dropout,0.3,0.3333333333333333,0.16666666666666666
oracle,44,0,channel_dropout,0.3,1.0,1.0
perturbation_label,44,0,channel_dropout,0.3,0.44186046511627913,0.4370269776856777
fixed_A0,44,0,graph_perturbation,0.1,0.4728682170542635,0.4728682170542635
fixed_A1,44,0,graph_perturbation,0.1,0.4573643410852713,0.4514495760322577
fixed_A2,44,0,graph_perturbation,0.1,0.3333333333333333,0.3274346661595271
fixed_A3,44,0,graph_perturbation,0.1,0.3023255813953489,0.18774445893089964
fixed_A5,44,0,graph_perturbation,0.1,0.3565891472868217,0.3274170274170274
fixed_A6,44,0,graph_perturbation,0.1,0.44961240310077516,0.44316900849408586
fixed_A7,44,0,graph_perturbation,0.1,0.46511627906976744,0.4586122619074196
fixed_A8,44,0,graph_perturbation,0.1,0.4806201550387597,0.47382514392823677
fixed_A9,44,0,graph_perturbation,0.1,0.4806201550387597,0.47382514392823677
oracle,44,0,graph_perturbation,0.1,0.8682170542635658,0.8636409865242817
perturbation_label,44,0,graph_perturbation,0.1,0.4728682170542635,0.4728682170542635
fixed_A0,44,0,graph_perturbation,0.2,0.4728682170542635,0.4728682170542635
fixed_A1,44,0,graph_perturbation,0.2,0.4573643410852713,0.4514495760322577
fixed_A2,44,0,graph_perturbation,0.2,0.3333333333333333,0.3274346661595271
fixed_A3,44,0,graph_perturbation,0.2,0.34108527131782945,0.18481931779804117
fixed_A5,44,0,graph_perturbation,0.2,0.39534883720930236,0.3445998445998446
fixed_A6,44,0,graph_perturbation,0.2,0.44961240310077516,0.44316900849408586
fixed_A7,44,0,graph_perturbation,0.2,0.46511627906976744,0.4586122619074196
fixed_A8,44,0,graph_perturbation,0.2,0.4806201550387597,0.474053724053724
fixed_A9,44,0,graph_perturbation,0.2,0.46511627906976744,0.4593532022828155
oracle,44,0,graph_perturbation,0.2,0.8604651162790699,0.8560458170919626
perturbation_label,44,0,graph_perturbation,0.2,0.4728682170542635,0.4728682170542635
fixed_A0,44,0,graph_perturbation,0.3,0.4728682170542635,0.4728682170542635
fixed_A1,44,0,graph_perturbation,0.3,0.4573643410852713,0.4514495760322577
fixed_A2,44,0,graph_perturbation,0.3,0.3333333333333333,0.3274346661595271
fixed_A3,44,0,graph_perturbation,0.3,0.3255813953488372,0.16470588235294117
fixed_A5,44,0,graph_perturbation,0.3,0.34108527131782945,0.2797619047619047
fixed_A6,44,0,graph_perturbation,0.3,0.44961240310077516,0.44316900849408586
fixed_A7,44,0,graph_perturbation,0.3,0.46511627906976744,0.4588180391158627
fixed_A8,44,0,graph_perturbation,0.3,0.4728682170542636,0.4660493827160494
fixed_A9,44,0,graph_perturbation,0.3,0.44961240310077516,0.4429877404354259
oracle,44,0,graph_perturbation,0.3,0.8604651162790699,0.8560458170919626
perturbation_label,44,0,graph_perturbation,0.3,0.4728682170542635,0.4728682170542635
fixed_A0,44,1,clean,clean,0.5158730158730159,0.5101634320735444
fixed_A1,44,1,clean,clean,0.4603174603174603,0.45579374801506284
fixed_A2,44,1,clean,clean,0.4444444444444444,0.4448000792300282
fixed_A3,44,1,clean,clean,0.3015873015873016,0.2964666847898065
fixed_A5,44,1,clean,clean,0.41269841269841273,0.41134385084096975
fixed_A6,44,1,clean,clean,0.5158730158730158,0.5160530841188811
fixed_A7,44,1,clean,clean,0.48412698412698413,0.481473573619372
fixed_A8,44,1,clean,clean,0.5238095238095238,0.5245166713365088
fixed_A9,44,1,clean,clean,0.5238095238095238,0.5245166713365088
oracle,44,1,clean,clean,0.9047619047619047,0.9043477477964149
perturbation_label,44,1,clean,clean,0.5158730158730159,0.5101634320735444
fixed_A0,44,1,amplitude_noise,20,0.5555555555555555,0.5547584887613582
fixed_A1,44,1,amplitude_noise,20,0.4523809523809524,0.4495519916946283
fixed_A2,44,1,amplitude_noise,20,0.35714285714285715,0.35765454184058837
fixed_A3,44,1,amplitude_noise,20,0.3650793650793651,0.3650793650793651
fixed_A5,44,1,amplitude_noise,20,0.4047619047619047,0.4027223099388048
fixed_A6,44,1,amplitude_noise,20,0.41269841269841273,0.4091915085817525
fixed_A7,44,1,amplitude_noise,20,0.4761904761904761,0.47199788163643586
fixed_A8,44,1,amplitude_noise,20,0.35714285714285715,0.3571074160961802
fixed_A9,44,1,amplitude_noise,20,0.3650793650793651,0.3634033417153355
oracle,44,1,amplitude_noise,20,0.9682539682539683,0.9682505934100547
perturbation_label,44,1,amplitude_noise,20,0.5555555555555555,0.5547584887613582
fixed_A0,44,1,amplitude_noise,10,0.35714285714285715,0.35300127713920815
fixed_A1,44,1,amplitude_noise,10,0.4682539682539682,0.46517756418934164
fixed_A2,44,1,amplitude_noise,10,0.42063492063492064,0.42199273594622433
fixed_A3,44,1,amplitude_noise,10,0.34920634920634913,0.3491261970944805
fixed_A5,44,1,amplitude_noise,10,0.30952380952380953,0.31025720164609055
fixed_A6,44,1,amplitude_noise,10,0.4603174603174603,0.4599296334127794
fixed_A7,44,1,amplitude_noise,10,0.4920634920634921,0.4902274680052458
fixed_A8,44,1,amplitude_noise,10,0.34920634920634913,0.3447527086449975
fixed_A9,44,1,amplitude_noise,10,0.30158730158730157,0.3038213840345752
oracle,44,1,amplitude_noise,10,0.9761904761904762,0.9761904761904762
perturbation_label,44,1,amplitude_noise,10,0.4920634920634921,0.4902274680052458
fixed_A0,44,1,amplitude_noise,5,0.3888888888888889,0.38326013272949955
fixed_A1,44,1,amplitude_noise,5,0.4682539682539682,0.46805314495092515
fixed_A2,44,1,amplitude_noise,5,0.30952380952380953,0.30919945670903526
fixed_A3,44,1,amplitude_noise,5,0.23015873015873015,0.22551440329218106
fixed_A5,44,1,amplitude_noise,5,0.27777777777777773,0.2798649247645827
fixed_A6,44,1,amplitude_noise,5,0.41269841269841273,0.41135232543031613
fixed_A7,44,1,amplitude_noise,5,0.4761904761904762,0.47108247002202464
fixed_A8,44,1,amplitude_noise,5,0.2698412698412698,0.27158475899894663
fixed_A9,44,1,amplitude_noise,5,0.29365079365079366,0.2925973397134638
oracle,44,1,amplitude_noise,5,0.9761904761904762,0.9763596015685957
perturbation_label,44,1,amplitude_noise,5,0.4682539682539682,0.46805314495092515
fixed_A0,44,1,channel_dropout,0.1,0.5079365079365079,0.49434245840042945
fixed_A1,44,1,channel_dropout,0.1,0.4603174603174603,0.4571546258293246
fixed_A2,44,1,channel_dropout,0.1,0.3333333333333333,0.16666666666666666
fixed_A3,44,1,channel_dropout,0.1,0.3333333333333333,0.16666666666666666
fixed_A5,44,1,channel_dropout,0.1,0.31746031746031744,0.1606425702811245
fixed_A6,44,1,channel_dropout,0.1,0.3333333333333333,0.16666666666666666
fixed_A7,44,1,channel_dropout,0.1,0.4841269841269842,0.4717713824791865
fixed_A8,44,1,channel_dropout,0.1,0.373015873015873,0.28298017771701983
fixed_A9,44,1,channel_dropout,0.1,0.3333333333333333,0.16666666666666666
oracle,44,1,channel_dropout,0.1,1.0,1.0
perturbation_label,44,1,channel_dropout,0.1,0.4603174603174603,0.4571546258293246
fixed_A0,44,1,channel_dropout,0.2,0.3412698412698412,0.24003686944863414
fixed_A1,44,1,channel_dropout,0.2,0.4523809523809524,0.4475570433961102
fixed_A2,44,1,channel_dropout,0.2,0.3333333333333333,0.16666666666666666
fixed_A3,44,1,channel_dropout,0.2,0.3412698412698412,0.22444444444444445
fixed_A5,44,1,channel_dropout,0.2,0.3333333333333333,0.16666666666666666
fixed_A6,44,1,channel_dropout,0.2,0.3333333333333333,0.16666666666666666
fixed_A7,44,1,channel_dropout,0.2,0.4365079365079365,0.4315018315018315
fixed_A8,44,1,channel_dropout,0.2,0.3650793650793651,0.22839506172839505
fixed_A9,44,1,channel_dropout,0.2,0.3333333333333333,0.16666666666666666
oracle,44,1,channel_dropout,0.2,1.0,1.0
perturbation_label,44,1,channel_dropout,0.2,0.4523809523809524,0.4475570433961102
fixed_A0,44,1,channel_dropout,0.3,0.42063492063492064,0.4108064506346925
fixed_A1,44,1,channel_dropout,0.3,0.34920634920634924,0.3466810966810967
fixed_A2,44,1,channel_dropout,0.3,0.3333333333333333,0.16666666666666666
fixed_A3,44,1,channel_dropout,0.3,0.34920634920634924,0.24193548387096775
fixed_A5,44,1,channel_dropout,0.3,0.3333333333333333,0.16666666666666666
fixed_A6,44,1,channel_dropout,0.3,0.3333333333333333,0.16666666666666666
fixed_A7,44,1,channel_dropout,0.3,0.4047619047619047,0.3960488828909881
fixed_A8,44,1,channel_dropout,0.3,0.3333333333333333,0.16666666666666666
fixed_A9,44,1,channel_dropout,0.3,0.3333333333333333,0.16666666666666666
oracle,44,1,channel_dropout,0.3,0.8888888888888888,0.8832425892317
perturbation_label,44,1,channel_dropout,0.3,0.34920634920634924,0.3466810966810967
fixed_A0,44,1,graph_perturbation,0.1,0.5158730158730159,0.5101634320735444
fixed_A1,44,1,graph_perturbation,0.1,0.4603174603174603,0.45579374801506284
fixed_A2,44,1,graph_perturbation,0.1,0.4444444444444444,0.4448000792300282
fixed_A3,44,1,graph_perturbation,0.1,0.3333333333333333,0.25161030595813205
fixed_A5,44,1,graph_perturbation,0.1,0.3650793650793651,0.25699168556311414
fixed_A6,44,1,graph_perturbation,0.1,0.5158730158730158,0.5160530841188811
fixed_A7,44,1,graph_perturbation,0.1,0.4365079365079365,0.4365562482174143
fixed_A8,44,1,graph_perturbation,0.1,0.48412698412698413,0.4810495864401254
fixed_A9,44,1,graph_perturbation,0.1,0.5,0.497583183258209
oracle,44,1,graph_perturbation,0.1,0.9126984126984127,0.9114942917738369
perturbation_label,44,1,graph_perturbation,0.1,0.5158730158730159,0.5101634320735444
fixed_A0,44,1,graph_perturbation,0.2,0.5158730158730159,0.5101634320735444
fixed_A1,44,1,graph_perturbation,0.2,0.4603174603174603,0.45579374801506284
fixed_A2,44,1,graph_perturbation,0.2,0.4444444444444444,0.4448000792300282
fixed_A3,44,1,graph_perturbation,0.2,0.3253968253968254,0.2467793880837359
fixed_A5,44,1,graph_perturbation,0.2,0.34920634920634924,0.2355555555555556
fixed_A6,44,1,graph_perturbation,0.2,0.5158730158730158,0.5160530841188811
fixed_A7,44,1,graph_perturbation,0.2,0.42857142857142855,0.4292682926829268
fixed_A8,44,1,graph_perturbation,0.2,0.5,0.497583183258209
fixed_A9,44,1,graph_perturbation,0.2,0.4920634920634921,0.49007873979389815
oracle,44,1,graph_perturbation,0.2,0.9047619047619048,0.9035907859078591
perturbation_label,44,1,graph_perturbation,0.2,0.5158730158730159,0.5101634320735444
fixed_A0,44,1,graph_perturbation,0.3,0.5158730158730159,0.5101634320735444
fixed_A1,44,1,graph_perturbation,0.3,0.4603174603174603,0.45579374801506284
fixed_A2,44,1,graph_perturbation,0.3,0.4444444444444444,0.4448000792300282
fixed_A3,44,1,graph_perturbation,0.3,0.3412698412698412,0.244031246561778
fixed_A5,44,1,graph_perturbation,0.3,0.36507936507936506,0.24458874458874458
fixed_A6,44,1,graph_perturbation,0.3,0.5158730158730158,0.5160530841188811
fixed_A7,44,1,graph_perturbation,0.3,0.4603174603174603,0.4611527438505454
fixed_A8,44,1,graph_perturbation,0.3,0.5,0.498994833860068
fixed_A9,44,1,graph_perturbation,0.3,0.4920634920634921,0.49007873979389815
oracle,44,1,graph_perturbation,0.3,0.8968253968253969,0.8954558833977853
perturbation_label,44,1,graph_perturbation,0.3,0.5158730158730159,0.5101634320735444
fixed_A0,44,2,clean,clean,0.4285714285714286,0.42737273294089606
fixed_A1,44,2,clean,clean,0.4682539682539682,0.4704764502636843
fixed_A2,44,2,clean,clean,0.4682539682539682,0.4673362027737924
fixed_A3,44,2,clean,clean,0.31746031746031744,0.3106187505780555
fixed_A5,44,2,clean,clean,0.4444444444444445,0.442225984368621
fixed_A6,44,2,clean,clean,0.507936507936508,0.5100829395751963
fixed_A7,44,2,clean,clean,0.4761904761904762,0.47902318406605865
fixed_A8,44,2,clean,clean,0.5158730158730159,0.5188548693997578
fixed_A9,44,2,clean,clean,0.5158730158730159,0.5188548693997578
oracle,44,2,clean,clean,0.8809523809523809,0.8811009372552198
perturbation_label,44,2,clean,clean,0.4285714285714286,0.42737273294089606
fixed_A0,44,2,amplitude_noise,20,0.4285714285714286,0.42934782608695654
fixed_A1,44,2,amplitude_noise,20,0.4682539682539682,0.4703155161516254
fixed_A2,44,2,amplitude_noise,20,0.3333333333333333,0.3299470136528536
fixed_A3,44,2,amplitude_noise,20,0.30952380952380953,0.30654756802167094
fixed_A5,44,2,amplitude_noise,20,0.3253968253968254,0.3173821548821549
fixed_A6,44,2,amplitude_noise,20,0.3650793650793651,0.36491286491286495
fixed_A7,44,2,amplitude_noise,20,0.4682539682539682,0.4709578956818386
fixed_A8,44,2,amplitude_noise,20,0.3888888888888889,0.38161258197605313
fixed_A9,44,2,amplitude_noise,20,0.3968253968253968,0.3976053639846744
oracle,44,2,amplitude_noise,20,0.9206349206349206,0.920229767081724
perturbation_label,44,2,amplitude_noise,20,0.4285714285714286,0.42934782608695654
fixed_A0,44,2,amplitude_noise,10,0.3650793650793651,0.3622488622488622
fixed_A1,44,2,amplitude_noise,10,0.48412698412698413,0.48514229284495913
fixed_A2,44,2,amplitude_noise,10,0.2698412698412698,0.2659010540048752
fixed_A3,44,2,amplitude_noise,10,0.28571428571428575,0.2867531213805688
fixed_A5,44,2,amplitude_noise,10,0.2619047619047619,0.26202738123361796
fixed_A6,44,2,amplitude_noise,10,0.3412698412698412,0.33976222672977235
fixed_A7,44,2,amplitude_noise,10,0.4444444444444444,0.4458333333333333
fixed_A8,44,2,amplitude_noise,10,0.3333333333333333,0.33421566773807276
fixed_A9,44,2,amplitude_noise,10,0.34920634920634924,0.3526872670708287
oracle,44,2,amplitude_noise,10,0.9603174603174603,0.959907224445908
perturbation_label,44,2,amplitude_noise,10,0.4444444444444444,0.4458333333333333
fixed_A0,44,2,amplitude_noise,5,0.36507936507936506,0.3656037100462404
fixed_A1,44,2,amplitude_noise,5,0.4523809523809524,0.45353725222146274
fixed_A2,44,2,amplitude_noise,5,0.373015873015873,0.37195872095978855
fixed_A3,44,2,amplitude_noise,5,0.38095238095238093,0.37622427277599696
fixed_A5,44,2,amplitude_noise,5,0.3888888888888889,0.3891547049441786
fixed_A6,44,2,amplitude_noise,5,0.373015873015873,0.3704042448968406
fixed_A7,44,2,amplitude_noise,5,0.4523809523809524,0.45445721583652615
fixed_A8,44,2,amplitude_noise,5,0.35714285714285715,0.35465347524790736
fixed_A9,44,2,amplitude_noise,5,0.3650793650793651,0.36532561294257954
oracle,44,2,amplitude_noise,5,0.9841269841269842,0.984125859179013
perturbation_label,44,2,amplitude_noise,5,0.4523809523809524,0.45353725222146274
fixed_A0,44,2,channel_dropout,0.1,0.4047619047619047,0.37407407407407406
fixed_A1,44,2,channel_dropout,0.1,0.5000000000000001,0.5033107160766735
fixed_A2,44,2,channel_dropout,0.1,0.3333333333333333,0.16666666666666666
fixed_A3,44,2,channel_dropout,0.1,0.3333333333333333,0.16666666666666666
fixed_A5,44,2,channel_dropout,0.1,0.3333333333333333,0.16666666666666666
fixed_A6,44,2,channel_dropout,0.1,0.3333333333333333,0.16666666666666666
fixed_A7,44,2,channel_dropout,0.1,0.4761904761904762,0.4708347666552
fixed_A8,44,2,channel_dropout,0.1,0.3333333333333333,0.16666666666666666
fixed_A9,44,2,channel_dropout,0.1,0.3412698412698412,0.18316854662767487
oracle,44,2,channel_dropout,0.1,1.0,1.0
perturbation_label,44,2,channel_dropout,0.1,0.4761904761904762,0.4708347666552
fixed_A0,44,2,channel_dropout,0.2,0.4444444444444445,0.4180681589030047
fixed_A1,44,2,channel_dropout,0.2,0.42857142857142855,0.4301320786369476
fixed_A2,44,2,channel_dropout,0.2,0.3333333333333333,0.16666666666666666
fixed_A3,44,2,channel_dropout,0.2,0.3333333333333333,0.16666666666666666
fixed_A5,44,2,channel_dropout,0.2,0.3333333333333333,0.16666666666666666
fixed_A6,44,2,channel_dropout,0.2,0.3650793650793651,0.28298039215686277
fixed_A7,44,2,channel_dropout,0.2,0.45238095238095233,0.4451499990836953
fixed_A8,44,2,channel_dropout,0.2,0.3333333333333333,0.16666666666666666
fixed_A9,44,2,channel_dropout,0.2,0.3333333333333333,0.16666666666666666
oracle,44,2,channel_dropout,0.2,1.0,1.0
perturbation_label,44,2,channel_dropout,0.2,0.42857142857142855,0.4301320786369476
fixed_A0,44,2,channel_dropout,0.3,0.3333333333333333,0.29695384342125447
fixed_A1,44,2,channel_dropout,0.3,0.4444444444444444,0.4487800870779594
fixed_A2,44,2,channel_dropout,0.3,0.3333333333333333,0.16666666666666666
fixed_A3,44,2,channel_dropout,0.3,0.29365079365079366,0.1654448583904178
fixed_A5,44,2,channel_dropout,0.3,0.3333333333333333,0.16666666666666666
fixed_A6,44,2,channel_dropout,0.3,0.36507936507936506,0.2370983446932814
fixed_A7,44,2,channel_dropout,0.3,0.4920634920634921,0.48034321777878475
fixed_A8,44,2,channel_dropout,0.3,0.3333333333333333,0.16666666666666666
fixed_A9,44,2,channel_dropout,0.3,0.3333333333333333,0.16666666666666666
oracle,44,2,channel_dropout,0.3,0.8650793650793651,0.854604172121847
perturbation_label,44,2,channel_dropout,0.3,0.4444444444444444,0.4487800870779594
fixed_A0,44,2,graph_perturbation,0.1,0.4285714285714286,0.42737273294089606
fixed_A1,44,2,graph_perturbation,0.1,0.4682539682539682,0.4704764502636843
fixed_A2,44,2,graph_perturbation,0.1,0.4682539682539682,0.4673362027737924
fixed_A3,44,2,graph_perturbation,0.1,0.34920634920634924,0.21083333333333332
fixed_A5,44,2,graph_perturbation,0.1,0.42063492063492064,0.3271173271173271
fixed_A6,44,2,graph_perturbation,0.1,0.507936507936508,0.5100829395751963
fixed_A7,44,2,graph_perturbation,0.1,0.4682539682539683,0.46865686914035015
fixed_A8,44,2,graph_perturbation,0.1,0.5396825396825397,0.539540828291356
fixed_A9,44,2,graph_perturbation,0.1,0.5476190476190476,0.5466063348416289
oracle,44,2,graph_perturbation,0.1,0.873015873015873,0.8708680877355577
perturbation_label,44,2,graph_perturbation,0.1,0.4285714285714286,0.42737273294089606
fixed_A0,44,2,graph_perturbation,0.2,0.4285714285714286,0.42737273294089606
fixed_A1,44,2,graph_perturbation,0.2,0.4682539682539682,0.4704764502636843
fixed_A2,44,2,graph_perturbation,0.2,0.4682539682539682,0.4673362027737924
fixed_A3,44,2,graph_perturbation,0.2,0.3333333333333333,0.19238683127572018
fixed_A5,44,2,graph_perturbation,0.2,0.4444444444444444,0.3463203463203463
fixed_A6,44,2,graph_perturbation,0.2,0.507936507936508,0.5100829395751963
fixed_A7,44,2,graph_perturbation,0.2,0.4841269841269842,0.4850496650496651
fixed_A8,44,2,graph_perturbation,0.2,0.5317460317460317,0.5324463118580766
fixed_A9,44,2,graph_perturbation,0.2,0.5238095238095238,0.5237630662020906
oracle,44,2,graph_perturbation,0.2,0.8809523809523809,0.8788766788766789
perturbation_label,44,2,graph_perturbation,0.2,0.4285714285714286,0.42737273294089606
fixed_A0,44,2,graph_perturbation,0.3,0.4285714285714286,0.42737273294089606
fixed_A1,44,2,graph_perturbation,0.3,0.4682539682539682,0.4704764502636843
fixed_A2,44,2,graph_perturbation,0.3,0.4682539682539682,0.4673362027737924
fixed_A3,44,2,graph_perturbation,0.3,0.3333333333333333,0.17981014968966777
fixed_A5,44,2,graph_perturbation,0.3,0.4365079365079365,0.3358997433589974
fixed_A6,44,2,graph_perturbation,0.3,0.507936507936508,0.5100829395751963
fixed_A7,44,2,graph_perturbation,0.3,0.4682539682539683,0.46864720571773005
fixed_A8,44,2,graph_perturbation,0.3,0.5238095238095238,0.5252521062625592
fixed_A9,44,2,graph_perturbation,0.3,0.5158730158730159,0.5164990104873307
oracle,44,2,graph_perturbation,0.3,0.873015873015873,0.8708680877355577
perturbation_label,44,2,graph_perturbation,0.3,0.4285714285714286,0.42737273294089606
fixed_A0,44,3,clean,clean,0.5396825396825397,0.5381300482830197
fixed_A1,44,3,clean,clean,0.4603174603174603,0.4610168460743173
fixed_A2,44,3,clean,clean,0.4761904761904762,0.4719482068319278
fixed_A3,44,3,clean,clean,0.35714285714285715,0.3501703545882014
fixed_A5,44,3,clean,clean,0.5158730158730159,0.5148685522230768
fixed_A6,44,3,clean,clean,0.4920634920634921,0.49294853833940416
fixed_A7,44,3,clean,clean,0.4523809523809524,0.45475224623240823
fixed_A8,44,3,clean,clean,0.4603174603174603,0.4621212121212121
fixed_A9,44,3,clean,clean,0.4603174603174603,0.4621212121212121
oracle,44,3,clean,clean,0.9285714285714285,0.9285514149621742
perturbation_label,44,3,clean,clean,0.5396825396825397,0.5381300482830197
fixed_A0,44,3,amplitude_noise,20,0.5238095238095238,0.518653053546081
fixed_A1,44,3,amplitude_noise,20,0.48412698412698413,0.4848663402211973
fixed_A2,44,3,amplitude_noise,20,0.30952380952380953,0.3088319088319088
fixed_A3,44,3,amplitude_noise,20,0.3095238095238095,0.3066408899742233
fixed_A5,44,3,amplitude_noise,20,0.3412698412698412,0.33970884810276747
fixed_A6,44,3,amplitude_noise,20,0.36507936507936506,0.36112438637223826
fixed_A7,44,3,amplitude_noise,20,0.4603174603174603,0.46083105882565417
fixed_A8,44,3,amplitude_noise,20,0.41269841269841273,0.4160765160765161
fixed_A9,44,3,amplitude_noise,20,0.38095238095238093,0.37892566418673496
oracle,44,3,amplitude_noise,20,0.9603174603174603,0.9601973917537264
perturbation_label,44,3,amplitude_noise,20,0.5238095238095238,0.518653053546081
fixed_A0,44,3,amplitude_noise,10,0.373015873015873,0.37378394306178886
fixed_A1,44,3,amplitude_noise,10,0.49206349206349204,0.49293445157135407
fixed_A2,44,3,amplitude_noise,10,0.4126984126984126,0.4107376641623217
fixed_A3,44,3,amplitude_noise,10,0.35714285714285715,0.35833994809523
fixed_A5,44,3,amplitude_noise,10,0.41269841269841273,0.40922397317494646
fixed_A6,44,3,amplitude_noise,10,0.35714285714285715,0.35428110019033143
fixed_A7,44,3,amplitude_noise,10,0.4523809523809524,0.45399113082039905
fixed_A8,44,3,amplitude_noise,10,0.4047619047619047,0.4022488347565747
fixed_A9,44,3,amplitude_noise,10,0.4047619047619047,0.40461994237797744
oracle,44,3,amplitude_noise,10,0.9761904761904762,0.9761904761904762
perturbation_label,44,3,amplitude_noise,10,0.4523809523809524,0.45399113082039905
fixed_A0,44,3,amplitude_noise,5,0.3253968253968254,0.3248062015503876
fixed_A1,44,3,amplitude_noise,5,0.4761904761904762,0.4751352265043949
fixed_A2,44,3,amplitude_noise,5,0.25396825396825395,0.2526658526658527
fixed_A3,44,3,amplitude_noise,5,0.3968253968253968,0.3939629121267066
fixed_A5,44,3,amplitude_noise,5,0.29365079365079366,0.27926508628828217
fixed_A6,44,3,amplitude_noise,5,0.3412698412698412,0.3395467391451327
fixed_A7,44,3,amplitude_noise,5,0.4523809523809524,0.45243163250826085
fixed_A8,44,3,amplitude_noise,5,0.4603174603174603,0.4575079580068693
fixed_A9,44,3,amplitude_noise,5,0.30158730158730157,0.29808938557613
oracle,44,3,amplitude_noise,5,0.9761904761904762,0.976282721924111
perturbation_label,44,3,amplitude_noise,5,0.4761904761904762,0.4751352265043949
fixed_A0,44,3,channel_dropout,0.1,0.5158730158730159,0.5160493827160493
fixed_A1,44,3,channel_dropout,0.1,0.4444444444444445,0.4466450216450217
fixed_A2,44,3,channel_dropout,0.1,0.3333333333333333,0.16666666666666666
fixed_A3,44,3,channel_dropout,0.1,0.34920634920634924,0.2283479960899316
fixed_A5,44,3,channel_dropout,0.1,0.3333333333333333,0.16666666666666666
fixed_A6,44,3,channel_dropout,0.1,0.35714285714285715,0.22419402543626143
fixed_A7,44,3,channel_dropout,0.1,0.4444444444444444,0.4456490270809705
fixed_A8,44,3,channel_dropout,0.1,0.3333333333333333,0.16666666666666666
fixed_A9,44,3,channel_dropout,0.1,0.3333333333333333,0.16666666666666666
oracle,44,3,channel_dropout,0.1,0.9920634920634921,0.9920623671155209
perturbation_label,44,3,channel_dropout,0.1,0.4444444444444445,0.4466450216450217
fixed_A0,44,3,channel_dropout,0.2,0.38095238095238093,0.29673298943748466
fixed_A1,44,3,channel_dropout,0.2,0.4682539682539682,0.46320477781151936
fixed_A2,44,3,channel_dropout,0.2,0.3333333333333333,0.16666666666666666
fixed_A3,44,3,channel_dropout,0.2,0.3333333333333333,0.16666666666666666
fixed_A5,44,3,channel_dropout,0.2,0.3333333333333333,0.16666666666666666
fixed_A6,44,3,channel_dropout,0.2,0.3412698412698412,0.20627572016460904
fixed_A7,44,3,channel_dropout,0.2,0.3888888888888889,0.39258959397712573
fixed_A8,44,3,channel_dropout,0.2,0.3333333333333333,0.16666666666666666
fixed_A9,44,3,channel_dropout,0.2,0.3333333333333333,0.16666666666666666
oracle,44,3,channel_dropout,0.2,0.9603174603174603,0.9601763618261984
perturbation_label,44,3,channel_dropout,0.2,0.4682539682539682,0.46320477781151936
fixed_A0,44,3,channel_dropout,0.3,0.4523809523809524,0.40299752084741947
fixed_A1,44,3,channel_dropout,0.3,0.42063492063492064,0.4209395722424582
fixed_A2,44,3,channel_dropout,0.3,0.3333333333333333,0.16666666666666666
fixed_A3,44,3,channel_dropout,0.3,0.3333333333333333,0.18115942028985507
fixed_A5,44,3,channel_dropout,0.3,0.3333333333333333,0.16666666666666666
fixed_A6,44,3,channel_dropout,0.3,0.3333333333333333,0.16666666666666666
fixed_A7,44,3,channel_dropout,0.3,0.38888888888888884,0.34892605283550154
fixed_A8,44,3,channel_dropout,0.3,0.3333333333333333,0.16666666666666666
fixed_A9,44,3,channel_dropout,0.3,0.3333333333333333,0.16766467065868262
oracle,44,3,channel_dropout,0.3,1.0,1.0
perturbation_label,44,3,channel_dropout,0.3,0.42063492063492064,0.4209395722424582
fixed_A0,44,3,graph_perturbation,0.1,0.5396825396825397,0.5381300482830197
fixed_A1,44,3,graph_perturbation,0.1,0.4603174603174603,0.4610168460743173
fixed_A2,44,3,graph_perturbation,0.1,0.4761904761904762,0.4719482068319278
fixed_A3,44,3,graph_perturbation,0.1,0.31746031746031744,0.19550342130987294
fixed_A5,44,3,graph_perturbation,0.1,0.3650793650793651,0.27692726406749674
fixed_A6,44,3,graph_perturbation,0.1,0.4920634920634921,0.49294853833940416
fixed_A7,44,3,graph_perturbation,0.1,0.5,0.49248374204509066
fixed_A8,44,3,graph_perturbation,0.1,0.5079365079365079,0.5028119028119028
fixed_A9,44,3,graph_perturbation,0.1,0.5079365079365079,0.5018518518518519
oracle,44,3,graph_perturbation,0.1,0.9126984126984127,0.9119341563786008
perturbation_label,44,3,graph_perturbation,0.1,0.5396825396825397,0.5381300482830197
fixed_A0,44,3,graph_perturbation,0.2,0.5396825396825397,0.5381300482830197
fixed_A1,44,3,graph_perturbation,0.2,0.4603174603174603,0.4610168460743173
fixed_A2,44,3,graph_perturbation,0.2,0.4761904761904762,0.4719482068319278
fixed_A3,44,3,graph_perturbation,0.2,0.30158730158730157,0.1790811339198436
fixed_A5,44,3,graph_perturbation,0.2,0.373015873015873,0.2742816091954023
fixed_A6,44,3,graph_perturbation,0.2,0.4920634920634921,0.49294853833940416
fixed_A7,44,3,graph_perturbation,0.2,0.4761904761904762,0.47084285806090315
fixed_A8,44,3,graph_perturbation,0.2,0.5158730158730158,0.5129606963144294
fixed_A9,44,3,graph_perturbation,0.2,0.5079365079365079,0.5028119028119028
oracle,44,3,graph_perturbation,0.2,0.9047619047619048,0.9043257806693755
perturbation_label,44,3,graph_perturbation,0.2,0.5396825396825397,0.5381300482830197
fixed_A0,44,3,graph_perturbation,0.3,0.5396825396825397,0.5381300482830197
fixed_A1,44,3,graph_perturbation,0.3,0.4603174603174603,0.4610168460743173
fixed_A2,44,3,graph_perturbation,0.3,0.4761904761904762,0.4719482068319278
fixed_A3,44,3,graph_perturbation,0.3,0.3253968253968254,0.18000000000000002
fixed_A5,44,3,graph_perturbation,0.3,0.3412698412698412,0.23853412332675006
fixed_A6,44,3,graph_perturbation,0.3,0.4920634920634921,0.49294853833940416
fixed_A7,44,3,graph_perturbation,0.3,0.48412698412698413,0.48078073423462214
fixed_A8,44,3,graph_perturbation,0.3,0.5079365079365079,0.5053951361764271
fixed_A9,44,3,graph_perturbation,0.3,0.4920634920634921,0.49072519686816035
oracle,44,3,graph_perturbation,0.3,0.9126984126984127,0.9119341563786008
perturbation_label,44,3,graph_perturbation,0.3,0.5396825396825397,0.5381300482830197
fixed_A0,44,4,clean,clean,0.4841269841269842,0.48376991110509454
fixed_A1,44,4,clean,clean,0.4523809523809524,0.45075757575757575
fixed_A2,44,4,clean,clean,0.5238095238095237,0.5174266574266574
fixed_A3,44,4,clean,clean,0.42063492063492064,0.42040983532758913
fixed_A5,44,4,clean,clean,0.4841269841269842,0.47938489352599406
fixed_A6,44,4,clean,clean,0.4603174603174603,0.4571935337548089
fixed_A7,44,4,clean,clean,0.4603174603174603,0.45797470503352855
fixed_A8,44,4,clean,clean,0.5158730158730158,0.5135939396001316
fixed_A9,44,4,clean,clean,0.5079365079365079,0.5056610056610057
oracle,44,4,clean,clean,0.9047619047619047,0.9046176046176045
perturbation_label,44,4,clean,clean,0.4841269841269842,0.48376991110509454
fixed_A0,44,4,amplitude_noise,20,0.4920634920634921,0.4913059163059163
fixed_A1,44,4,amplitude_noise,20,0.4603174603174603,0.4597223209019439
fixed_A2,44,4,amplitude_noise,20,0.3968253968253968,0.39543038539530845
fixed_A3,44,4,amplitude_noise,20,0.4682539682539683,0.4673996341974312
fixed_A5,44,4,amplitude_noise,20,0.4047619047619047,0.40436261446120897
fixed_A6,44,4,amplitude_noise,20,0.38888888888888884,0.3896516297749136
fixed_A7,44,4,amplitude_noise,20,0.4603174603174603,0.4550222903711276
fixed_A8,44,4,amplitude_noise,20,0.4523809523809524,0.44959418468013007
fixed_A9,44,4,amplitude_noise,20,0.3650793650793651,0.36331696775496075
oracle,44,4,amplitude_noise,20,0.9761904761904762,0.9761814727781829
perturbation_label,44,4,amplitude_noise,20,0.4920634920634921,0.4913059163059163
fixed_A0,44,4,amplitude_noise,10,0.5317460317460317,0.531097080340674
fixed_A1,44,4,amplitude_noise,10,0.4523809523809524,0.4522275147100028
fixed_A2,44,4,amplitude_noise,10,0.3968253968253968,0.39531949531949534
fixed_A3,44,4,amplitude_noise,10,0.4047619047619047,0.4055124892334194
fixed_A5,44,4,amplitude_noise,10,0.30158730158730157,0.29914529914529914
fixed_A6,44,4,amplitude_noise,10,0.4523809523809524,0.44883625969783586
fixed_A7,44,4,amplitude_noise,10,0.4682539682539682,0.4631417624521073
fixed_A8,44,4,amplitude_noise,10,0.373015873015873,0.36831682719649433
fixed_A9,44,4,amplitude_noise,10,0.3253968253968254,0.32603673653369397
oracle,44,4,amplitude_noise,10,0.9920634920634921,0.9920623671155209
perturbation_label,44,4,amplitude_noise,10,0.4682539682539682,0.4631417624521073
fixed_A0,44,4,amplitude_noise,5,0.38888888888888884,0.38849593799755855
fixed_A1,44,4,amplitude_noise,5,0.4761904761904761,0.4732668062466578
fixed_A2,44,4,amplitude_noise,5,0.29365079365079366,0.2903857459413015
fixed_A3,44,4,amplitude_noise,5,0.25396825396825395,0.2544621061275916
fixed_A5,44,4,amplitude_noise,5,0.36507936507936506,0.3649141167938161
fixed_A6,44,4,amplitude_noise,5,0.31746031746031744,0.3168724279835391
fixed_A7,44,4,amplitude_noise,5,0.5238095238095238,0.5220409062409977
fixed_A8,44,4,amplitude_noise,5,0.38095238095238093,0.38137472283813745
fixed_A9,44,4,amplitude_noise,5,0.3333333333333333,0.3315380093157871
oracle,44,4,amplitude_noise,5,0.9920634920634921,0.9920623671155209
perturbation_label,44,4,amplitude_noise,5,0.4761904761904761,0.4732668062466578
fixed_A0,44,4,channel_dropout,0.1,0.3650793650793651,0.22839506172839505
fixed_A1,44,4,channel_dropout,0.1,0.4523809523809524,0.4508902942307671
fixed_A2,44,4,channel_dropout,0.1,0.3333333333333333,0.16666666666666666
fixed_A3,44,4,channel_dropout,0.1,0.3333333333333333,0.16666666666666666
fixed_A5,44,4,channel_dropout,0.1,0.3333333333333333,0.16666666666666666
fixed_A6,44,4,channel_dropout,0.1,0.3412698412698412,0.2061523734934517
fixed_A7,44,4,channel_dropout,0.1,0.5,0.4915490696758562
fixed_A8,44,4,channel_dropout,0.1,0.3333333333333333,0.16666666666666666
fixed_A9,44,4,channel_dropout,0.1,0.3333333333333333,0.16666666666666666
oracle,44,4,channel_dropout,0.1,1.0,1.0
perturbation_label,44,4,channel_dropout,0.1,0.4523809523809524,0.4508902942307671
fixed_A0,44,4,channel_dropout,0.2,0.3412698412698412,0.2564412238325282
fixed_A1,44,4,channel_dropout,0.2,0.4841269841269842,0.4811749680715198
fixed_A2,44,4,channel_dropout,0.2,0.3333333333333333,0.16666666666666666
fixed_A3,44,4,channel_dropout,0.2,0.34920634920634924,0.19897772909821101
fixed_A5,44,4,channel_dropout,0.2,0.3333333333333333,0.16666666666666666
fixed_A6,44,4,channel_dropout,0.2,0.3333333333333333,0.16666666666666666
fixed_A7,44,4,channel_dropout,0.2,0.5,0.4904761904761905
fixed_A8,44,4,channel_dropout,0.2,0.3333333333333333,0.16666666666666666
fixed_A9,44,4,channel_dropout,0.2,0.3333333333333333,0.16666666666666666
oracle,44,4,channel_dropout,0.2,1.0,1.0
perturbation_label,44,4,channel_dropout,0.2,0.4841269841269842,0.4811749680715198
fixed_A0,44,4,channel_dropout,0.3,0.38888888888888884,0.3169232605322831
fixed_A1,44,4,channel_dropout,0.3,0.48412698412698413,0.4821695930311692
fixed_A2,44,4,channel_dropout,0.3,0.3333333333333333,0.16666666666666666
fixed_A3,44,4,channel_dropout,0.3,0.30158730158730157,0.21428571428571427
fixed_A5,44,4,channel_dropout,0.3,0.3333333333333333,0.16666666666666666
fixed_A6,44,4,channel_dropout,0.3,0.3333333333333333,0.16666666666666666
fixed_A7,44,4,channel_dropout,0.3,0.4682539682539682,0.4255680751173709
fixed_A8,44,4,channel_dropout,0.3,0.3333333333333333,0.16666666666666666
fixed_A9,44,4,channel_dropout,0.3,0.3333333333333333,0.16666666666666666
oracle,44,4,channel_dropout,0.3,0.9920634920634921,0.9920623671155209
perturbation_label,44,4,channel_dropout,0.3,0.48412698412698413,0.4821695930311692
fixed_A0,44,4,graph_perturbation,0.1,0.4841269841269842,0.48376991110509454
fixed_A1,44,4,graph_perturbation,0.1,0.4523809523809524,0.45075757575757575
fixed_A2,44,4,graph_perturbation,0.1,0.5238095238095237,0.5174266574266574
fixed_A3,44,4,graph_perturbation,0.1,0.3333333333333333,0.2572873385512288
fixed_A5,44,4,graph_perturbation,0.1,0.42063492063492064,0.35122744750073936
fixed_A6,44,4,graph_perturbation,0.1,0.4603174603174603,0.4571935337548089
fixed_A7,44,4,graph_perturbation,0.1,0.4603174603174603,0.4611935208866155
fixed_A8,44,4,graph_perturbation,0.1,0.4761904761904761,0.47466415619314334
fixed_A9,44,4,graph_perturbation,0.1,0.48412698412698413,0.4831675597288349
oracle,44,4,graph_perturbation,0.1,0.865079365079365,0.8642482015975993
perturbation_label,44,4,graph_perturbation,0.1,0.4841269841269842,0.48376991110509454
fixed_A0,44,4,graph_perturbation,0.2,0.4841269841269842,0.48376991110509454
fixed_A1,44,4,graph_perturbation,0.2,0.4523809523809524,0.45075757575757575
fixed_A2,44,4,graph_perturbation,0.2,0.5238095238095237,0.5174266574266574
fixed_A3,44,4,graph_perturbation,0.2,0.29365079365079366,0.22776930894308944
fixed_A5,44,4,graph_perturbation,0.2,0.4682539682539683,0.39727943046020847
fixed_A6,44,4,graph_perturbation,0.2,0.4603174603174603,0.4571935337548089
fixed_A7,44,4,graph_perturbation,0.2,0.45238095238095233,0.452906976744186
fixed_A8,44,4,graph_perturbation,0.2,0.4761904761904762,0.4751504058840477
fixed_A9,44,4,graph_perturbation,0.2,0.4682539682539683,0.46686295744776857
oracle,44,4,graph_perturbation,0.2,0.873015873015873,0.8719660639746044
perturbation_label,44,4,graph_perturbation,0.2,0.4841269841269842,0.48376991110509454
fixed_A0,44,4,graph_perturbation,0.3,0.4841269841269842,0.48376991110509454
fixed_A1,44,4,graph_perturbation,0.3,0.4523809523809524,0.45075757575757575
fixed_A2,44,4,graph_perturbation,0.3,0.5238095238095237,0.5174266574266574
fixed_A3,44,4,graph_perturbation,0.3,0.30158730158730157,0.2328042328042328
fixed_A5,44,4,graph_perturbation,0.3,0.43650793650793646,0.362393696414315
fixed_A6,44,4,graph_perturbation,0.3,0.4603174603174603,0.4571935337548089
fixed_A7,44,4,graph_perturbation,0.3,0.4523809523809524,0.4525610206268176
fixed_A8,44,4,graph_perturbation,0.3,0.4682539682539683,0.4665617526284915
fixed_A9,44,4,graph_perturbation,0.3,0.4761904761904762,0.4739159891598916
oracle,44,4,graph_perturbation,0.3,0.8571428571428571,0.8561061366616922
perturbation_label,44,4,graph_perturbation,0.3,0.4841269841269842,0.48376991110509454
fixed_A0,45,0,clean,clean,0.46511627906976744,0.4666990584303246
fixed_A1,45,0,clean,clean,0.45736434108527124,0.4563745356298548
fixed_A2,45,0,clean,clean,0.4108527131782946,0.410323312535451
fixed_A3,45,0,clean,clean,0.3565891472868217,0.35507576188579776
fixed_A5,45,0,clean,clean,0.4573643410852713,0.4539622001864565
fixed_A6,45,0,clean,clean,0.48062015503875966,0.47988614800759016
fixed_A7,45,0,clean,clean,0.441860465116279,0.43883104815004453
fixed_A8,45,0,clean,clean,0.4728682170542635,0.4724253715633026
fixed_A9,45,0,clean,clean,0.4728682170542635,0.4724253715633026
oracle,45,0,clean,clean,0.9302325581395349,0.9302354395105361
perturbation_label,45,0,clean,clean,0.46511627906976744,0.4666990584303246
fixed_A0,45,0,amplitude_noise,20,0.42635658914728686,0.4266444937176645
fixed_A1,45,0,amplitude_noise,20,0.44961240310077516,0.4479581056984297
fixed_A2,45,0,amplitude_noise,20,0.3255813953488372,0.3228468758653396
fixed_A3,45,0,amplitude_noise,20,0.3023255813953488,0.29961685823754786
fixed_A5,45,0,amplitude_noise,20,0.2868217054263566,0.2879813449297284
fixed_A6,45,0,amplitude_noise,20,0.42635658914728686,0.4238095238095238
fixed_A7,45,0,amplitude_noise,20,0.4341085271317829,0.43003875968992245
fixed_A8,45,0,amplitude_noise,20,0.3488372093023256,0.34693469695912293
fixed_A9,45,0,amplitude_noise,20,0.42635658914728686,0.425996061202848
oracle,45,0,amplitude_noise,20,0.9767441860465116,0.9767357965032385
perturbation_label,45,0,amplitude_noise,20,0.42635658914728686,0.4266444937176645
fixed_A0,45,0,amplitude_noise,10,0.3798449612403101,0.3788300338862136
fixed_A1,45,0,amplitude_noise,10,0.42635658914728686,0.42076558265582653
fixed_A2,45,0,amplitude_noise,10,0.27906976744186046,0.28004208364439326
fixed_A3,45,0,amplitude_noise,10,0.34108527131782945,0.334246028350589
fixed_A5,45,0,amplitude_noise,10,0.3643410852713178,0.35626585489599183
fixed_A6,45,0,amplitude_noise,10,0.2713178294573643,0.27231564241108247
fixed_A7,45,0,amplitude_noise,10,0.4573643410852713,0.44688445251058684
fixed_A8,45,0,amplitude_noise,10,0.3333333333333333,0.33020380026812485
fixed_A9,45,0,amplitude_noise,10,0.3798449612403101,0.37918253443699573
oracle,45,0,amplitude_noise,10,0.9612403100775193,0.9614788237392334
perturbation_label,45,0,amplitude_noise,10,0.4573643410852713,0.44688445251058684
fixed_A0,45,0,amplitude_noise,5,0.4108527131782946,0.412347002590905
fixed_A1,45,0,amplitude_noise,5,0.4728682170542635,0.4721254355400697
fixed_A2,45,0,amplitude_noise,5,0.37209302325581395,0.36591264760278847
fixed_A3,45,0,amplitude_noise,5,0.3178294573643411,0.3141157491429724
fixed_A5,45,0,amplitude_noise,5,0.3488372093023256,0.3454818454818455
fixed_A6,45,0,amplitude_noise,5,0.2868217054263566,0.28235833629878165
fixed_A7,45,0,amplitude_noise,5,0.4883720930232558,0.48326275458761847
fixed_A8,45,0,amplitude_noise,5,0.36434108527131787,0.36368300129040376
fixed_A9,45,0,amplitude_noise,5,0.4108527131782946,0.41111111111111115
oracle,45,0,amplitude_noise,5,0.9922480620155039,0.9922470137480279
perturbation_label,45,0,amplitude_noise,5,0.4728682170542635,0.4721254355400697
fixed_A0,45,0,channel_dropout,0.1,0.3798449612403101,0.2852664576802508
fixed_A1,45,0,channel_dropout,0.1,0.4728682170542635,0.47309586964759376
fixed_A2,45,0,channel_dropout,0.1,0.3333333333333333,0.16666666666666666
fixed_A3,45,0,channel_dropout,0.1,0.3333333333333333,0.16666666666666666
fixed_A5,45,0,channel_dropout,0.1,0.3333333333333333,0.16666666666666666
fixed_A6,45,0,channel_dropout,0.1,0.3565891472868217,0.21310350741788872
fixed_A7,45,0,channel_dropout,0.1,0.42635658914728686,0.39665889665889664
fixed_A8,45,0,channel_dropout,0.1,0.3953488372093023,0.3161416868581977
fixed_A9,45,0,channel_dropout,0.1,0.3333333333333333,0.16666666666666666
oracle,45,0,channel_dropout,0.1,1.0,1.0
perturbation_label,45,0,channel_dropout,0.1,0.42635658914728686,0.39665889665889664
fixed_A0,45,0,channel_dropout,0.2,0.27906976744186046,0.23184924894775458
fixed_A1,45,0,channel_dropout,0.2,0.44961240310077516,0.44139100393690356
fixed_A2,45,0,channel_dropout,0.2,0.3798449612403101,0.3001351430753863
fixed_A3,45,0,channel_dropout,0.2,0.3565891472868217,0.22303030303030302
fixed_A5,45,0,channel_dropout,0.2,0.3333333333333333,0.16666666666666666
fixed_A6,45,0,channel_dropout,0.2,0.3333333333333333,0.16666666666666666
fixed_A7,45,0,channel_dropout,0.2,0.42635658914728686,0.4155562113362625
fixed_A8,45,0,channel_dropout,0.2,0.3333333333333333,0.16666666666666666
fixed_A9,45,0,channel_dropout,0.2,0.3333333333333333,0.16666666666666666
oracle,45,0,channel_dropout,0.2,1.0,1.0
perturbation_label,45,0,channel_dropout,0.2,0.44961240310077516,0.44139100393690356
fixed_A0,45,0,channel_dropout,0.3,0.34108527131782945,0.18344226579520695
fixed_A1,45,0,channel_dropout,0.3,0.44961240310077516,0.4422542531076323
fixed_A2,45,0,channel_dropout,0.3,0.3333333333333333,0.16666666666666666
fixed_A3,45,0,channel_dropout,0.3,0.3798449612403101,0.290294246815986
fixed_A5,45,0,channel_dropout,0.3,0.3333333333333333,0.16666666666666666
fixed_A6,45,0,channel_dropout,0.3,0.34108527131782945,0.2693160597572362
fixed_A7,45,0,channel_dropout,0.3,0.3953488372093023,0.38231780167264034
fixed_A8,45,0,channel_dropout,0.3,0.3333333333333333,0.16666666666666666
fixed_A9,45,0,channel_dropout,0.3,0.3333333333333333,0.16666666666666666
oracle,45,0,channel_dropout,0.3,0.9689922480620154,0.9689250225835592
perturbation_label,45,0,channel_dropout,0.3,0.44961240310077516,0.4422542531076323
fixed_A0,45,0,graph_perturbation,0.1,0.46511627906976744,0.4666990584303246
fixed_A1,45,0,graph_perturbation,0.1,0.45736434108527124,0.4563745356298548
fixed_A2,45,0,graph_perturbation,0.1,0.4108527131782946,0.410323312535451
fixed_A3,45,0,graph_perturbation,0.1,0.34108527131782945,0.1950354609929078
fixed_A5,45,0,graph_perturbation,0.1,0.37209302325581395,0.29457364341085274
fixed_A6,45,0,graph_perturbation,0.1,0.48062015503875966,0.47988614800759016
fixed_A7,45,0,graph_perturbation,0.1,0.4651162790697674,0.46057997818561197
fixed_A8,45,0,graph_perturbation,0.1,0.503875968992248,0.49974977165988405
fixed_A9,45,0,graph_perturbation,0.1,0.49612403100775193,0.4925874131896785
oracle,45,0,graph_perturbation,0.1,0.8992248062015503,0.8976992622062244
perturbation_label,45,0,graph_perturbation,0.1,0.46511627906976744,0.4666990584303246
fixed_A0,45,0,graph_perturbation,0.2,0.46511627906976744,0.4666990584303246
fixed_A1,45,0,graph_perturbation,0.2,0.45736434108527124,0.4563745356298548
fixed_A2,45,0,graph_perturbation,0.2,0.4108527131782946,0.410323312535451
fixed_A3,45,0,graph_perturbation,0.2,0.3333333333333333,0.18017322699596947
fixed_A5,45,0,graph_perturbation,0.2,0.4108527131782946,0.32513170498084293
fixed_A6,45,0,graph_perturbation,0.2,0.48062015503875966,0.47988614800759016
fixed_A7,45,0,graph_perturbation,0.2,0.4573643410852713,0.45600469701497914
fixed_A8,45,0,graph_perturbation,0.2,0.4883720930232558,0.4853812459511521
fixed_A9,45,0,graph_perturbation,0.2,0.49612403100775193,0.4925874131896785
oracle,45,0,graph_perturbation,0.2,0.8992248062015503,0.8976992622062244
perturbation_label,45,0,graph_perturbation,0.2,0.46511627906976744,0.4666990584303246
fixed_A0,45,0,graph_perturbation,0.3,0.46511627906976744,0.4666990584303246
fixed_A1,45,0,graph_perturbation,0.3,0.45736434108527124,0.4563745356298548
fixed_A2,45,0,graph_perturbation,0.3,0.4108527131782946,0.410323312535451
fixed_A3,45,0,graph_perturbation,0.3,0.34108527131782945,0.1827928406875775
fixed_A5,45,0,graph_perturbation,0.3,0.4108527131782946,0.3288151715118007
fixed_A6,45,0,graph_perturbation,0.3,0.48062015503875966,0.47988614800759016
fixed_A7,45,0,graph_perturbation,0.3,0.46511627906976744,0.4653249372350496
fixed_A8,45,0,graph_perturbation,0.3,0.48062015503875966,0.478125587878166
fixed_A9,45,0,graph_perturbation,0.3,0.4883720930232558,0.48684130611983956
oracle,45,0,graph_perturbation,0.3,0.8992248062015503,0.8976992622062244
perturbation_label,45,0,graph_perturbation,0.3,0.46511627906976744,0.4666990584303246
fixed_A0,45,1,clean,clean,0.4603174603174603,0.46003256003256005
fixed_A1,45,1,clean,clean,0.4682539682539682,0.46242656449553005
fixed_A2,45,1,clean,clean,0.4523809523809524,0.4494650205761317
fixed_A3,45,1,clean,clean,0.3412698412698412,0.34130932878462894
fixed_A5,45,1,clean,clean,0.45238095238095233,0.44502923976608183
fixed_A6,45,1,clean,clean,0.5079365079365079,0.50516497228302
fixed_A7,45,1,clean,clean,0.4682539682539683,0.46256494264202414
fixed_A8,45,1,clean,clean,0.5,0.498328446907429
fixed_A9,45,1,clean,clean,0.5,0.498328446907429
oracle,45,1,clean,clean,0.9206349206349206,0.9205192864481181
perturbation_label,45,1,clean,clean,0.4603174603174603,0.46003256003256005
fixed_A0,45,1,amplitude_noise,20,0.4761904761904761,0.47396790271334743
fixed_A1,45,1,amplitude_noise,20,0.4761904761904762,0.46930566930566925
fixed_A2,45,1,amplitude_noise,20,0.29365079365079366,0.29018012638702295
fixed_A3,45,1,amplitude_noise,20,0.3650793650793651,0.3584741423451101
fixed_A5,45,1,amplitude_noise,20,0.35714285714285715,0.3546176046176046
fixed_A6,45,1,amplitude_noise,20,0.4682539682539682,0.4670286082602013
fixed_A7,45,1,amplitude_noise,20,0.4761904761904762,0.47179133905028864
fixed_A8,45,1,amplitude_noise,20,0.42857142857142855,0.42812051649928257
fixed_A9,45,1,amplitude_noise,20,0.3650793650793651,0.3666109220790574
oracle,45,1,amplitude_noise,20,0.9603174603174603,0.9606646378054973
perturbation_label,45,1,amplitude_noise,20,0.4761904761904761,0.47396790271334743
fixed_A0,45,1,amplitude_noise,10,0.4047619047619047,0.40571740611260293
fixed_A1,45,1,amplitude_noise,10,0.4682539682539682,0.46588549508976257
fixed_A2,45,1,amplitude_noise,10,0.3968253968253968,0.38459302359382935
fixed_A3,45,1,amplitude_noise,10,0.3968253968253968,0.3963776454131131
fixed_A5,45,1,amplitude_noise,10,0.3333333333333333,0.3330808080808081
fixed_A6,45,1,amplitude_noise,10,0.38888888888888884,0.3876292882744496
fixed_A7,45,1,amplitude_noise,10,0.4682539682539682,0.46312882519779075
fixed_A8,45,1,amplitude_noise,10,0.21428571428571427,0.21492591274481554
fixed_A9,45,1,amplitude_noise,10,0.373015873015873,0.3715719406041987
oracle,45,1,amplitude_noise,10,0.9761904761904762,0.976282721924111
perturbation_label,45,1,amplitude_noise,10,0.4682539682539682,0.46312882519779075
fixed_A0,45,1,amplitude_noise,5,0.38095238095238093,0.37996200560012244
fixed_A1,45,1,amplitude_noise,5,0.4682539682539682,0.46773157538877613
fixed_A2,45,1,amplitude_noise,5,0.34920634920634924,0.34979101358411707
fixed_A3,45,1,amplitude_noise,5,0.3650793650793651,0.36502199273283614
fixed_A5,45,1,amplitude_noise,5,0.29365079365079366,0.2902311232042631
fixed_A6,45,1,amplitude_noise,5,0.3253968253968254,0.3258920130729546
fixed_A7,45,1,amplitude_noise,5,0.4444444444444445,0.4467173899536261
fixed_A8,45,1,amplitude_noise,5,0.3650793650793651,0.36353759013082376
fixed_A9,45,1,amplitude_noise,5,0.3412698412698412,0.33834776334776334
oracle,45,1,amplitude_noise,5,0.9523809523809522,0.9522819569594906
perturbation_label,45,1,amplitude_noise,5,0.4682539682539682,0.46773157538877613
fixed_A0,45,1,channel_dropout,0.1,0.42063492063492064,0.3728029697534381
fixed_A1,45,1,channel_dropout,0.1,0.45238095238095233,0.44905956112852663
fixed_A2,45,1,channel_dropout,0.1,0.3333333333333333,0.16666666666666666
fixed_A3,45,1,channel_dropout,0.1,0.3253968253968254,0.2599691161776728
fixed_A5,45,1,channel_dropout,0.1,0.3333333333333333,0.16666666666666666
fixed_A6,45,1,channel_dropout,0.1,0.3333333333333333,0.16666666666666666
fixed_A7,45,1,channel_dropout,0.1,0.5158730158730158,0.5102370845245315
fixed_A8,45,1,channel_dropout,0.1,0.3333333333333333,0.16666666666666666
fixed_A9,45,1,channel_dropout,0.1,0.3333333333333333,0.16666666666666666
oracle,45,1,channel_dropout,0.1,0.9444444444444445,0.9435531788472966
perturbation_label,45,1,channel_dropout,0.1,0.45238095238095233,0.44905956112852663
fixed_A0,45,1,channel_dropout,0.2,0.4365079365079365,0.42802909543963796
fixed_A1,45,1,channel_dropout,0.2,0.4444444444444445,0.4416111867399024
fixed_A2,45,1,channel_dropout,0.2,0.3333333333333333,0.16666666666666666
fixed_A3,45,1,channel_dropout,0.2,0.3333333333333333,0.16666666666666666
fixed_A5,45,1,channel_dropout,0.2,0.3333333333333333,0.16666666666666666
fixed_A6,45,1,channel_dropout,0.2,0.3333333333333333,0.16666666666666666
fixed_A7,45,1,channel_dropout,0.2,0.4444444444444444,0.44556441808680153
fixed_A8,45,1,channel_dropout,0.2,0.3333333333333333,0.16666666666666666
fixed_A9,45,1,channel_dropout,0.2,0.3333333333333333,0.16666666666666666
oracle,45,1,channel_dropout,0.2,1.0,1.0
perturbation_label,45,1,channel_dropout,0.2,0.4444444444444445,0.4416111867399024
fixed_A0,45,1,channel_dropout,0.3,0.3333333333333333,0.22101273988066442
fixed_A1,45,1,channel_dropout,0.3,0.5079365079365079,0.4998721674778013
fixed_A2,45,1,channel_dropout,0.3,0.3333333333333333,0.16666666666666666
fixed_A3,45,1,channel_dropout,0.3,0.3253968253968254,0.16565656565656564
fixed_A5,45,1,channel_dropout,0.3,0.3333333333333333,0.16666666666666666
fixed_A6,45,1,channel_dropout,0.3,0.3333333333333333,0.16666666666666666
fixed_A7,45,1,channel_dropout,0.3,0.4603174603174603,0.44088449776523175
fixed_A8,45,1,channel_dropout,0.3,0.3333333333333333,0.16666666666666666
fixed_A9,45,1,channel_dropout,0.3,0.34920634920634924,0.19897772909821101
oracle,45,1,channel_dropout,0.3,1.0,1.0
perturbation_label,45,1,channel_dropout,0.3,0.5079365079365079,0.4998721674778013
fixed_A0,45,1,graph_perturbation,0.1,0.4603174603174603,0.46003256003256005
fixed_A1,45,1,graph_perturbation,0.1,0.4682539682539682,0.46242656449553005
fixed_A2,45,1,graph_perturbation,0.1,0.4523809523809524,0.4494650205761317
fixed_A3,45,1,graph_perturbation,0.1,0.3333333333333333,0.18115942028985507
fixed_A5,45,1,graph_perturbation,0.1,0.4444444444444444,0.44098036151482
fixed_A6,45,1,graph_perturbation,0.1,0.5079365079365079,0.50516497228302
fixed_A7,45,1,graph_perturbation,0.1,0.4523809523809524,0.4527095690698464
fixed_A8,45,1,graph_perturbation,0.1,0.4761904761904762,0.47613760363583185
fixed_A9,45,1,graph_perturbation,0.1,0.48412698412698413,0.48359636537541845
oracle,45,1,graph_perturbation,0.1,0.9047619047619048,0.902740937223696
perturbation_label,45,1,graph_perturbation,0.1,0.4603174603174603,0.46003256003256005
fixed_A0,45,1,graph_perturbation,0.2,0.4603174603174603,0.46003256003256005
fixed_A1,45,1,graph_perturbation,0.2,0.4682539682539682,0.46242656449553005
fixed_A2,45,1,graph_perturbation,0.2,0.4523809523809524,0.4494650205761317
fixed_A3,45,1,graph_perturbation,0.2,0.3253968253968254,0.1646586345381526
fixed_A5,45,1,graph_perturbation,0.2,0.4682539682539683,0.46379519856222357
fixed_A6,45,1,graph_perturbation,0.2,0.5079365079365079,0.50516497228302
fixed_A7,45,1,graph_perturbation,0.2,0.4603174603174603,0.4593139937967525
fixed_A8,45,1,graph_perturbation,0.2,0.48412698412698413,0.48275193798449606
fixed_A9,45,1,graph_perturbation,0.2,0.4761904761904761,0.47432431365516337
oracle,45,1,graph_perturbation,0.2,0.9047619047619048,0.902740937223696
perturbation_label,45,1,graph_perturbation,0.2,0.4603174603174603,0.46003256003256005
fixed_A0,45,1,graph_perturbation,0.3,0.4603174603174603,0.46003256003256005
fixed_A1,45,1,graph_perturbation,0.3,0.4682539682539682,0.46242656449553005
fixed_A2,45,1,graph_perturbation,0.3,0.4523809523809524,0.4494650205761317
fixed_A3,45,1,graph_perturbation,0.3,0.3253968253968254,0.16367265469061876
fixed_A5,45,1,graph_perturbation,0.3,0.5158730158730159,0.5139994105511346
fixed_A6,45,1,graph_perturbation,0.3,0.5079365079365079,0.50516497228302
fixed_A7,45,1,graph_perturbation,0.3,0.4523809523809524,0.45049565164507693
fixed_A8,45,1,graph_perturbation,0.3,0.4920634920634921,0.4897814383604205
fixed_A9,45,1,graph_perturbation,0.3,0.48412698412698413,0.48152709359605916
oracle,45,1,graph_perturbation,0.3,0.9126984126984127,0.9110844930787477
perturbation_label,45,1,graph_perturbation,0.3,0.4603174603174603,0.46003256003256005
fixed_A0,45,2,clean,clean,0.4603174603174603,0.4468401968401969
fixed_A1,45,2,clean,clean,0.41269841269841273,0.4103231336945446
fixed_A2,45,2,clean,clean,0.373015873015873,0.3742753623188406
fixed_A3,45,2,clean,clean,0.34920634920634924,0.3462456020882987
fixed_A5,45,2,clean,clean,0.38095238095238093,0.3801390989357251
fixed_A6,45,2,clean,clean,0.42063492063492064,0.41675209511146294
fixed_A7,45,2,clean,clean,0.4047619047619048,0.4021930523937316
fixed_A8,45,2,clean,clean,0.4444444444444444,0.44014606792384575
fixed_A9,45,2,clean,clean,0.4365079365079365,0.43292181069958846
oracle,45,2,clean,clean,0.8809523809523809,0.8803356472102927
perturbation_label,45,2,clean,clean,0.4603174603174603,0.4468401968401969
fixed_A0,45,2,amplitude_noise,20,0.4682539682539682,0.4607645078233314
fixed_A1,45,2,amplitude_noise,20,0.42063492063492064,0.41927936782290903
fixed_A2,45,2,amplitude_noise,20,0.41269841269841273,0.4117615187164327
fixed_A3,45,2,amplitude_noise,20,0.36507936507936506,0.36618946348048037
fixed_A5,45,2,amplitude_noise,20,0.34920634920634924,0.3484154771523476
fixed_A6,45,2,amplitude_noise,20,0.3174603174603175,0.31996124031007755
fixed_A7,45,2,amplitude_noise,20,0.42063492063492064,0.41937321937321936
fixed_A8,45,2,amplitude_noise,20,0.30158730158730157,0.29961531825056076
fixed_A9,45,2,amplitude_noise,20,0.36507936507936506,0.3645483896369793
oracle,45,2,amplitude_noise,20,0.9523809523809522,0.952624216992033
perturbation_label,45,2,amplitude_noise,20,0.4682539682539682,0.4607645078233314
fixed_A0,45,2,amplitude_noise,10,0.3968253968253968,0.3945986963228343
fixed_A1,45,2,amplitude_noise,10,0.41269841269841273,0.41054034760072944
fixed_A2,45,2,amplitude_noise,10,0.3015873015873016,0.30170632709012407
fixed_A3,45,2,amplitude_noise,10,0.42063492063492064,0.420902647593634
fixed_A5,45,2,amplitude_noise,10,0.2857142857142857,0.27839834668044433
fixed_A6,45,2,amplitude_noise,10,0.3412698412698412,0.34006247846300725
fixed_A7,45,2,amplitude_noise,10,0.38888888888888884,0.3865939730599322
fixed_A8,45,2,amplitude_noise,10,0.3888888888888889,0.38839615668883964
fixed_A9,45,2,amplitude_noise,10,0.38095238095238093,0.3778427550357375
oracle,45,2,amplitude_noise,10,0.9603174603174601,0.9603140854735468
perturbation_label,45,2,amplitude_noise,10,0.38888888888888884,0.3865939730599322
fixed_A0,45,2,amplitude_noise,5,0.3888888888888889,0.3847797669792555
fixed_A1,45,2,amplitude_noise,5,0.3968253968253968,0.3932672799706632
fixed_A2,45,2,amplitude_noise,5,0.38095238095238093,0.37859152615473085
fixed_A3,45,2,amplitude_noise,5,0.373015873015873,0.3700543748025811
fixed_A5,45,2,amplitude_noise,5,0.41269841269841273,0.41326954699047724
fixed_A6,45,2,amplitude_noise,5,0.2857142857142857,0.28278734661713384
fixed_A7,45,2,amplitude_noise,5,0.3968253968253969,0.39275362318840584
fixed_A8,45,2,amplitude_noise,5,0.3333333333333333,0.3348647476554453
fixed_A9,45,2,amplitude_noise,5,0.4444444444444444,0.44483963327377357
oracle,45,2,amplitude_noise,5,0.9682539682539683,0.9684318670028954
perturbation_label,45,2,amplitude_noise,5,0.3968253968253968,0.3932672799706632
fixed_A0,45,2,channel_dropout,0.1,0.4047619047619048,0.34658735839838206
fixed_A1,45,2,channel_dropout,0.1,0.3888888888888889,0.3803418803418803
fixed_A2,45,2,channel_dropout,0.1,0.3333333333333333,0.16666666666666666
fixed_A3,45,2,channel_dropout,0.1,0.3333333333333333,0.16666666666666666
fixed_A5,45,2,channel_dropout,0.1,0.3333333333333333,0.16666666666666666
fixed_A6,45,2,channel_dropout,0.1,0.3333333333333333,0.16666666666666666
fixed_A7,45,2,channel_dropout,0.1,0.373015873015873,0.37263772905929077
fixed_A8,45,2,channel_dropout,0.1,0.3333333333333333,0.16666666666666666
fixed_A9,45,2,channel_dropout,0.1,0.38888888888888884,0.2727272727272727
oracle,45,2,channel_dropout,0.1,1.0,1.0
perturbation_label,45,2,channel_dropout,0.1,0.3888888888888889,0.3803418803418803
fixed_A0,45,2,channel_dropout,0.2,0.4523809523809524,0.4496932023120581
fixed_A1,45,2,channel_dropout,0.2,0.373015873015873,0.37038845927734815
fixed_A2,45,2,channel_dropout,0.2,0.3333333333333333,0.16666666666666666
fixed_A3,45,2,channel_dropout,0.2,0.3333333333333333,0.16666666666666666
fixed_A5,45,2,channel_dropout,0.2,0.3333333333333333,0.16666666666666666
fixed_A6,45,2,channel_dropout,0.2,0.3333333333333333,0.16666666666666666
fixed_A7,45,2,channel_dropout,0.2,0.4285714285714286,0.4183866847938038
fixed_A8,45,2,channel_dropout,0.2,0.3333333333333333,0.16666666666666666
fixed_A9,45,2,channel_dropout,0.2,0.3333333333333333,0.16666666666666666
oracle,45,2,channel_dropout,0.2,0.9047619047619048,0.9006921270547522
perturbation_label,45,2,channel_dropout,0.2,0.373015873015873,0.37038845927734815
fixed_A0,45,2,channel_dropout,0.3,0.373015873015873,0.32113579010672494
fixed_A1,45,2,channel_dropout,0.3,0.373015873015873,0.3714769290405167
fixed_A2,45,2,channel_dropout,0.3,0.3333333333333333,0.16666666666666666
fixed_A3,45,2,channel_dropout,0.3,0.31746031746031744,0.19550342130987294
fixed_A5,45,2,channel_dropout,0.3,0.3333333333333333,0.16666666666666666
fixed_A6,45,2,channel_dropout,0.3,0.3333333333333333,0.16666666666666666
fixed_A7,45,2,channel_dropout,0.3,0.3650793650793651,0.3314147451656627
fixed_A8,45,2,channel_dropout,0.3,0.3333333333333333,0.16666666666666666
fixed_A9,45,2,channel_dropout,0.3,0.3333333333333333,0.16666666666666666
oracle,45,2,channel_dropout,0.3,1.0,1.0
perturbation_label,45,2,channel_dropout,0.3,0.373015873015873,0.3714769290405167
fixed_A0,45,2,graph_perturbation,0.1,0.4603174603174603,0.4468401968401969
fixed_A1,45,2,graph_perturbation,0.1,0.41269841269841273,0.4103231336945446
fixed_A2,45,2,graph_perturbation,0.1,0.373015873015873,0.3742753623188406
fixed_A3,45,2,graph_perturbation,0.1,0.3253968253968254,0.18870156758355516
fixed_A5,45,2,graph_perturbation,0.1,0.35714285714285715,0.2830578512396694
fixed_A6,45,2,graph_perturbation,0.1,0.42063492063492064,0.41675209511146294
fixed_A7,45,2,graph_perturbation,0.1,0.42063492063492064,0.4184678494086291
fixed_A8,45,2,graph_perturbation,0.1,0.4523809523809524,0.4494034131243434
fixed_A9,45,2,graph_perturbation,0.1,0.4444444444444444,0.4408906822699927
oracle,45,2,graph_perturbation,0.1,0.9206349206349206,0.9196526987224661
perturbation_label,45,2,graph_perturbation,0.1,0.4603174603174603,0.4468401968401969
fixed_A0,45,2,graph_perturbation,0.2,0.4603174603174603,0.4468401968401969
fixed_A1,45,2,graph_perturbation,0.2,0.41269841269841273,0.4103231336945446
fixed_A2,45,2,graph_perturbation,0.2,0.373015873015873,0.3742753623188406
fixed_A3,45,2,graph_perturbation,0.2,0.3333333333333333,0.17073170731707318
fixed_A5,45,2,graph_perturbation,0.2,0.3412698412698412,0.2705915126752716
fixed_A6,45,2,graph_perturbation,0.2,0.42063492063492064,0.41675209511146294
fixed_A7,45,2,graph_perturbation,0.2,0.4444444444444444,0.44394564843481255
fixed_A8,45,2,graph_perturbation,0.2,0.4444444444444444,0.44166524909558963
fixed_A9,45,2,graph_perturbation,0.2,0.4444444444444444,0.44166524909558963
oracle,45,2,graph_perturbation,0.2,0.9206349206349206,0.9196526987224661
perturbation_label,45,2,graph_perturbation,0.2,0.4603174603174603,0.4468401968401969
fixed_A0,45,2,graph_perturbation,0.3,0.4603174603174603,0.4468401968401969
fixed_A1,45,2,graph_perturbation,0.3,0.41269841269841273,0.4103231336945446
fixed_A2,45,2,graph_perturbation,0.3,0.373015873015873,0.3742753623188406
fixed_A3,45,2,graph_perturbation,0.3,0.3333333333333333,0.16666666666666666
fixed_A5,45,2,graph_perturbation,0.3,0.38095238095238093,0.30320080020004997
fixed_A6,45,2,graph_perturbation,0.3,0.42063492063492064,0.41675209511146294
fixed_A7,45,2,graph_perturbation,0.3,0.42063492063492064,0.41979945159874354
fixed_A8,45,2,graph_perturbation,0.3,0.4444444444444444,0.44166524909558963
fixed_A9,45,2,graph_perturbation,0.3,0.4365079365079365,0.4333115397188623
oracle,45,2,graph_perturbation,0.3,0.9206349206349206,0.9196526987224661
perturbation_label,45,2,graph_perturbation,0.3,0.4603174603174603,0.4468401968401969
fixed_A0,45,3,clean,clean,0.5158730158730159,0.5129572197648867
fixed_A1,45,3,clean,clean,0.5476190476190476,0.5414339665502456
fixed_A2,45,3,clean,clean,0.38095238095238093,0.3810784287244866
fixed_A3,45,3,clean,clean,0.38888888888888884,0.38410282806528007
fixed_A5,45,3,clean,clean,0.4523809523809524,0.44987294401077355
fixed_A6,45,3,clean,clean,0.5,0.49767441860465117
fixed_A7,45,3,clean,clean,0.5476190476190476,0.5402640614491522
fixed_A8,45,3,clean,clean,0.5079365079365079,0.5034734443391544
fixed_A9,45,3,clean,clean,0.5079365079365079,0.5034734443391544
oracle,45,3,clean,clean,0.9285714285714285,0.9288163959458987
perturbation_label,45,3,clean,clean,0.5158730158730159,0.5129572197648867
fixed_A0,45,3,amplitude_noise,20,0.4603174603174603,0.45530492898913955
fixed_A1,45,3,amplitude_noise,20,0.5317460317460317,0.5227324589026717
fixed_A2,45,3,amplitude_noise,20,0.3253968253968254,0.3244380679100909
fixed_A3,45,3,amplitude_noise,20,0.3650793650793651,0.3628972653362897
fixed_A5,45,3,amplitude_noise,20,0.373015873015873,0.37532220865554194
fixed_A6,45,3,amplitude_noise,20,0.4523809523809524,0.4529682528937928
fixed_A7,45,3,amplitude_noise,20,0.5396825396825397,0.53387252017389
fixed_A8,45,3,amplitude_noise,20,0.373015873015873,0.37409570943707493
fixed_A9,45,3,amplitude_noise,20,0.41269841269841273,0.41242146503862037
oracle,45,3,amplitude_noise,20,0.9682539682539683,0.9681516764733352
perturbation_label,45,3,amplitude_noise,20,0.4603174603174603,0.45530492898913955
fixed_A0,45,3,amplitude_noise,10,0.42063492063492064,0.4193087398821729
fixed_A1,45,3,amplitude_noise,10,0.5555555555555556,0.5544803780097897
fixed_A2,45,3,amplitude_noise,10,0.34920634920634913,0.3505254795142436
fixed_A3,45,3,amplitude_noise,10,0.2619047619047619,0.2604451742382777
fixed_A5,45,3,amplitude_noise,10,0.373015873015873,0.37464576556858215
fixed_A6,45,3,amplitude_noise,10,0.3412698412698412,0.32561137515953736
fixed_A7,45,3,amplitude_noise,10,0.5317460317460317,0.5249898503323162
fixed_A8,45,3,amplitude_noise,10,0.42857142857142855,0.42553062093291977
fixed_A9,45,3,amplitude_noise,10,0.38095238095238093,0.37715530656707125
oracle,45,3,amplitude_noise,10,0.9603174603174603,0.9603857391363091
perturbation_label,45,3,amplitude_noise,10,0.5317460317460317,0.5249898503323162
fixed_A0,45,3,amplitude_noise,5,0.4444444444444444,0.4431064890835006
fixed_A1,45,3,amplitude_noise,5,0.5158730158730158,0.514048150905932
fixed_A2,45,3,amplitude_noise,5,0.3333333333333333,0.3325895875591616
fixed_A3,45,3,amplitude_noise,5,0.27777777777777773,0.2762544560263526
fixed_A5,45,3,amplitude_noise,5,0.30952380952380953,0.31068889226663965
fixed_A6,45,3,amplitude_noise,5,0.36507936507936506,0.36419136419136416
fixed_A7,45,3,amplitude_noise,5,0.5158730158730158,0.5137708841585488
fixed_A8,45,3,amplitude_noise,5,0.30158730158730157,0.30149755174327814
fixed_A9,45,3,amplitude_noise,5,0.373015873015873,0.3685388685388686
oracle,45,3,amplitude_noise,5,0.9920634920634921,0.9920623671155209
perturbation_label,45,3,amplitude_noise,5,0.5158730158730158,0.514048150905932
fixed_A0,45,3,channel_dropout,0.1,0.42857142857142855,0.41067854909318324
fixed_A1,45,3,channel_dropout,0.1,0.5,0.49249786871270257
fixed_A2,45,3,channel_dropout,0.1,0.3333333333333333,0.16666666666666666
fixed_A3,45,3,channel_dropout,0.1,0.3253968253968254,0.19943019943019943
fixed_A5,45,3,channel_dropout,0.1,0.3333333333333333,0.16666666666666666
fixed_A6,45,3,channel_dropout,0.1,0.3333333333333333,0.16666666666666666
fixed_A7,45,3,channel_dropout,0.1,0.5555555555555556,0.5422608437314319
fixed_A8,45,3,channel_dropout,0.1,0.3333333333333333,0.16666666666666666
fixed_A9,45,3,channel_dropout,0.1,0.3888888888888889,0.3100907567276982
oracle,45,3,channel_dropout,0.1,0.9761904761904762,0.9761838049873913
perturbation_label,45,3,channel_dropout,0.1,0.5,0.49249786871270257
fixed_A0,45,3,channel_dropout,0.2,0.42063492063492064,0.4185282045693945
fixed_A1,45,3,channel_dropout,0.2,0.5476190476190477,0.5407407407407407
fixed_A2,45,3,channel_dropout,0.2,0.3333333333333333,0.16666666666666666
fixed_A3,45,3,channel_dropout,0.2,0.3333333333333333,0.16666666666666666
fixed_A5,45,3,channel_dropout,0.2,0.3333333333333333,0.16666666666666666
fixed_A6,45,3,channel_dropout,0.2,0.3333333333333333,0.16666666666666666
fixed_A7,45,3,channel_dropout,0.2,0.4682539682539682,0.46469456469456466
fixed_A8,45,3,channel_dropout,0.2,0.35714285714285715,0.2242778318727686
fixed_A9,45,3,channel_dropout,0.2,0.4761904761904762,0.4178269011561635
oracle,45,3,channel_dropout,0.2,0.9603174603174603,0.9598298698075318
perturbation_label,45,3,channel_dropout,0.2,0.5476190476190477,0.5407407407407407
fixed_A0,45,3,channel_dropout,0.3,0.34920634920634924,0.23184449958643505
fixed_A1,45,3,channel_dropout,0.3,0.5079365079365079,0.5066748066748067
fixed_A2,45,3,channel_dropout,0.3,0.3333333333333333,0.16666666666666666
fixed_A3,45,3,channel_dropout,0.3,0.3333333333333333,0.16666666666666666
fixed_A5,45,3,channel_dropout,0.3,0.3333333333333333,0.16666666666666666
fixed_A6,45,3,channel_dropout,0.3,0.35714285714285715,0.27622377622377625
fixed_A7,45,3,channel_dropout,0.3,0.5158730158730159,0.5107078967544084
fixed_A8,45,3,channel_dropout,0.3,0.3333333333333333,0.16666666666666666
fixed_A9,45,3,channel_dropout,0.3,0.3333333333333333,0.16666666666666666
oracle,45,3,channel_dropout,0.3,0.9126984126984127,0.9111751982696467
perturbation_label,45,3,channel_dropout,0.3,0.5079365079365079,0.5066748066748067
fixed_A0,45,3,graph_perturbation,0.1,0.5158730158730159,0.5129572197648867
fixed_A1,45,3,graph_perturbation,0.1,0.5476190476190476,0.5414339665502456
fixed_A2,45,3,graph_perturbation,0.1,0.38095238095238093,0.3810784287244866
fixed_A3,45,3,graph_perturbation,0.1,0.3333333333333333,0.16666666666666666
fixed_A5,45,3,graph_perturbation,0.1,0.4047619047619047,0.3393279029584964
fixed_A6,45,3,graph_perturbation,0.1,0.5,0.49767441860465117
fixed_A7,45,3,graph_perturbation,0.1,0.5396825396825397,0.5331215670703461
fixed_A8,45,3,graph_perturbation,0.1,0.5238095238095238,0.520477924733244
fixed_A9,45,3,graph_perturbation,0.1,0.5238095238095238,0.5204301075268817
oracle,45,3,graph_perturbation,0.1,0.9047619047619048,0.9020689655172415
perturbation_label,45,3,graph_perturbation,0.1,0.5158730158730159,0.5129572197648867
fixed_A0,45,3,graph_perturbation,0.2,0.5158730158730159,0.5129572197648867
fixed_A1,45,3,graph_perturbation,0.2,0.5476190476190476,0.5414339665502456
fixed_A2,45,3,graph_perturbation,0.2,0.38095238095238093,0.3810784287244866
fixed_A3,45,3,graph_perturbation,0.2,0.3333333333333333,0.16666666666666666
fixed_A5,45,3,graph_perturbation,0.2,0.373015873015873,0.28460214087880825
fixed_A6,45,3,graph_perturbation,0.2,0.5,0.49767441860465117
fixed_A7,45,3,graph_perturbation,0.2,0.5396825396825397,0.5338543801637836
fixed_A8,45,3,graph_perturbation,0.2,0.5079365079365079,0.5074657604778087
fixed_A9,45,3,graph_perturbation,0.2,0.5317460317460317,0.5289420818832583
oracle,45,3,graph_perturbation,0.2,0.9047619047619048,0.9020689655172415
perturbation_label,45,3,graph_perturbation,0.2,0.5158730158730159,0.5129572197648867
fixed_A0,45,3,graph_perturbation,0.3,0.5158730158730159,0.5129572197648867
fixed_A1,45,3,graph_perturbation,0.3,0.5476190476190476,0.5414339665502456
fixed_A2,45,3,graph_perturbation,0.3,0.38095238095238093,0.3810784287244866
fixed_A3,45,3,graph_perturbation,0.3,0.3333333333333333,0.16666666666666666
fixed_A5,45,3,graph_perturbation,0.3,0.35714285714285715,0.26876876876876876
fixed_A6,45,3,graph_perturbation,0.3,0.5,0.49767441860465117
fixed_A7,45,3,graph_perturbation,0.3,0.5396825396825397,0.5338543801637836
fixed_A8,45,3,graph_perturbation,0.3,0.5396825396825397,0.5369375953765831
fixed_A9,45,3,graph_perturbation,0.3,0.5,0.498535046202389
oracle,45,3,graph_perturbation,0.3,0.9047619047619048,0.9020689655172415
perturbation_label,45,3,graph_perturbation,0.3,0.5158730158730159,0.5129572197648867
fixed_A0,45,4,clean,clean,0.48412698412698413,0.4821408425280354
fixed_A1,45,4,clean,clean,0.4603174603174603,0.4594393419745763
fixed_A2,45,4,clean,clean,0.42063492063492064,0.41708341303892366
fixed_A3,45,4,clean,clean,0.4047619047619047,0.4041019955654102
fixed_A5,45,4,clean,clean,0.4761904761904762,0.4728167239986669
fixed_A6,45,4,clean,clean,0.5,0.5007742129023455
fixed_A7,45,4,clean,clean,0.4841269841269842,0.4838470631023822
fixed_A8,45,4,clean,clean,0.4920634920634921,0.492193245556064
fixed_A9,45,4,clean,clean,0.48412698412698413,0.4844173441734417
oracle,45,4,clean,clean,0.9365079365079364,0.9361633116422388
perturbation_label,45,4,clean,clean,0.48412698412698413,0.4821408425280354
fixed_A0,45,4,amplitude_noise,20,0.4603174603174603,0.4596992621649389
fixed_A1,45,4,amplitude_noise,20,0.4444444444444444,0.44415386291816494
fixed_A2,45,4,amplitude_noise,20,0.29365079365079366,0.29029332846087996
fixed_A3,45,4,amplitude_noise,20,0.25396825396825395,0.25158244380071254
fixed_A5,45,4,amplitude_noise,20,0.31746031746031744,0.31565746228570907
fixed_A6,45,4,amplitude_noise,20,0.41269841269841273,0.4118104118104118
fixed_A7,45,4,amplitude_noise,20,0.4603174603174603,0.4590262936781924
fixed_A8,45,4,amplitude_noise,20,0.3412698412698412,0.34041271939487405
fixed_A9,45,4,amplitude_noise,20,0.4444444444444445,0.4451550387596899
oracle,45,4,amplitude_noise,20,0.9523809523809524,0.9520565995661782
perturbation_label,45,4,amplitude_noise,20,0.4603174603174603,0.4596992621649389
fixed_A0,45,4,amplitude_noise,10,0.42063492063492064,0.41951489726779284
fixed_A1,45,4,amplitude_noise,10,0.4523809523809524,0.45140721346052004
fixed_A2,45,4,amplitude_noise,10,0.38095238095238093,0.3810817499690639
fixed_A3,45,4,amplitude_noise,10,0.3412698412698412,0.34325789129189116
fixed_A5,45,4,amplitude_noise,10,0.27777777777777773,0.27688580753714853
fixed_A6,45,4,amplitude_noise,10,0.3650793650793651,0.366286012837737
fixed_A7,45,4,amplitude_noise,10,0.4047619047619047,0.40494227994227994
fixed_A8,45,4,amplitude_noise,10,0.34920634920634924,0.3497551840068594
fixed_A9,45,4,amplitude_noise,10,0.3333333333333333,0.32829530124286
oracle,45,4,amplitude_noise,10,0.9523809523809524,0.9522819569594906
perturbation_label,45,4,amplitude_noise,10,0.4047619047619047,0.40494227994227994
fixed_A0,45,4,amplitude_noise,5,0.36507936507936506,0.36021843080666605
fixed_A1,45,4,amplitude_noise,5,0.4523809523809524,0.4531953847966574
fixed_A2,45,4,amplitude_noise,5,0.30158730158730157,0.3028387758960646
fixed_A3,45,4,amplitude_noise,5,0.36507936507936506,0.36272633744855964
fixed_A5,45,4,amplitude_noise,5,0.34920634920634924,0.34651847008826414
fixed_A6,45,4,amplitude_noise,5,0.31746031746031744,0.31677550497775214
fixed_A7,45,4,amplitude_noise,5,0.38095238095238093,0.3841124550506702
fixed_A8,45,4,amplitude_noise,5,0.34920634920634924,0.34980437470858927
fixed_A9,45,4,amplitude_noise,5,0.3650793650793651,0.36511274443083347
oracle,45,4,amplitude_noise,5,0.9603174603174603,0.9602184648959985
perturbation_label,45,4,amplitude_noise,5,0.4523809523809524,0.4531953847966574
fixed_A0,45,4,channel_dropout,0.1,0.4682539682539682,0.43746895181321416
fixed_A1,45,4,channel_dropout,0.1,0.4523809523809524,0.45230463199772664
fixed_A2,45,4,channel_dropout,0.1,0.3333333333333333,0.16666666666666666
fixed_A3,45,4,channel_dropout,0.1,0.31746031746031744,0.24831207801950486
fixed_A5,45,4,channel_dropout,0.1,0.3333333333333333,0.16666666666666666
fixed_A6,45,4,channel_dropout,0.1,0.3333333333333333,0.16666666666666666
fixed_A7,45,4,channel_dropout,0.1,0.4444444444444444,0.4456039973281353
fixed_A8,45,4,channel_dropout,0.1,0.3333333333333333,0.16666666666666666
fixed_A9,45,4,channel_dropout,0.1,0.3333333333333333,0.16666666666666666
oracle,45,4,channel_dropout,0.1,0.9682539682539683,0.9678294573643411
perturbation_label,45,4,channel_dropout,0.1,0.4523809523809524,0.45230463199772664
fixed_A0,45,4,channel_dropout,0.2,0.4523809523809524,0.42444113263785394
fixed_A1,45,4,channel_dropout,0.2,0.4444444444444445,0.44438529034802327
fixed_A2,45,4,channel_dropout,0.2,0.3333333333333333,0.16666666666666666
fixed_A3,45,4,channel_dropout,0.2,0.3412698412698412,0.2061523734934517
fixed_A5,45,4,channel_dropout,0.2,0.3333333333333333,0.16666666666666666
fixed_A6,45,4,channel_dropout,0.2,0.3333333333333333,0.16666666666666666
fixed_A7,45,4,channel_dropout,0.2,0.42063492063492064,0.40806109256630135
fixed_A8,45,4,channel_dropout,0.2,0.3333333333333333,0.16666666666666666
fixed_A9,45,4,channel_dropout,0.2,0.3333333333333333,0.16666666666666666
oracle,45,4,channel_dropout,0.2,0.9920634920634921,0.9920623671155209
perturbation_label,45,4,channel_dropout,0.2,0.4444444444444445,0.44438529034802327
fixed_A0,45,4,channel_dropout,0.3,0.3650793650793651,0.2630718954248366
fixed_A1,45,4,channel_dropout,0.3,0.4523809523809524,0.45230352303523036
fixed_A2,45,4,channel_dropout,0.3,0.3333333333333333,0.16666666666666666
fixed_A3,45,4,channel_dropout,0.3,0.30952380952380953,0.2406289658587922
fixed_A5,45,4,channel_dropout,0.3,0.3333333333333333,0.16666666666666666
fixed_A6,45,4,channel_dropout,0.3,0.3253968253968254,0.2074001947419669
fixed_A7,45,4,channel_dropout,0.3,0.4047619047619047,0.3723350096231452
fixed_A8,45,4,channel_dropout,0.3,0.3333333333333333,0.16666666666666666
fixed_A9,45,4,channel_dropout,0.3,0.3333333333333333,0.16666666666666666
oracle,45,4,channel_dropout,0.3,0.9920634920634921,0.9920623671155209
perturbation_label,45,4,channel_dropout,0.3,0.4523809523809524,0.45230352303523036
fixed_A0,45,4,graph_perturbation,0.1,0.48412698412698413,0.4821408425280354
fixed_A1,45,4,graph_perturbation,0.1,0.4603174603174603,0.4594393419745763
fixed_A2,45,4,graph_perturbation,0.1,0.42063492063492064,0.41708341303892366
fixed_A3,45,4,graph_perturbation,0.1,0.35714285714285715,0.2241953385127636
fixed_A5,45,4,graph_perturbation,0.1,0.3412698412698412,0.22404692082111435
fixed_A6,45,4,graph_perturbation,0.1,0.5,0.5007742129023455
fixed_A7,45,4,graph_perturbation,0.1,0.4523809523809524,0.45254185381788486
fixed_A8,45,4,graph_perturbation,0.1,0.4682539682539683,0.4653698791629826
fixed_A9,45,4,graph_perturbation,0.1,0.4603174603174603,0.4568100656420489
oracle,45,4,graph_perturbation,0.1,0.9444444444444445,0.9434660061785416
perturbation_label,45,4,graph_perturbation,0.1,0.48412698412698413,0.4821408425280354
fixed_A0,45,4,graph_perturbation,0.2,0.48412698412698413,0.4821408425280354
fixed_A1,45,4,graph_perturbation,0.2,0.4603174603174603,0.4594393419745763
fixed_A2,45,4,graph_perturbation,0.2,0.42063492063492064,0.41708341303892366
fixed_A3,45,4,graph_perturbation,0.2,0.3412698412698412,0.18382621394669585
fixed_A5,45,4,graph_perturbation,0.2,0.35714285714285715,0.232878935410581
fixed_A6,45,4,graph_perturbation,0.2,0.5,0.5007742129023455
fixed_A7,45,4,graph_perturbation,0.2,0.4444444444444444,0.4448961890822356
fixed_A8,45,4,graph_perturbation,0.2,0.48412698412698413,0.48412698412698413
fixed_A9,45,4,graph_perturbation,0.2,0.4761904761904761,0.47566850033185964
oracle,45,4,graph_perturbation,0.2,0.9523809523809524,0.9513704686118479
perturbation_label,45,4,graph_perturbation,0.2,0.48412698412698413,0.4821408425280354
fixed_A0,45,4,graph_perturbation,0.3,0.48412698412698413,0.4821408425280354
fixed_A1,45,4,graph_perturbation,0.3,0.4603174603174603,0.4594393419745763
fixed_A2,45,4,graph_perturbation,0.3,0.42063492063492064,0.41708341303892366
fixed_A3,45,4,graph_perturbation,0.3,0.3333333333333333,0.16666666666666666
fixed_A5,45,4,graph_perturbation,0.3,0.35714285714285715,0.2241953385127636
fixed_A6,45,4,graph_perturbation,0.3,0.5,0.5007742129023455
fixed_A7,45,4,graph_perturbation,0.3,0.4444444444444444,0.4448961890822356
fixed_A8,45,4,graph_perturbation,0.3,0.4682539682539682,0.46710603318657773
fixed_A9,45,4,graph_perturbation,0.3,0.48412698412698413,0.48389187000101247
oracle,45,4,graph_perturbation,0.3,0.9523809523809524,0.9513704686118479
perturbation_label,45,4,graph_perturbation,0.3,0.48412698412698413,0.4821408425280354
fixed_A0,46,0,clean,clean,0.4573643410852713,0.4575757575757576
fixed_A1,46,0,clean,clean,0.4573643410852713,0.45520420149918084
fixed_A2,46,0,clean,clean,0.4108527131782946,0.4085775335775335
fixed_A3,46,0,clean,clean,0.3798449612403101,0.362926595094702
fixed_A5,46,0,clean,clean,0.44961240310077516,0.4493006993006993
fixed_A6,46,0,clean,clean,0.4883720930232558,0.48495635223324013
fixed_A7,46,0,clean,clean,0.4728682170542635,0.4714315833860426
fixed_A8,46,0,clean,clean,0.4883720930232558,0.4837194169427435
fixed_A9,46,0,clean,clean,0.4883720930232558,0.4837194169427435
oracle,46,0,clean,clean,0.9069767441860465,0.9068422932291339
perturbation_label,46,0,clean,clean,0.4573643410852713,0.4575757575757576
fixed_A0,46,0,amplitude_noise,20,0.4186046511627907,0.4145616327704403
fixed_A1,46,0,amplitude_noise,20,0.46511627906976744,0.4622062688667948
fixed_A2,46,0,amplitude_noise,20,0.3333333333333333,0.31512605042016806
fixed_A3,46,0,amplitude_noise,20,0.35658914728682173,0.3546891176733358
fixed_A5,46,0,amplitude_noise,20,0.31782945736434104,0.31186240575277036
fixed_A6,46,0,amplitude_noise,20,0.42635658914728686,0.4277531411677753
fixed_A7,46,0,amplitude_noise,20,0.4883720930232558,0.48604651162790696
fixed_A8,46,0,amplitude_noise,20,0.48062015503875966,0.476555023923445
fixed_A9,46,0,amplitude_noise,20,0.4728682170542635,0.4718114287214217
oracle,46,0,amplitude_noise,20,0.945736434108527,0.9456327985739751
perturbation_label,46,0,amplitude_noise,20,0.4186046511627907,0.4145616327704403
fixed_A0,46,0,amplitude_noise,10,0.3798449612403101,0.37955601716341963
fixed_A1,46,0,amplitude_noise,10,0.44961240310077516,0.4481481481481482
fixed_A2,46,0,amplitude_noise,10,0.3565891472868217,0.35489413485668164
fixed_A3,46,0,amplitude_noise,10,0.35658914728682173,0.3546891176733358
fixed_A5,46,0,amplitude_noise,10,0.26356589147286824,0.2579900606216396
fixed_A6,46,0,amplitude_noise,10,0.4108527131782946,0.4118054559460249
fixed_A7,46,0,amplitude_noise,10,0.44961240310077527,0.44128246974024204
fixed_A8,46,0,amplitude_noise,10,0.37209302325581395,0.37080733598033655
fixed_A9,46,0,amplitude_noise,10,0.34108527131782945,0.3432533989205438
oracle,46,0,amplitude_noise,10,0.9612403100775193,0.9613190730837791
perturbation_label,46,0,amplitude_noise,10,0.44961240310077527,0.44128246974024204
fixed_A0,46,0,amplitude_noise,5,0.35658914728682173,0.3510294221959666
fixed_A1,46,0,amplitude_noise,5,0.48062015503875966,0.4741502866502867
fixed_A2,46,0,amplitude_noise,5,0.31782945736434104,0.31339003874262666
fixed_A3,46,0,amplitude_noise,5,0.3565891472868217,0.35841750841750847
fixed_A5,46,0,amplitude_noise,5,0.310077519379845,0.31099815500308203
fixed_A6,46,0,amplitude_noise,5,0.441860465116279,0.4364942528735632
fixed_A7,46,0,amplitude_noise,5,0.42635658914728686,0.42166676272999154
fixed_A8,46,0,amplitude_noise,5,0.3023255813953489,0.297595773402225
fixed_A9,46,0,amplitude_noise,5,0.3643410852713178,0.3629170966632267
oracle,46,0,amplitude_noise,5,0.9767441860465116,0.9766519385086299
perturbation_label,46,0,amplitude_noise,5,0.48062015503875966,0.4741502866502867
fixed_A0,46,0,channel_dropout,0.1,0.44186046511627913,0.4159814463419776
fixed_A1,46,0,channel_dropout,0.1,0.4651162790697674,0.46136618141097424
fixed_A2,46,0,channel_dropout,0.1,0.3333333333333333,0.16666666666666666
fixed_A3,46,0,channel_dropout,0.1,0.37209302325581395,0.254557434658467
fixed_A5,46,0,channel_dropout,0.1,0.3333333333333333,0.16666666666666666
fixed_A6,46,0,channel_dropout,0.1,0.3333333333333333,0.16666666666666666
fixed_A7,46,0,channel_dropout,0.1,0.4186046511627907,0.41536398467432956
fixed_A8,46,0,channel_dropout,0.1,0.3333333333333333,0.16666666666666666
fixed_A9,46,0,channel_dropout,0.1,0.3333333333333333,0.16666666666666666
oracle,46,0,channel_dropout,0.1,1.0,1.0
perturbation_label,46,0,channel_dropout,0.1,0.4186046511627907,0.41536398467432956
fixed_A0,46,0,channel_dropout,0.2,0.40310077519379844,0.3337212288950742
fixed_A1,46,0,channel_dropout,0.2,0.44961240310077516,0.44270406770406767
fixed_A2,46,0,channel_dropout,0.2,0.3333333333333333,0.16666666666666666
fixed_A3,46,0,channel_dropout,0.2,0.3488372093023256,0.2009642550647497
fixed_A5,46,0,channel_dropout,0.2,0.3333333333333333,0.16666666666666666
fixed_A6,46,0,channel_dropout,0.2,0.3333333333333333,0.16666666666666666
fixed_A7,46,0,channel_dropout,0.2,0.44186046511627913,0.4248138297872341
fixed_A8,46,0,channel_dropout,0.2,0.3333333333333333,0.16764132553606237
fixed_A9,46,0,channel_dropout,0.2,0.3333333333333333,0.16666666666666666
oracle,46,0,channel_dropout,0.2,1.0,1.0
perturbation_label,46,0,channel_dropout,0.2,0.44961240310077516,0.44270406770406767
fixed_A0,46,0,channel_dropout,0.3,0.3488372093023256,0.2114649927198742
fixed_A1,46,0,channel_dropout,0.3,0.4883720930232558,0.49161126938904715
fixed_A2,46,0,channel_dropout,0.3,0.3333333333333333,0.16666666666666666
fixed_A3,46,0,channel_dropout,0.3,0.3333333333333333,0.16666666666666666
fixed_A5,46,0,channel_dropout,0.3,0.3333333333333333,0.16666666666666666
fixed_A6,46,0,channel_dropout,0.3,0.3333333333333333,0.16666666666666666
fixed_A7,46,0,channel_dropout,0.3,0.4108527131782946,0.3702841723585462
fixed_A8,46,0,channel_dropout,0.3,0.3333333333333333,0.16666666666666666
fixed_A9,46,0,channel_dropout,0.3,0.3333333333333333,0.16666666666666666
oracle,46,0,channel_dropout,0.3,1.0,1.0
perturbation_label,46,0,channel_dropout,0.3,0.4883720930232558,0.49161126938904715
fixed_A0,46,0,graph_perturbation,0.1,0.4573643410852713,0.4575757575757576
fixed_A1,46,0,graph_perturbation,0.1,0.4573643410852713,0.45520420149918084
fixed_A2,46,0,graph_perturbation,0.1,0.4108527131782946,0.4085775335775335
fixed_A3,46,0,graph_perturbation,0.1,0.310077519379845,0.218300389942181
fixed_A5,46,0,graph_perturbation,0.1,0.3333333333333333,0.22574693066496346
fixed_A6,46,0,graph_perturbation,0.1,0.4883720930232558,0.48495635223324013
fixed_A7,46,0,graph_perturbation,0.1,0.49612403100775193,0.4863842565970226
fixed_A8,46,0,graph_perturbation,0.1,0.4883720930232558,0.48306993446221586
fixed_A9,46,0,graph_perturbation,0.1,0.5038759689922481,0.5004480881921909
oracle,46,0,graph_perturbation,0.1,0.9224806201550386,0.9222222222222222
perturbation_label,46,0,graph_perturbation,0.1,0.4573643410852713,0.4575757575757576
fixed_A0,46,0,graph_perturbation,0.2,0.4573643410852713,0.4575757575757576
fixed_A1,46,0,graph_perturbation,0.2,0.4573643410852713,0.45520420149918084
fixed_A2,46,0,graph_perturbation,0.2,0.4108527131782946,0.4085775335775335
fixed_A3,46,0,graph_perturbation,0.2,0.34108527131782945,0.23625516914107517
fixed_A5,46,0,graph_perturbation,0.2,0.3333333333333333,0.211141060197664
fixed_A6,46,0,graph_perturbation,0.2,0.4883720930232558,0.48495635223324013
fixed_A7,46,0,graph_perturbation,0.2,0.49612403100775193,0.4925741557230676
fixed_A8,46,0,graph_perturbation,0.2,0.49612403100775193,0.4932582351937191
fixed_A9,46,0,graph_perturbation,0.2,0.5038759689922481,0.5011964947758678
oracle,46,0,graph_perturbation,0.2,0.9302325581395348,0.929763008076261
perturbation_label,46,0,graph_perturbation,0.2,0.4573643410852713,0.4575757575757576
fixed_A0,46,0,graph_perturbation,0.3,0.4573643410852713,0.4575757575757576
fixed_A1,46,0,graph_perturbation,0.3,0.4573643410852713,0.45520420149918084
fixed_A2,46,0,graph_perturbation,0.3,0.4108527131782946,0.4085775335775335
fixed_A3,46,0,graph_perturbation,0.3,0.3255813953488372,0.21572649572649572
fixed_A5,46,0,graph_perturbation,0.3,0.3178294573643411,0.19411444987964901
fixed_A6,46,0,graph_perturbation,0.3,0.4883720930232558,0.48495635223324013
fixed_A7,46,0,graph_perturbation,0.3,0.49612403100775193,0.49368686868686873
fixed_A8,46,0,graph_perturbation,0.3,0.5038759689922481,0.5002800801314004
fixed_A9,46,0,graph_perturbation,0.3,0.5038759689922481,0.5016075005470552
oracle,46,0,graph_perturbation,0.3,0.9302325581395348,0.929763008076261
perturbation_label,46,0,graph_perturbation,0.3,0.4573643410852713,0.4575757575757576
fixed_A0,46,1,clean,clean,0.5476190476190476,0.5448559670781893
fixed_A1,46,1,clean,clean,0.3968253968253968,0.39015579241143156
fixed_A2,46,1,clean,clean,0.4682539682539683,0.46313623565085554
fixed_A3,46,1,clean,clean,0.3095238095238095,0.3076776008521563
fixed_A5,46,1,clean,clean,0.4444444444444445,0.4408906696140738
fixed_A6,46,1,clean,clean,0.4444444444444444,0.43231287231287235
fixed_A7,46,1,clean,clean,0.3888888888888889,0.38185182515079424
fixed_A8,46,1,clean,clean,0.42063492063492064,0.40844824416252984
fixed_A9,46,1,clean,clean,0.41269841269841273,0.40202749140893473
oracle,46,1,clean,clean,0.9285714285714285,0.928242265389002
perturbation_label,46,1,clean,clean,0.42063492063492064,0.40844824416252984
fixed_A0,46,1,amplitude_noise,20,0.5238095238095238,0.5223060782455665
fixed_A1,46,1,amplitude_noise,20,0.3968253968253968,0.3880064848590122
fixed_A2,46,1,amplitude_noise,20,0.35714285714285715,0.3544650205761317
fixed_A3,46,1,amplitude_noise,20,0.3333333333333333,0.33277585193294007
fixed_A5,46,1,amplitude_noise,20,0.30952380952380953,0.30769230769230765
fixed_A6,46,1,amplitude_noise,20,0.42063492063492064,0.4176898111344391
fixed_A7,46,1,amplitude_noise,20,0.3968253968253968,0.3901293638135743
fixed_A8,46,1,amplitude_noise,20,0.4047619047619048,0.4028078010309523
fixed_A9,46,1,amplitude_noise,20,0.3412698412698412,0.3390731414584607
oracle,46,1,amplitude_noise,20,0.9841269841269842,0.9841269841269842
perturbation_label,46,1,amplitude_noise,20,0.5238095238095238,0.5223060782455665
fixed_A0,46,1,amplitude_noise,10,0.4047619047619047,0.3995255282734313
fixed_A1,46,1,amplitude_noise,10,0.3888888888888889,0.38121212121212117
fixed_A2,46,1,amplitude_noise,10,0.35714285714285715,0.356796373167741
fixed_A3,46,1,amplitude_noise,10,0.31746031746031744,0.31621881708490635
fixed_A5,46,1,amplitude_noise,10,0.3253968253968254,0.3228836695094987
fixed_A6,46,1,amplitude_noise,10,0.24603174603174605,0.24300250125289413
fixed_A7,46,1,amplitude_noise,10,0.42063492063492064,0.40987012987012994
fixed_A8,46,1,amplitude_noise,10,0.42063492063492064,0.41462781154225753
fixed_A9,46,1,amplitude_noise,10,0.29365079365079366,0.2926104177429734
oracle,46,1,amplitude_noise,10,0.9682539682539683,0.9678294573643411
perturbation_label,46,1,amplitude_noise,10,0.42063492063492064,0.40987012987012994
fixed_A0,46,1,amplitude_noise,5,0.3333333333333333,0.3331485587583149
fixed_A1,46,1,amplitude_noise,5,0.3968253968253968,0.38293851141669766
fixed_A2,46,1,amplitude_noise,5,0.2857142857142857,0.2844994851289108
fixed_A3,46,1,amplitude_noise,5,0.38095238095238093,0.3815706785055444
fixed_A5,46,1,amplitude_noise,5,0.42063492063492064,0.42091648189209163
fixed_A6,46,1,amplitude_noise,5,0.34920634920634913,0.3478081212387338
fixed_A7,46,1,amplitude_noise,5,0.38095238095238093,0.3714414884367936
fixed_A8,46,1,amplitude_noise,5,0.373015873015873,0.3685375926755237
fixed_A9,46,1,amplitude_noise,5,0.373015873015873,0.36984622216784374
oracle,46,1,amplitude_noise,5,0.9682539682539683,0.9683462139876031
perturbation_label,46,1,amplitude_noise,5,0.3968253968253968,0.38293851141669766
fixed_A0,46,1,channel_dropout,0.1,0.48412698412698413,0.405318915421851
fixed_A1,46,1,channel_dropout,0.1,0.41269841269841273,0.4018892630003741
fixed_A2,46,1,channel_dropout,0.1,0.3333333333333333,0.16666666666666666
fixed_A3,46,1,channel_dropout,0.1,0.30952380952380953,0.2238095238095238
fixed_A5,46,1,channel_dropout,0.1,0.34920634920634924,0.22835497835497834
fixed_A6,46,1,channel_dropout,0.1,0.3333333333333333,0.16666666666666666
fixed_A7,46,1,channel_dropout,0.1,0.3968253968253968,0.3886064488369337
fixed_A8,46,1,channel_dropout,0.1,0.3333333333333333,0.16666666666666666
fixed_A9,46,1,channel_dropout,0.1,0.3333333333333333,0.16666666666666666
oracle,46,1,channel_dropout,0.1,1.0,1.0
perturbation_label,46,1,channel_dropout,0.1,0.41269841269841273,0.4018892630003741
fixed_A0,46,1,channel_dropout,0.2,0.4841269841269842,0.4246213209995906
fixed_A1,46,1,channel_dropout,0.2,0.4047619047619048,0.40009163802978237
fixed_A2,46,1,channel_dropout,0.2,0.3333333333333333,0.16666666666666666
fixed_A3,46,1,channel_dropout,0.2,0.3333333333333333,0.16666666666666666
fixed_A5,46,1,channel_dropout,0.2,0.3333333333333333,0.16666666666666666
fixed_A6,46,1,channel_dropout,0.2,0.3333333333333333,0.2548148148148148
fixed_A7,46,1,channel_dropout,0.2,0.3650793650793651,0.33887419493551074
fixed_A8,46,1,channel_dropout,0.2,0.3174603174603175,0.17369359961710829
fixed_A9,46,1,channel_dropout,0.2,0.3333333333333333,0.16666666666666666
oracle,46,1,channel_dropout,0.2,0.8492063492063492,0.8362184631847552
perturbation_label,46,1,channel_dropout,0.2,0.4047619047619048,0.40009163802978237
fixed_A0,46,1,channel_dropout,0.3,0.4444444444444445,0.42522764591730117
fixed_A1,46,1,channel_dropout,0.3,0.4523809523809524,0.4507895963834661
fixed_A2,46,1,channel_dropout,0.3,0.3412698412698412,0.19528619528619529
fixed_A3,46,1,channel_dropout,0.3,0.3333333333333333,0.16666666666666666
fixed_A5,46,1,channel_dropout,0.3,0.3333333333333333,0.16666666666666666
fixed_A6,46,1,channel_dropout,0.3,0.3333333333333333,0.21975196612220205
fixed_A7,46,1,channel_dropout,0.3,0.3968253968253968,0.34296222138795035
fixed_A8,46,1,channel_dropout,0.3,0.30158730158730157,0.2416204923244618
fixed_A9,46,1,channel_dropout,0.3,0.3333333333333333,0.16666666666666666
oracle,46,1,channel_dropout,0.3,0.9761904761904763,0.9759808143757072
perturbation_label,46,1,channel_dropout,0.3,0.4523809523809524,0.4507895963834661
fixed_A0,46,1,graph_perturbation,0.1,0.5476190476190476,0.5448559670781893
fixed_A1,46,1,graph_perturbation,0.1,0.3968253968253968,0.39015579241143156
fixed_A2,46,1,graph_perturbation,0.1,0.4682539682539683,0.46313623565085554
fixed_A3,46,1,graph_perturbation,0.1,0.35714285714285715,0.25245653817082386
fixed_A5,46,1,graph_perturbation,0.1,0.41269841269841273,0.3484923736633556
fixed_A6,46,1,graph_perturbation,0.1,0.4444444444444444,0.43231287231287235
fixed_A7,46,1,graph_perturbation,0.1,0.38095238095238093,0.3696145124716554
fixed_A8,46,1,graph_perturbation,0.1,0.42857142857142855,0.4082734319943622
fixed_A9,46,1,graph_perturbation,0.1,0.42857142857142855,0.4107799801368042
oracle,46,1,graph_perturbation,0.1,0.8888888888888888,0.8864962354226001
perturbation_label,46,1,graph_perturbation,0.1,0.42857142857142855,0.4107799801368042
fixed_A0,46,1,graph_perturbation,0.2,0.5476190476190476,0.5448559670781893
fixed_A1,46,1,graph_perturbation,0.2,0.3968253968253968,0.39015579241143156
fixed_A2,46,1,graph_perturbation,0.2,0.4682539682539683,0.46313623565085554
fixed_A3,46,1,graph_perturbation,0.2,0.3333333333333333,0.2196969696969697
fixed_A5,46,1,graph_perturbation,0.2,0.43650793650793646,0.3646316646316647
fixed_A6,46,1,graph_perturbation,0.2,0.4444444444444444,0.43231287231287235
fixed_A7,46,1,graph_perturbation,0.2,0.38888888888888884,0.3785127224250855
fixed_A8,46,1,graph_perturbation,0.2,0.42857142857142855,0.4082734319943622
fixed_A9,46,1,graph_perturbation,0.2,0.42857142857142855,0.40837576821773486
oracle,46,1,graph_perturbation,0.2,0.9047619047619048,0.902166303010529
perturbation_label,46,1,graph_perturbation,0.2,0.5476190476190476,0.5448559670781893
fixed_A0,46,1,graph_perturbation,0.3,0.5476190476190476,0.5448559670781893
fixed_A1,46,1,graph_perturbation,0.3,0.3968253968253968,0.39015579241143156
fixed_A2,46,1,graph_perturbation,0.3,0.4682539682539683,0.46313623565085554
fixed_A3,46,1,graph_perturbation,0.3,0.3412698412698412,0.23111111111111113
fixed_A5,46,1,graph_perturbation,0.3,0.4603174603174603,0.37327823691460055
fixed_A6,46,1,graph_perturbation,0.3,0.4444444444444444,0.43231287231287235
fixed_A7,46,1,graph_perturbation,0.3,0.39682539682539675,0.3878718693787187
fixed_A8,46,1,graph_perturbation,0.3,0.42857142857142855,0.4079555077042885
fixed_A9,46,1,graph_perturbation,0.3,0.42857142857142855,0.4079555077042885
oracle,46,1,graph_perturbation,0.3,0.8968253968253969,0.8943381180223285
perturbation_label,46,1,graph_perturbation,0.3,0.42857142857142855,0.4079555077042885
fixed_A0,46,2,clean,clean,0.4444444444444444,0.4330572287432662
fixed_A1,46,2,clean,clean,0.41269841269841273,0.4128545934595486
fixed_A2,46,2,clean,clean,0.4206349206349207,0.4162368272240042
fixed_A3,46,2,clean,clean,0.373015873015873,0.37341585617447687
fixed_A5,46,2,clean,clean,0.4444444444444444,0.4436475328726024
fixed_A6,46,2,clean,clean,0.42063492063492064,0.41852812215829793
fixed_A7,46,2,clean,clean,0.4444444444444444,0.4405904890691909
fixed_A8,46,2,clean,clean,0.4682539682539683,0.4655997728286885
fixed_A9,46,2,clean,clean,0.4682539682539683,0.4655997728286885
oracle,46,2,clean,clean,0.8888888888888888,0.8888888888888888
perturbation_label,46,2,clean,clean,0.4444444444444444,0.4330572287432662
fixed_A0,46,2,amplitude_noise,20,0.4523809523809524,0.43898559088432504
fixed_A1,46,2,amplitude_noise,20,0.42063492063492064,0.4210466515923639
fixed_A2,46,2,amplitude_noise,20,0.35714285714285715,0.3561124949869803
fixed_A3,46,2,amplitude_noise,20,0.30158730158730157,0.30234337637494024
fixed_A5,46,2,amplitude_noise,20,0.38095238095238093,0.37931034482758624
fixed_A6,46,2,amplitude_noise,20,0.3968253968253968,0.39545386934945165
fixed_A7,46,2,amplitude_noise,20,0.43650793650793646,0.43504249556365
fixed_A8,46,2,amplitude_noise,20,0.4047619047619047,0.4043730613118058
fixed_A9,46,2,amplitude_noise,20,0.4365079365079365,0.4340711159243716
oracle,46,2,amplitude_noise,20,0.9285714285714285,0.9284883720930233
perturbation_label,46,2,amplitude_noise,20,0.4523809523809524,0.43898559088432504
fixed_A0,46,2,amplitude_noise,10,0.4682539682539682,0.45616141542113464
fixed_A1,46,2,amplitude_noise,10,0.42857142857142855,0.42685567091768206
fixed_A2,46,2,amplitude_noise,10,0.31746031746031744,0.3177577143449042
fixed_A3,46,2,amplitude_noise,10,0.3412698412698412,0.32854030501089326
fixed_A5,46,2,amplitude_noise,10,0.3333333333333333,0.33271917962587333
fixed_A6,46,2,amplitude_noise,10,0.38095238095238093,0.37565789473684214
fixed_A7,46,2,amplitude_noise,10,0.42063492063492064,0.42171983181625833
fixed_A8,46,2,amplitude_noise,10,0.32539682539682535,0.3253349532584118
fixed_A9,46,2,amplitude_noise,10,0.41269841269841273,0.41228875743906945
oracle,46,2,amplitude_noise,10,0.9841269841269842,0.984125859179013
perturbation_label,46,2,amplitude_noise,10,0.42063492063492064,0.42171983181625833
fixed_A0,46,2,amplitude_noise,5,0.3253968253968254,0.31428072798083023
fixed_A1,46,2,amplitude_noise,5,0.4603174603174603,0.45789172513310444
fixed_A2,46,2,amplitude_noise,5,0.35714285714285715,0.3550871103851912
fixed_A3,46,2,amplitude_noise,5,0.30952380952380953,0.3114663114663115
fixed_A5,46,2,amplitude_noise,5,0.30158730158730157,0.2998348143084985
fixed_A6,46,2,amplitude_noise,5,0.3253968253968254,0.32619834720065144
fixed_A7,46,2,amplitude_noise,5,0.4920634920634921,0.49294829427017134
fixed_A8,46,2,amplitude_noise,5,0.3412698412698412,0.3418216150774291
fixed_A9,46,2,amplitude_noise,5,0.3412698412698412,0.34125970524437954
oracle,46,2,amplitude_noise,5,0.9365079365079364,0.9364369843297046
perturbation_label,46,2,amplitude_noise,5,0.4603174603174603,0.45789172513310444
fixed_A0,46,2,channel_dropout,0.1,0.42063492063492064,0.38440847068029543
fixed_A1,46,2,channel_dropout,0.1,0.42857142857142855,0.4249258562543427
fixed_A2,46,2,channel_dropout,0.1,0.3253968253968254,0.1987990912041545
fixed_A3,46,2,channel_dropout,0.1,0.35714285714285715,0.2151761517615176
fixed_A5,46,2,channel_dropout,0.1,0.3333333333333333,0.16666666666666666
fixed_A6,46,2,channel_dropout,0.1,0.3333333333333333,0.16666666666666666
fixed_A7,46,2,channel_dropout,0.1,0.43650793650793657,0.4339882565492321
fixed_A8,46,2,channel_dropout,0.1,0.3333333333333333,0.16666666666666666
fixed_A9,46,2,channel_dropout,0.1,0.42857142857142855,0.32749778956675507
oracle,46,2,channel_dropout,0.1,0.9047619047619048,0.9006921270547522
perturbation_label,46,2,channel_dropout,0.1,0.42857142857142855,0.4249258562543427
fixed_A0,46,2,channel_dropout,0.2,0.373015873015873,0.27696078431372545
fixed_A1,46,2,channel_dropout,0.2,0.4444444444444445,0.4430686018534469
fixed_A2,46,2,channel_dropout,0.2,0.3333333333333333,0.16666666666666666
fixed_A3,46,2,channel_dropout,0.2,0.3333333333333333,0.2673878498961007
fixed_A5,46,2,channel_dropout,0.2,0.3333333333333333,0.16666666666666666
fixed_A6,46,2,channel_dropout,0.2,0.3333333333333333,0.16666666666666666
fixed_A7,46,2,channel_dropout,0.2,0.4603174603174603,0.4549480937485833
fixed_A8,46,2,channel_dropout,0.2,0.3333333333333333,0.16666666666666666
fixed_A9,46,2,channel_dropout,0.2,0.3333333333333333,0.16666666666666666
oracle,46,2,channel_dropout,0.2,0.8412698412698413,0.8292578659370724
perturbation_label,46,2,channel_dropout,0.2,0.4444444444444445,0.4430686018534469
fixed_A0,46,2,channel_dropout,0.3,0.3333333333333333,0.1821819151773806
fixed_A1,46,2,channel_dropout,0.3,0.4444444444444444,0.44398057607497554
fixed_A2,46,2,channel_dropout,0.3,0.3333333333333333,0.16666666666666666
fixed_A3,46,2,channel_dropout,0.3,0.30952380952380953,0.1718824767920375
fixed_A5,46,2,channel_dropout,0.3,0.3333333333333333,0.16666666666666666
fixed_A6,46,2,channel_dropout,0.3,0.3333333333333333,0.16666666666666666
fixed_A7,46,2,channel_dropout,0.3,0.43650793650793657,0.41004458431681096
fixed_A8,46,2,channel_dropout,0.3,0.3333333333333333,0.16666666666666666
fixed_A9,46,2,channel_dropout,0.3,0.3333333333333333,0.16666666666666666
oracle,46,2,channel_dropout,0.3,1.0,1.0
perturbation_label,46,2,channel_dropout,0.3,0.4444444444444444,0.44398057607497554
fixed_A0,46,2,graph_perturbation,0.1,0.4444444444444444,0.4330572287432662
fixed_A1,46,2,graph_perturbation,0.1,0.41269841269841273,0.4128545934595486
fixed_A2,46,2,graph_perturbation,0.1,0.4206349206349207,0.4162368272240042
fixed_A3,46,2,graph_perturbation,0.1,0.3333333333333333,0.243398392652124
fixed_A5,46,2,graph_perturbation,0.1,0.36507936507936506,0.2796425587778971
fixed_A6,46,2,graph_perturbation,0.1,0.42063492063492064,0.41852812215829793
fixed_A7,46,2,graph_perturbation,0.1,0.43650793650793646,0.43310520084322385
fixed_A8,46,2,graph_perturbation,0.1,0.4603174603174603,0.456402476084319
fixed_A9,46,2,graph_perturbation,0.1,0.4603174603174603,0.45824837263193424
oracle,46,2,graph_perturbation,0.1,0.8412698412698413,0.8396857091286494
perturbation_label,46,2,graph_perturbation,0.1,0.4444444444444444,0.4330572287432662
fixed_A0,46,2,graph_perturbation,0.2,0.4444444444444444,0.4330572287432662
fixed_A1,46,2,graph_perturbation,0.2,0.41269841269841273,0.4128545934595486
fixed_A2,46,2,graph_perturbation,0.2,0.4206349206349207,0.4162368272240042
fixed_A3,46,2,graph_perturbation,0.2,0.30952380952380953,0.23298544263181006
fixed_A5,46,2,graph_perturbation,0.2,0.34920634920634924,0.2529537612146308
fixed_A6,46,2,graph_perturbation,0.2,0.42063492063492064,0.41852812215829793
fixed_A7,46,2,graph_perturbation,0.2,0.42063492063492064,0.41865079365079366
fixed_A8,46,2,graph_perturbation,0.2,0.4444444444444444,0.4425593235316109
fixed_A9,46,2,graph_perturbation,0.2,0.4444444444444444,0.4421850079744816
oracle,46,2,graph_perturbation,0.2,0.8333333333333334,0.8314855875831485
perturbation_label,46,2,graph_perturbation,0.2,0.4444444444444444,0.4330572287432662
fixed_A0,46,2,graph_perturbation,0.3,0.4444444444444444,0.4330572287432662
fixed_A1,46,2,graph_perturbation,0.3,0.41269841269841273,0.4128545934595486
fixed_A2,46,2,graph_perturbation,0.3,0.4206349206349207,0.4162368272240042
fixed_A3,46,2,graph_perturbation,0.3,0.34920634920634924,0.2359307359307359
fixed_A5,46,2,graph_perturbation,0.3,0.37301587301587297,0.2679151311370156
fixed_A6,46,2,graph_perturbation,0.3,0.42063492063492064,0.41852812215829793
fixed_A7,46,2,graph_perturbation,0.3,0.42857142857142855,0.42922523700555737
fixed_A8,46,2,graph_perturbation,0.3,0.4603174603174603,0.459061804589806
fixed_A9,46,2,graph_perturbation,0.3,0.4365079365079365,0.4352082127908668
oracle,46,2,graph_perturbation,0.3,0.8333333333333334,0.8291495475811623
perturbation_label,46,2,graph_perturbation,0.3,0.4444444444444444,0.4330572287432662
fixed_A0,46,3,clean,clean,0.4920634920634921,0.49349415204678365
fixed_A1,46,3,clean,clean,0.4603174603174603,0.4586141088649069
fixed_A2,46,3,clean,clean,0.4603174603174604,0.45459198728861655
fixed_A3,46,3,clean,clean,0.38095238095238093,0.37917746937115554
fixed_A5,46,3,clean,clean,0.4365079365079365,0.4333785004516712
fixed_A6,46,3,clean,clean,0.4523809523809524,0.44977462249267525
fixed_A7,46,3,clean,clean,0.4761904761904762,0.4722432816624924
fixed_A8,46,3,clean,clean,0.4682539682539682,0.46672788987026087
fixed_A9,46,3,clean,clean,0.4682539682539682,0.46744738055864915
oracle,46,3,clean,clean,0.873015873015873,0.8738008212625784
perturbation_label,46,3,clean,clean,0.4920634920634921,0.49349415204678365
fixed_A0,46,3,amplitude_noise,20,0.4920634920634921,0.49294248348621866
fixed_A1,46,3,amplitude_noise,20,0.4603174603174603,0.45934509178978833
fixed_A2,46,3,amplitude_noise,20,0.3650793650793651,0.3612713837432939
fixed_A3,46,3,amplitude_noise,20,0.38095238095238093,0.3765819965103308
fixed_A5,46,3,amplitude_noise,20,0.38095238095238093,0.3807587251362352
fixed_A6,46,3,amplitude_noise,20,0.4603174603174603,0.45840888934081264
fixed_A7,46,3,amplitude_noise,20,0.4920634920634921,0.48888098102677935
fixed_A8,46,3,amplitude_noise,20,0.38888888888888884,0.38847923362954556
fixed_A9,46,3,amplitude_noise,20,0.4365079365079365,0.43190372056351434
oracle,46,3,amplitude_noise,20,0.9603174603174603,0.9603857391363091
perturbation_label,46,3,amplitude_noise,20,0.4920634920634921,0.49294248348621866
fixed_A0,46,3,amplitude_noise,10,0.4603174603174603,0.460082304526749
fixed_A1,46,3,amplitude_noise,10,0.4285714285714286,0.42655812827571454
fixed_A2,46,3,amplitude_noise,10,0.373015873015873,0.37212464538045936
fixed_A3,46,3,amplitude_noise,10,0.3650793650793651,0.3622884594388034
fixed_A5,46,3,amplitude_noise,10,0.3968253968253968,0.3959544737435204
fixed_A6,46,3,amplitude_noise,10,0.3333333333333333,0.33382852100946264
fixed_A7,46,3,amplitude_noise,10,0.4523809523809524,0.4456501956501957
fixed_A8,46,3,amplitude_noise,10,0.373015873015873,0.36457069314212176
fixed_A9,46,3,amplitude_noise,10,0.2698412698412698,0.2699588477366255
oracle,46,3,amplitude_noise,10,0.9761904761904763,0.9759808143757072
perturbation_label,46,3,amplitude_noise,10,0.4523809523809524,0.4456501956501957
fixed_A0,46,3,amplitude_noise,5,0.38095238095238093,0.3793478260869565
fixed_A1,46,3,amplitude_noise,5,0.43650793650793646,0.4363177408259334
fixed_A2,46,3,amplitude_noise,5,0.38095238095238093,0.38033589091859277
fixed_A3,46,3,amplitude_noise,5,0.30158730158730157,0.3002707830189211
fixed_A5,46,3,amplitude_noise,5,0.34920634920634924,0.34813147845062736
fixed_A6,46,3,amplitude_noise,5,0.30158730158730157,0.3014099044888871
fixed_A7,46,3,amplitude_noise,5,0.4285714285714286,0.4280449529209274
fixed_A8,46,3,amplitude_noise,5,0.3333333333333333,0.3316563008018704
fixed_A9,46,3,amplitude_noise,5,0.3968253968253968,0.39769709501510264
oracle,46,3,amplitude_noise,5,0.9920634920634921,0.9920623671155209
perturbation_label,46,3,amplitude_noise,5,0.43650793650793646,0.4363177408259334
fixed_A0,46,3,channel_dropout,0.1,0.42063492063492064,0.40496703590272015
fixed_A1,46,3,channel_dropout,0.1,0.42857142857142855,0.42841131969739427
fixed_A2,46,3,channel_dropout,0.1,0.3333333333333333,0.16666666666666666
fixed_A3,46,3,channel_dropout,0.1,0.3333333333333333,0.16666666666666666
fixed_A5,46,3,channel_dropout,0.1,0.3333333333333333,0.16666666666666666
fixed_A6,46,3,channel_dropout,0.1,0.3333333333333333,0.16666666666666666
fixed_A7,46,3,channel_dropout,0.1,0.4603174603174603,0.4310929484392661
fixed_A8,46,3,channel_dropout,0.1,0.3333333333333333,0.1919679763303311
fixed_A9,46,3,channel_dropout,0.1,0.3333333333333333,0.16666666666666666
oracle,46,3,channel_dropout,0.1,0.8650793650793651,0.8543208670233122
perturbation_label,46,3,channel_dropout,0.1,0.42857142857142855,0.42841131969739427
fixed_A0,46,3,channel_dropout,0.2,0.5238095238095237,0.5088223632038065
fixed_A1,46,3,channel_dropout,0.2,0.38095238095238093,0.3819290465631929
fixed_A2,46,3,channel_dropout,0.2,0.3333333333333333,0.16666666666666666
fixed_A3,46,3,channel_dropout,0.2,0.3333333333333333,0.16666666666666666
fixed_A5,46,3,channel_dropout,0.2,0.3333333333333333,0.16666666666666666
fixed_A6,46,3,channel_dropout,0.2,0.3333333333333333,0.16666666666666666
fixed_A7,46,3,channel_dropout,0.2,0.4444444444444445,0.412071412071412
fixed_A8,46,3,channel_dropout,0.2,0.3968253968253968,0.3071356504192325
fixed_A9,46,3,channel_dropout,0.2,0.3333333333333333,0.16666666666666666
oracle,46,3,channel_dropout,0.2,1.0,1.0
perturbation_label,46,3,channel_dropout,0.2,0.38095238095238093,0.3819290465631929
fixed_A0,46,3,channel_dropout,0.3,0.4761904761904761,0.4610628019323672
fixed_A1,46,3,channel_dropout,0.3,0.34920634920634913,0.3484154771523476
fixed_A2,46,3,channel_dropout,0.3,0.3333333333333333,0.16666666666666666
fixed_A3,46,3,channel_dropout,0.3,0.3650793650793651,0.2857142857142857
fixed_A5,46,3,channel_dropout,0.3,0.3333333333333333,0.16666666666666666
fixed_A6,46,3,channel_dropout,0.3,0.3333333333333333,0.16666666666666666
fixed_A7,46,3,channel_dropout,0.3,0.38888888888888884,0.3832251244371858
fixed_A8,46,3,channel_dropout,0.3,0.3333333333333333,0.16666666666666666
fixed_A9,46,3,channel_dropout,0.3,0.3333333333333333,0.16666666666666666
oracle,46,3,channel_dropout,0.3,0.9761904761904763,0.9759808143757072
perturbation_label,46,3,channel_dropout,0.3,0.34920634920634913,0.3484154771523476
fixed_A0,46,3,graph_perturbation,0.1,0.4920634920634921,0.49349415204678365
fixed_A1,46,3,graph_perturbation,0.1,0.4603174603174603,0.4586141088649069
fixed_A2,46,3,graph_perturbation,0.1,0.4603174603174604,0.45459198728861655
fixed_A3,46,3,graph_perturbation,0.1,0.3174603174603175,0.17369359961710829
fixed_A5,46,3,graph_perturbation,0.1,0.38888888888888884,0.2797665514293149
fixed_A6,46,3,graph_perturbation,0.1,0.4523809523809524,0.44977462249267525
fixed_A7,46,3,graph_perturbation,0.1,0.4841269841269842,0.4850019794341864
fixed_A8,46,3,graph_perturbation,0.1,0.4444444444444444,0.444999444999445
fixed_A9,46,3,graph_perturbation,0.1,0.4444444444444445,0.4458419759624579
oracle,46,3,graph_perturbation,0.1,0.880952380952381,0.8791417071202882
perturbation_label,46,3,graph_perturbation,0.1,0.4920634920634921,0.49349415204678365
fixed_A0,46,3,graph_perturbation,0.2,0.4920634920634921,0.49349415204678365
fixed_A1,46,3,graph_perturbation,0.2,0.4603174603174603,0.4586141088649069
fixed_A2,46,3,graph_perturbation,0.2,0.4603174603174604,0.45459198728861655
fixed_A3,46,3,graph_perturbation,0.2,0.3333333333333333,0.16969696969696968
fixed_A5,46,3,graph_perturbation,0.2,0.3650793650793651,0.25151240169388994
fixed_A6,46,3,graph_perturbation,0.2,0.4523809523809524,0.44977462249267525
fixed_A7,46,3,graph_perturbation,0.2,0.4682539682539683,0.46890032561974343
fixed_A8,46,3,graph_perturbation,0.2,0.4523809523809524,0.4533910533910534
fixed_A9,46,3,graph_perturbation,0.2,0.4365079365079365,0.43806054033292097
oracle,46,3,graph_perturbation,0.2,0.880952380952381,0.8791417071202882
perturbation_label,46,3,graph_perturbation,0.2,0.4920634920634921,0.49349415204678365
fixed_A0,46,3,graph_perturbation,0.3,0.4920634920634921,0.49349415204678365
fixed_A1,46,3,graph_perturbation,0.3,0.4603174603174603,0.4586141088649069
fixed_A2,46,3,graph_perturbation,0.3,0.4603174603174604,0.45459198728861655
fixed_A3,46,3,graph_perturbation,0.3,0.3253968253968254,0.16367265469061876
fixed_A5,46,3,graph_perturbation,0.3,0.34920634920634924,0.211123443087927
fixed_A6,46,3,graph_perturbation,0.3,0.4523809523809524,0.44977462249267525
fixed_A7,46,3,graph_perturbation,0.3,0.4603174603174603,0.46017571687309466
fixed_A8,46,3,graph_perturbation,0.3,0.4603174603174603,0.46124997465993633
fixed_A9,46,3,graph_perturbation,0.3,0.4603174603174603,0.46124997465993633
oracle,46,3,graph_perturbation,0.3,0.873015873015873,0.8710273466371027
perturbation_label,46,3,graph_perturbation,0.3,0.4920634920634921,0.49349415204678365
fixed_A0,46,4,clean,clean,0.4761904761904762,0.4800106480809254
fixed_A1,46,4,clean,clean,0.4365079365079365,0.4363171355498722
fixed_A2,46,4,clean,clean,0.38888888888888884,0.3897350154532097
fixed_A3,46,4,clean,clean,0.30952380952380953,0.3095118885834857
fixed_A5,46,4,clean,clean,0.41269841269841273,0.414274322169059
fixed_A6,46,4,clean,clean,0.4444444444444444,0.4414502289560917
fixed_A7,46,4,clean,clean,0.4682539682539682,0.4705186704263864
fixed_A8,46,4,clean,clean,0.4285714285714286,0.42706045966915535
fixed_A9,46,4,clean,clean,0.4285714285714286,0.42706045966915535
oracle,46,4,clean,clean,0.8888888888888888,0.8889504804138951
perturbation_label,46,4,clean,clean,0.4761904761904762,0.4800106480809254
fixed_A0,46,4,amplitude_noise,20,0.5,0.5009584052137244
fixed_A1,46,4,amplitude_noise,20,0.4365079365079365,0.43617003151886874
fixed_A2,46,4,amplitude_noise,20,0.38095238095238093,0.3834415584415584
fixed_A3,46,4,amplitude_noise,20,0.30158730158730157,0.29861619861619865
fixed_A5,46,4,amplitude_noise,20,0.31746031746031744,0.3157649179785791
fixed_A6,46,4,amplitude_noise,20,0.42857142857142855,0.42609142618293144
fixed_A7,46,4,amplitude_noise,20,0.4761904761904761,0.47670361812546985
fixed_A8,46,4,amplitude_noise,20,0.36507936507936506,0.3644016227180527
fixed_A9,46,4,amplitude_noise,20,0.42857142857142855,0.4281425544176374
oracle,46,4,amplitude_noise,20,0.9841269841269842,0.984125859179013
perturbation_label,46,4,amplitude_noise,20,0.5,0.5009584052137244
fixed_A0,46,4,amplitude_noise,10,0.4444444444444445,0.44356252967440196
fixed_A1,46,4,amplitude_noise,10,0.42063492063492064,0.42323528812246475
fixed_A2,46,4,amplitude_noise,10,0.3412698412698412,0.34028666220983966
fixed_A3,46,4,amplitude_noise,10,0.373015873015873,0.37196610024088334
fixed_A5,46,4,amplitude_noise,10,0.3253968253968254,0.323450314136366
fixed_A6,46,4,amplitude_noise,10,0.3968253968253968,0.3932196646774652
fixed_A7,46,4,amplitude_noise,10,0.4603174603174603,0.4618245806884276
fixed_A8,46,4,amplitude_noise,10,0.4047619047619047,0.4060486156122424
fixed_A9,46,4,amplitude_noise,10,0.2857142857142857,0.28210104190345003
oracle,46,4,amplitude_noise,10,0.9920634920634921,0.9920623671155209
perturbation_label,46,4,amplitude_noise,10,0.4603174603174603,0.4618245806884276
fixed_A0,46,4,amplitude_noise,5,0.31746031746031744,0.3174963924963925
fixed_A1,46,4,amplitude_noise,5,0.4047619047619047,0.405086257576679
fixed_A2,46,4,amplitude_noise,5,0.3650793650793651,0.3648989898989899
fixed_A3,46,4,amplitude_noise,5,0.3412698412698412,0.3399636761705727
fixed_A5,46,4,amplitude_noise,5,0.38095238095238093,0.3809068626623117
fixed_A6,46,4,amplitude_noise,5,0.38888888888888884,0.38740310077519374
fixed_A7,46,4,amplitude_noise,5,0.4365079365079365,0.4376727923239551
fixed_A8,46,4,amplitude_noise,5,0.41269841269841273,0.41188753066147704
fixed_A9,46,4,amplitude_noise,5,0.3968253968253968,0.39076626978026047
oracle,46,4,amplitude_noise,5,0.9523809523809522,0.9527410888726827
perturbation_label,46,4,amplitude_noise,5,0.4047619047619047,0.405086257576679
fixed_A0,46,4,channel_dropout,0.1,0.35714285714285715,0.2266712983927497
fixed_A1,46,4,channel_dropout,0.1,0.4444444444444444,0.44267679070641974
fixed_A2,46,4,channel_dropout,0.1,0.3333333333333333,0.16666666666666666
fixed_A3,46,4,channel_dropout,0.1,0.3333333333333333,0.16666666666666666
fixed_A5,46,4,channel_dropout,0.1,0.3333333333333333,0.16666666666666666
fixed_A6,46,4,channel_dropout,0.1,0.34920634920634924,0.27708486182440695
fixed_A7,46,4,channel_dropout,0.1,0.4682539682539682,0.4691426459719143
fixed_A8,46,4,channel_dropout,0.1,0.3333333333333333,0.16666666666666666
fixed_A9,46,4,channel_dropout,0.1,0.35714285714285715,0.2244267502066745
oracle,46,4,channel_dropout,0.1,1.0,1.0
perturbation_label,46,4,channel_dropout,0.1,0.4444444444444444,0.44267679070641974
fixed_A0,46,4,channel_dropout,0.2,0.4603174603174603,0.46090166595784576
fixed_A1,46,4,channel_dropout,0.2,0.4761904761904763,0.47373358348968103
fixed_A2,46,4,channel_dropout,0.2,0.3333333333333333,0.16666666666666666
fixed_A3,46,4,channel_dropout,0.2,0.3333333333333333,0.16666666666666666
fixed_A5,46,4,channel_dropout,0.2,0.3333333333333333,0.16666666666666666
fixed_A6,46,4,channel_dropout,0.2,0.3333333333333333,0.16666666666666666
fixed_A7,46,4,channel_dropout,0.2,0.4920634920634921,0.43159024219331665
fixed_A8,46,4,channel_dropout,0.2,0.3333333333333333,0.16666666666666666
fixed_A9,46,4,channel_dropout,0.2,0.3333333333333333,0.16666666666666666
oracle,46,4,channel_dropout,0.2,0.9444444444444445,0.943218439952174
perturbation_label,46,4,channel_dropout,0.2,0.4761904761904763,0.47373358348968103
fixed_A0,46,4,channel_dropout,0.3,0.3253968253968254,0.24902874902874905
fixed_A1,46,4,channel_dropout,0.3,0.4603174603174603,0.4602767602767603
fixed_A2,46,4,channel_dropout,0.3,0.3333333333333333,0.16666666666666666
fixed_A3,46,4,channel_dropout,0.3,0.3333333333333333,0.16666666666666666
fixed_A5,46,4,channel_dropout,0.3,0.3333333333333333,0.16666666666666666
fixed_A6,46,4,channel_dropout,0.3,0.3333333333333333,0.16666666666666666
fixed_A7,46,4,channel_dropout,0.3,0.42063492063492064,0.4197941490790429
fixed_A8,46,4,channel_dropout,0.3,0.3333333333333333,0.16666666666666666
fixed_A9,46,4,channel_dropout,0.3,0.3650793650793651,0.2699408632918856
oracle,46,4,channel_dropout,0.3,1.0,1.0
perturbation_label,46,4,channel_dropout,0.3,0.4603174603174603,0.4602767602767603
fixed_A0,46,4,graph_perturbation,0.1,0.4761904761904762,0.4800106480809254
fixed_A1,46,4,graph_perturbation,0.1,0.4365079365079365,0.4363171355498722
fixed_A2,46,4,graph_perturbation,0.1,0.38888888888888884,0.3897350154532097
fixed_A3,46,4,graph_perturbation,0.1,0.3333333333333333,0.18115942028985507
fixed_A5,46,4,graph_perturbation,0.1,0.4047619047619048,0.3400355377866622
fixed_A6,46,4,graph_perturbation,0.1,0.4444444444444444,0.4414502289560917
fixed_A7,46,4,graph_perturbation,0.1,0.4523809523809524,0.45212818348107503
fixed_A8,46,4,graph_perturbation,0.1,0.4365079365079365,0.43379351990671333
fixed_A9,46,4,graph_perturbation,0.1,0.4285714285714286,0.4263705240111774
oracle,46,4,graph_perturbation,0.1,0.9047619047619048,0.904390652620393
perturbation_label,46,4,graph_perturbation,0.1,0.4761904761904762,0.4800106480809254
fixed_A0,46,4,graph_perturbation,0.2,0.4761904761904762,0.4800106480809254
fixed_A1,46,4,graph_perturbation,0.2,0.4365079365079365,0.4363171355498722
fixed_A2,46,4,graph_perturbation,0.2,0.38888888888888884,0.3897350154532097
fixed_A3,46,4,graph_perturbation,0.2,0.3333333333333333,0.16766467065868262
fixed_A5,46,4,graph_perturbation,0.2,0.38888888888888884,0.31650257852789493
fixed_A6,46,4,graph_perturbation,0.2,0.4444444444444444,0.4414502289560917
fixed_A7,46,4,graph_perturbation,0.2,0.4523809523809524,0.45212818348107503
fixed_A8,46,4,graph_perturbation,0.2,0.4365079365079365,0.43473008136797325
fixed_A9,46,4,graph_perturbation,0.2,0.4285714285714286,0.42773863964075315
oracle,46,4,graph_perturbation,0.2,0.8968253968253969,0.8962003083866884
perturbation_label,46,4,graph_perturbation,0.2,0.4761904761904762,0.4800106480809254
fixed_A0,46,4,graph_perturbation,0.3,0.4761904761904762,0.4800106480809254
fixed_A1,46,4,graph_perturbation,0.3,0.4365079365079365,0.4363171355498722
fixed_A2,46,4,graph_perturbation,0.3,0.38888888888888884,0.3897350154532097
fixed_A3,46,4,graph_perturbation,0.3,0.3333333333333333,0.16666666666666666
fixed_A5,46,4,graph_perturbation,0.3,0.38888888888888884,0.32182699433195133
fixed_A6,46,4,graph_perturbation,0.3,0.4444444444444444,0.4414502289560917
fixed_A7,46,4,graph_perturbation,0.3,0.4285714285714286,0.429999769383331
fixed_A8,46,4,graph_perturbation,0.3,0.4285714285714286,0.42706045966915535
fixed_A9,46,4,graph_perturbation,0.3,0.4285714285714286,0.42706045966915535
oracle,46,4,graph_perturbation,0.3,0.8968253968253969,0.8962003083866884
perturbation_label,46,4,graph_perturbation,0.3,0.4761904761904762,0.4800106480809254
entropy_fusion,42,0,clean,clean,0.5116279069767442,nan
entropy_fusion,42,0,amplitude_noise,20,0.3875968992248062,nan
entropy_fusion,42,0,amplitude_noise,10,0.4108527131782946,nan
entropy_fusion,42,0,amplitude_noise,5,0.3023255813953488,nan
entropy_fusion,42,0,channel_dropout,0.1,0.3333333333333333,nan
entropy_fusion,42,0,channel_dropout,0.2,0.3333333333333333,nan
entropy_fusion,42,0,channel_dropout,0.3,0.3333333333333333,nan
entropy_fusion,42,0,graph_perturbation,0.1,0.4883720930232558,nan
entropy_fusion,42,0,graph_perturbation,0.2,0.4728682170542636,nan
entropy_fusion,42,0,graph_perturbation,0.3,0.48062015503875966,nan
entropy_fusion,42,1,clean,clean,0.5238095238095238,nan
entropy_fusion,42,1,amplitude_noise,20,0.42857142857142855,nan
entropy_fusion,42,1,amplitude_noise,10,0.373015873015873,nan
entropy_fusion,42,1,amplitude_noise,5,0.373015873015873,nan
entropy_fusion,42,1,channel_dropout,0.1,0.4365079365079365,nan
entropy_fusion,42,1,channel_dropout,0.2,0.3333333333333333,nan
entropy_fusion,42,1,channel_dropout,0.3,0.3333333333333333,nan
entropy_fusion,42,1,graph_perturbation,0.1,0.5158730158730158,nan
entropy_fusion,42,1,graph_perturbation,0.2,0.5158730158730158,nan
entropy_fusion,42,1,graph_perturbation,0.3,0.5317460317460317,nan
entropy_fusion,42,2,clean,clean,0.5,nan
entropy_fusion,42,2,amplitude_noise,20,0.38095238095238093,nan
entropy_fusion,42,2,amplitude_noise,10,0.43650793650793646,nan
entropy_fusion,42,2,amplitude_noise,5,0.32539682539682535,nan
entropy_fusion,42,2,channel_dropout,0.1,0.3333333333333333,nan
entropy_fusion,42,2,channel_dropout,0.2,0.3333333333333333,nan
entropy_fusion,42,2,channel_dropout,0.3,0.3333333333333333,nan
entropy_fusion,42,2,graph_perturbation,0.1,0.49999999999999994,nan
entropy_fusion,42,2,graph_perturbation,0.2,0.49206349206349204,nan
entropy_fusion,42,2,graph_perturbation,0.3,0.5158730158730158,nan
entropy_fusion,42,3,clean,clean,0.5238095238095238,nan
entropy_fusion,42,3,amplitude_noise,20,0.42857142857142855,nan
entropy_fusion,42,3,amplitude_noise,10,0.3412698412698412,nan
entropy_fusion,42,3,amplitude_noise,5,0.3412698412698412,nan
entropy_fusion,42,3,channel_dropout,0.1,0.3333333333333333,nan
entropy_fusion,42,3,channel_dropout,0.2,0.3333333333333333,nan
entropy_fusion,42,3,channel_dropout,0.3,0.3333333333333333,nan
entropy_fusion,42,3,graph_perturbation,0.1,0.4920634920634921,nan
entropy_fusion,42,3,graph_perturbation,0.2,0.507936507936508,nan
entropy_fusion,42,3,graph_perturbation,0.3,0.5158730158730159,nan
entropy_fusion,42,4,clean,clean,0.5555555555555555,nan
entropy_fusion,42,4,amplitude_noise,20,0.4523809523809524,nan
entropy_fusion,42,4,amplitude_noise,10,0.373015873015873,nan
entropy_fusion,42,4,amplitude_noise,5,0.38095238095238093,nan
entropy_fusion,42,4,channel_dropout,0.1,0.4285714285714286,nan
entropy_fusion,42,4,channel_dropout,0.2,0.3333333333333333,nan
entropy_fusion,42,4,channel_dropout,0.3,0.42857142857142855,nan
entropy_fusion,42,4,graph_perturbation,0.1,0.5555555555555555,nan
entropy_fusion,42,4,graph_perturbation,0.2,0.5555555555555555,nan
entropy_fusion,42,4,graph_perturbation,0.3,0.5555555555555555,nan
entropy_fusion,43,0,clean,clean,0.49612403100775193,nan
entropy_fusion,43,0,amplitude_noise,20,0.34108527131782945,nan
entropy_fusion,43,0,amplitude_noise,10,0.3565891472868217,nan
entropy_fusion,43,0,amplitude_noise,5,0.31782945736434104,nan
entropy_fusion,43,0,channel_dropout,0.1,0.3333333333333333,nan
entropy_fusion,43,0,channel_dropout,0.2,0.3333333333333333,nan
entropy_fusion,43,0,channel_dropout,0.3,0.3333333333333333,nan
entropy_fusion,43,0,graph_perturbation,0.1,0.4883720930232558,nan
entropy_fusion,43,0,graph_perturbation,0.2,0.503875968992248,nan
entropy_fusion,43,0,graph_perturbation,0.3,0.5038759689922481,nan
entropy_fusion,43,1,clean,clean,0.5317460317460317,nan
entropy_fusion,43,1,amplitude_noise,20,0.38888888888888884,nan
entropy_fusion,43,1,amplitude_noise,10,0.373015873015873,nan
entropy_fusion,43,1,amplitude_noise,5,0.31746031746031744,nan
entropy_fusion,43,1,channel_dropout,0.1,0.3333333333333333,nan
entropy_fusion,43,1,channel_dropout,0.2,0.3333333333333333,nan
entropy_fusion,43,1,channel_dropout,0.3,0.3333333333333333,nan
entropy_fusion,43,1,graph_perturbation,0.1,0.507936507936508,nan
entropy_fusion,43,1,graph_perturbation,0.2,0.5158730158730159,nan
entropy_fusion,43,1,graph_perturbation,0.3,0.5317460317460317,nan
entropy_fusion,43,2,clean,clean,0.5634920634920634,nan
entropy_fusion,43,2,amplitude_noise,20,0.4841269841269842,nan
entropy_fusion,43,2,amplitude_noise,10,0.4126984126984126,nan
entropy_fusion,43,2,amplitude_noise,5,0.373015873015873,nan
entropy_fusion,43,2,channel_dropout,0.1,0.3333333333333333,nan
entropy_fusion,43,2,channel_dropout,0.2,0.3412698412698412,nan
entropy_fusion,43,2,channel_dropout,0.3,0.3333333333333333,nan
entropy_fusion,43,2,graph_perturbation,0.1,0.5476190476190476,nan
entropy_fusion,43,2,graph_perturbation,0.2,0.5476190476190476,nan
entropy_fusion,43,2,graph_perturbation,0.3,0.5634920634920634,nan
entropy_fusion,43,3,clean,clean,0.4920634920634921,nan
entropy_fusion,43,3,amplitude_noise,20,0.4285714285714286,nan
entropy_fusion,43,3,amplitude_noise,10,0.3253968253968254,nan
entropy_fusion,43,3,amplitude_noise,5,0.35714285714285715,nan
entropy_fusion,43,3,channel_dropout,0.1,0.4761904761904762,nan
entropy_fusion,43,3,channel_dropout,0.2,0.3333333333333333,nan
entropy_fusion,43,3,channel_dropout,0.3,0.3412698412698412,nan
entropy_fusion,43,3,graph_perturbation,0.1,0.4920634920634921,nan
entropy_fusion,43,3,graph_perturbation,0.2,0.48412698412698413,nan
entropy_fusion,43,3,graph_perturbation,0.3,0.4920634920634921,nan
entropy_fusion,43,4,clean,clean,0.5396825396825397,nan
entropy_fusion,43,4,amplitude_noise,20,0.4682539682539682,nan
entropy_fusion,43,4,amplitude_noise,10,0.3333333333333333,nan
entropy_fusion,43,4,amplitude_noise,5,0.31746031746031744,nan
entropy_fusion,43,4,channel_dropout,0.1,0.3333333333333333,nan
entropy_fusion,43,4,channel_dropout,0.2,0.3333333333333333,nan
entropy_fusion,43,4,channel_dropout,0.3,0.3333333333333333,nan
entropy_fusion,43,4,graph_perturbation,0.1,0.5238095238095238,nan
entropy_fusion,43,4,graph_perturbation,0.2,0.5396825396825397,nan
entropy_fusion,43,4,graph_perturbation,0.3,0.5317460317460317,nan
entropy_fusion,44,0,clean,clean,0.4573643410852713,nan
entropy_fusion,44,0,amplitude_noise,20,0.3565891472868217,nan
entropy_fusion,44,0,amplitude_noise,10,0.31782945736434104,nan
entropy_fusion,44,0,amplitude_noise,5,0.37209302325581395,nan
entropy_fusion,44,0,channel_dropout,0.1,0.3333333333333333,nan
entropy_fusion,44,0,channel_dropout,0.2,0.3333333333333333,nan
entropy_fusion,44,0,channel_dropout,0.3,0.3333333333333333,nan
entropy_fusion,44,0,graph_perturbation,0.1,0.4806201550387597,nan
entropy_fusion,44,0,graph_perturbation,0.2,0.46511627906976744,nan
entropy_fusion,44,0,graph_perturbation,0.3,0.4728682170542636,nan
entropy_fusion,44,1,clean,clean,0.5793650793650794,nan
entropy_fusion,44,1,amplitude_noise,20,0.4365079365079365,nan
entropy_fusion,44,1,amplitude_noise,10,0.3412698412698412,nan
entropy_fusion,44,1,amplitude_noise,5,0.30952380952380953,nan
entropy_fusion,44,1,channel_dropout,0.1,0.48412698412698413,nan
entropy_fusion,44,1,channel_dropout,0.2,0.3412698412698412,nan
entropy_fusion,44,1,channel_dropout,0.3,0.3333333333333333,nan
entropy_fusion,44,1,graph_perturbation,0.1,0.5476190476190477,nan
entropy_fusion,44,1,graph_perturbation,0.2,0.5555555555555556,nan
entropy_fusion,44,1,graph_perturbation,0.3,0.5555555555555555,nan
entropy_fusion,44,2,clean,clean,0.5396825396825397,nan
entropy_fusion,44,2,amplitude_noise,20,0.3968253968253968,nan
entropy_fusion,44,2,amplitude_noise,10,0.31746031746031744,nan
entropy_fusion,44,2,amplitude_noise,5,0.3253968253968254,nan
entropy_fusion,44,2,channel_dropout,0.1,0.3333333333333333,nan
entropy_fusion,44,2,channel_dropout,0.2,0.3333333333333333,nan
entropy_fusion,44,2,channel_dropout,0.3,0.34920634920634924,nan
entropy_fusion,44,2,graph_perturbation,0.1,0.5555555555555556,nan
entropy_fusion,44,2,graph_perturbation,0.2,0.5555555555555556,nan
entropy_fusion,44,2,graph_perturbation,0.3,0.5476190476190477,nan
entropy_fusion,44,3,clean,clean,0.4761904761904762,nan
entropy_fusion,44,3,amplitude_noise,20,0.4523809523809524,nan
entropy_fusion,44,3,amplitude_noise,10,0.41269841269841273,nan
entropy_fusion,44,3,amplitude_noise,5,0.4444444444444444,nan
entropy_fusion,44,3,channel_dropout,0.1,0.3333333333333333,nan
entropy_fusion,44,3,channel_dropout,0.2,0.3333333333333333,nan
entropy_fusion,44,3,channel_dropout,0.3,0.3333333333333333,nan
entropy_fusion,44,3,graph_perturbation,0.1,0.5158730158730158,nan
entropy_fusion,44,3,graph_perturbation,0.2,0.5158730158730159,nan
entropy_fusion,44,3,graph_perturbation,0.3,0.5,nan
entropy_fusion,44,4,clean,clean,0.5158730158730158,nan
entropy_fusion,44,4,amplitude_noise,20,0.5238095238095238,nan
entropy_fusion,44,4,amplitude_noise,10,0.42063492063492064,nan
entropy_fusion,44,4,amplitude_noise,5,0.42063492063492064,nan
entropy_fusion,44,4,channel_dropout,0.1,0.3333333333333333,nan
entropy_fusion,44,4,channel_dropout,0.2,0.3333333333333333,nan
entropy_fusion,44,4,channel_dropout,0.3,0.3333333333333333,nan
entropy_fusion,44,4,graph_perturbation,0.1,0.507936507936508,nan
entropy_fusion,44,4,graph_perturbation,0.2,0.5158730158730159,nan
entropy_fusion,44,4,graph_perturbation,0.3,0.5158730158730159,nan
entropy_fusion,45,0,clean,clean,0.5038759689922481,nan
entropy_fusion,45,0,amplitude_noise,20,0.3643410852713178,nan
entropy_fusion,45,0,amplitude_noise,10,0.3643410852713178,nan
entropy_fusion,45,0,amplitude_noise,5,0.37209302325581395,nan
entropy_fusion,45,0,channel_dropout,0.1,0.3875968992248062,nan
entropy_fusion,45,0,channel_dropout,0.2,0.34108527131782945,nan
entropy_fusion,45,0,channel_dropout,0.3,0.3333333333333333,nan
entropy_fusion,45,0,graph_perturbation,0.1,0.4883720930232558,nan
entropy_fusion,45,0,graph_perturbation,0.2,0.48837209302325585,nan
entropy_fusion,45,0,graph_perturbation,0.3,0.48837209302325585,nan
entropy_fusion,45,1,clean,clean,0.5476190476190476,nan
entropy_fusion,45,1,amplitude_noise,20,0.4444444444444444,nan
entropy_fusion,45,1,amplitude_noise,10,0.2619047619047619,nan
entropy_fusion,45,1,amplitude_noise,5,0.38095238095238093,nan
entropy_fusion,45,1,channel_dropout,0.1,0.3333333333333333,nan
entropy_fusion,45,1,channel_dropout,0.2,0.3333333333333333,nan
entropy_fusion,45,1,channel_dropout,0.3,0.3333333333333333,nan
entropy_fusion,45,1,graph_perturbation,0.1,0.5396825396825397,nan
entropy_fusion,45,1,graph_perturbation,0.2,0.5396825396825397,nan
entropy_fusion,45,1,graph_perturbation,0.3,0.5396825396825397,nan
entropy_fusion,45,2,clean,clean,0.4761904761904761,nan
entropy_fusion,45,2,amplitude_noise,20,0.3888888888888889,nan
entropy_fusion,45,2,amplitude_noise,10,0.38095238095238093,nan
entropy_fusion,45,2,amplitude_noise,5,0.32539682539682535,nan
entropy_fusion,45,2,channel_dropout,0.1,0.3333333333333333,nan
entropy_fusion,45,2,channel_dropout,0.2,0.3333333333333333,nan
entropy_fusion,45,2,channel_dropout,0.3,0.3333333333333333,nan
entropy_fusion,45,2,graph_perturbation,0.1,0.4444444444444445,nan
entropy_fusion,45,2,graph_perturbation,0.2,0.4523809523809524,nan
entropy_fusion,45,2,graph_perturbation,0.3,0.48412698412698413,nan
entropy_fusion,45,3,clean,clean,0.5238095238095238,nan
entropy_fusion,45,3,amplitude_noise,20,0.41269841269841273,nan
entropy_fusion,45,3,amplitude_noise,10,0.4523809523809524,nan
entropy_fusion,45,3,amplitude_noise,5,0.3253968253968254,nan
entropy_fusion,45,3,channel_dropout,0.1,0.3333333333333333,nan
entropy_fusion,45,3,channel_dropout,0.2,0.38888888888888884,nan
entropy_fusion,45,3,channel_dropout,0.3,0.3333333333333333,nan
entropy_fusion,45,3,graph_perturbation,0.1,0.5238095238095238,nan
entropy_fusion,45,3,graph_perturbation,0.2,0.5396825396825397,nan
entropy_fusion,45,3,graph_perturbation,0.3,0.5238095238095238,nan
entropy_fusion,45,4,clean,clean,0.5079365079365079,nan
entropy_fusion,45,4,amplitude_noise,20,0.34920634920634924,nan
entropy_fusion,45,4,amplitude_noise,10,0.3650793650793651,nan
entropy_fusion,45,4,amplitude_noise,5,0.34920634920634924,nan
entropy_fusion,45,4,channel_dropout,0.1,0.3333333333333333,nan
entropy_fusion,45,4,channel_dropout,0.2,0.3333333333333333,nan
entropy_fusion,45,4,channel_dropout,0.3,0.3333333333333333,nan
entropy_fusion,45,4,graph_perturbation,0.1,0.5317460317460317,nan
entropy_fusion,45,4,graph_perturbation,0.2,0.5317460317460317,nan
entropy_fusion,45,4,graph_perturbation,0.3,0.5317460317460317,nan
entropy_fusion,46,0,clean,clean,0.5813953488372093,nan
entropy_fusion,46,0,amplitude_noise,20,0.5038759689922481,nan
entropy_fusion,46,0,amplitude_noise,10,0.4031007751937985,nan
entropy_fusion,46,0,amplitude_noise,5,0.3255813953488372,nan
entropy_fusion,46,0,channel_dropout,0.1,0.3333333333333333,nan
entropy_fusion,46,0,channel_dropout,0.2,0.3643410852713178,nan
entropy_fusion,46,0,channel_dropout,0.3,0.3333333333333333,nan
entropy_fusion,46,0,graph_perturbation,0.1,0.5658914728682171,nan
entropy_fusion,46,0,graph_perturbation,0.2,0.5736434108527132,nan
entropy_fusion,46,0,graph_perturbation,0.3,0.5736434108527132,nan
entropy_fusion,46,1,clean,clean,0.48412698412698413,nan
entropy_fusion,46,1,amplitude_noise,20,0.4761904761904761,nan
entropy_fusion,46,1,amplitude_noise,10,0.42857142857142855,nan
entropy_fusion,46,1,amplitude_noise,5,0.34920634920634924,nan
entropy_fusion,46,1,channel_dropout,0.1,0.3333333333333333,nan
entropy_fusion,46,1,channel_dropout,0.2,0.38888888888888884,nan
entropy_fusion,46,1,channel_dropout,0.3,0.3968253968253968,nan
entropy_fusion,46,1,graph_perturbation,0.1,0.484126984126984,nan
entropy_fusion,46,1,graph_perturbation,0.2,0.484126984126984,nan
entropy_fusion,46,1,graph_perturbation,0.3,0.4682539682539682,nan
entropy_fusion,46,2,clean,clean,0.4841269841269842,nan
entropy_fusion,46,2,amplitude_noise,20,0.4603174603174603,nan
entropy_fusion,46,2,amplitude_noise,10,0.3650793650793651,nan
entropy_fusion,46,2,amplitude_noise,5,0.35714285714285715,nan
entropy_fusion,46,2,channel_dropout,0.1,0.3333333333333333,nan
entropy_fusion,46,2,channel_dropout,0.2,0.3333333333333333,nan
entropy_fusion,46,2,channel_dropout,0.3,0.3333333333333333,nan
entropy_fusion,46,2,graph_perturbation,0.1,0.48412698412698413,nan
entropy_fusion,46,2,graph_perturbation,0.2,0.4682539682539683,nan
entropy_fusion,46,2,graph_perturbation,0.3,0.4603174603174603,nan
entropy_fusion,46,3,clean,clean,0.5238095238095238,nan
entropy_fusion,46,3,amplitude_noise,20,0.4920634920634921,nan
entropy_fusion,46,3,amplitude_noise,10,0.4047619047619048,nan
entropy_fusion,46,3,amplitude_noise,5,0.34920634920634924,nan
entropy_fusion,46,3,channel_dropout,0.1,0.35714285714285715,nan
entropy_fusion,46,3,channel_dropout,0.2,0.4523809523809524,nan
entropy_fusion,46,3,channel_dropout,0.3,0.3333333333333333,nan
entropy_fusion,46,3,graph_perturbation,0.1,0.5079365079365079,nan
entropy_fusion,46,3,graph_perturbation,0.2,0.5158730158730159,nan
entropy_fusion,46,3,graph_perturbation,0.3,0.507936507936508,nan
entropy_fusion,46,4,clean,clean,0.45238095238095233,nan
entropy_fusion,46,4,amplitude_noise,20,0.3968253968253968,nan
entropy_fusion,46,4,amplitude_noise,10,0.4523809523809524,nan
entropy_fusion,46,4,amplitude_noise,5,0.41269841269841273,nan
entropy_fusion,46,4,channel_dropout,0.1,0.3333333333333333,nan
entropy_fusion,46,4,channel_dropout,0.2,0.3333333333333333,nan
entropy_fusion,46,4,channel_dropout,0.3,0.3333333333333333,nan
entropy_fusion,46,4,graph_perturbation,0.1,0.4603174603174603,nan
entropy_fusion,46,4,graph_perturbation,0.2,0.45238095238095233,nan
entropy_fusion,46,4,graph_perturbation,0.3,0.46031746031746024,nan
signal_quality,-1,-1,overall,all,0.4295734597156398,0.42829980369993303
signal_quality,-1,-1,amplitude_noise,all,0.42675092153765143,0.42456057097877503
signal_quality,-1,-1,channel_dropout,all,0.416535018430753,0.41755330948465147
signal_quality,-1,-1,clean,all,0.5011058451816746,0.4979529340588491
signal_quality,-1,-1,graph_perturbation,all,0.4215903106898368,0.40724233383377445
